run_id,timestamp,profile,phase,auth,group,latency_ms,ok,negotiated,peer_sig,verify_code,bytes_read,bytes_written,client_retrans,providers
loopback-w1,2026-09-24T22:38:54+05:45,loopback,warmup,ecdsa,X25519,14.249,1,X25519,ecdsa_secp256r1_sha256,0,1306,290,0,-provider_default
loopback-w2,2026-09-24T22:38:54+05:45,loopback,warmup,ecdsa,X25519,11.585,1,X25519,ecdsa_secp256r1_sha256,0,1306,290,0,-provider_default
loopback-w3,2026-09-24T22:38:54+05:45,loopback,warmup,ecdsa,X25519,11.284,1,X25519,ecdsa_secp256r1_sha256,0,1307,290,0,-provider_default
loopback-w4,2026-09-24T22:38:54+05:45,loopback,warmup,ecdsa,X25519,10.385,1,X25519,ecdsa_secp256r1_sha256,0,1306,290,0,-provider_default
loopback-w5,2026-09-24T22:38:54+05:45,loopback,warmup,ecdsa,X25519,13.311,1,X25519,ecdsa_secp256r1_sha256,0,1305,290,0,-provider_default
loopback-w6,2026-09-24T22:38:54+05:45,loopback,warmup,ecdsa,X25519,10.597,1,X25519,ecdsa_secp256r1_sha256,0,1306,290,0,-provider_default
loopback-w7,2026-09-24T22:38:54+05:45,loopback,warmup,ecdsa,X25519,10.783,1,X25519,ecdsa_secp256r1_sha256,0,1306,290,0,-provider_default
loopback-w8,2026-09-24T22:38:54+05:45,loopback,warmup,ecdsa,X25519,10.127,1,X25519,ecdsa_secp256r1_sha256,0,1306,290,0,-provider_default
loopback-w9,2026-09-24T22:38:54+05:45,loopback,warmup,ecdsa,X25519,10.187,1,X25519,ecdsa_secp256r1_sha256,0,1306,290,0,-provider_default
loopback-w10,2026-09-24T22:38:54+05:45,loopback,warmup,ecdsa,X25519,10.877,1,X25519,ecdsa_secp256r1_sha256,0,1306,290,0,-provider_default
loopback-w11,2026-09-24T22:38:54+05:45,loopback,warmup,ecdsa,P-256,10.134,1,prime256v1,ecdsa_secp256r1_sha256,0,1340,323,0,-provider_default
loopback-w12,2026-09-24T22:38:54+05:45,loopback,warmup,ecdsa,P-256,11.018,1,prime256v1,ecdsa_secp256r1_sha256,0,1340,323,0,-provider_default
loopback-w13,2026-09-24T22:38:54+05:45,loopback,warmup,ecdsa,P-256,10.746,1,prime256v1,ecdsa_secp256r1_sha256,0,1339,323,0,-provider_default
loopback-w14,2026-09-24T22:38:54+05:45,loopback,warmup,ecdsa,P-256,13.072,1,prime256v1,ecdsa_secp256r1_sha256,0,1338,323,0,-provider_default
loopback-w15,2026-09-24T22:38:54+05:45,loopback,warmup,ecdsa,P-256,12.391,1,prime256v1,ecdsa_secp256r1_sha256,0,1340,323,0,-provider_default
loopback-w16,2026-09-24T22:38:54+05:45,loopback,warmup,ecdsa,P-256,11.267,1,prime256v1,ecdsa_secp256r1_sha256,0,1339,323,0,-provider_default
loopback-w17,2026-09-24T22:38:54+05:45,loopback,warmup,ecdsa,P-256,11.951,1,prime256v1,ecdsa_secp256r1_sha256,0,1340,323,0,-provider_default
loopback-w18,2026-09-24T22:38:54+05:45,loopback,warmup,ecdsa,P-256,11.498,1,prime256v1,ecdsa_secp256r1_sha256,0,1338,323,0,-provider_default
loopback-w19,2026-09-24T22:38:54+05:45,loopback,warmup,ecdsa,P-256,11.843,1,prime256v1,ecdsa_secp256r1_sha256,0,1339,323,0,-provider_default
loopback-w20,2026-09-24T22:38:54+05:45,loopback,warmup,ecdsa,P-256,10.089,1,prime256v1,ecdsa_secp256r1_sha256,0,1339,323,0,-provider_default
loopback-w21,2026-09-24T22:38:54+05:45,loopback,warmup,ecdsa,X25519MLKEM768,11.207,1,X25519MLKEM768,ecdsa_secp256r1_sha256,0,2381,1466,0,-provider_default
loopback-w22,2026-09-24T22:38:54+05:45,loopback,warmup,ecdsa,X25519MLKEM768,11.147,1,X25519MLKEM768,ecdsa_secp256r1_sha256,0,2380,1466,0,-provider_default
loopback-w23,2026-09-24T22:38:54+05:45,loopback,warmup,ecdsa,X25519MLKEM768,10.946,1,X25519MLKEM768,ecdsa_secp256r1_sha256,0,2381,1466,0,-provider_default
loopback-w24,2026-09-24T22:38:54+05:45,loopback,warmup,ecdsa,X25519MLKEM768,10.737,1,X25519MLKEM768,ecdsa_secp256r1_sha256,0,2379,1466,0,-provider_default
loopback-w25,2026-09-24T22:38:55+05:45,loopback,warmup,ecdsa,X25519MLKEM768,10.688,1,X25519MLKEM768,ecdsa_secp256r1_sha256,0,2381,1466,0,-provider_default
loopback-w26,2026-09-24T22:38:55+05:45,loopback,warmup,ecdsa,X25519MLKEM768,13.814,1,X25519MLKEM768,ecdsa_secp256r1_sha256,0,2379,1466,0,-provider_default
loopback-w27,2026-09-24T22:38:55+05:45,loopback,warmup,ecdsa,X25519MLKEM768,13.466,1,X25519MLKEM768,ecdsa_secp256r1_sha256,0,2381,1466,0,-provider_default
loopback-w28,2026-09-24T22:38:55+05:45,loopback,warmup,ecdsa,X25519MLKEM768,12.910,1,X25519MLKEM768,ecdsa_secp256r1_sha256,0,2381,1466,0,-provider_default
loopback-w29,2026-09-24T22:38:55+05:45,loopback,warmup,ecdsa,X25519MLKEM768,13.006,1,X25519MLKEM768,ecdsa_secp256r1_sha256,0,2380,1466,0,-provider_default
loopback-w30,2026-09-24T22:38:55+05:45,loopback,warmup,ecdsa,X25519MLKEM768,13.034,1,X25519MLKEM768,ecdsa_secp256r1_sha256,0,2380,1466,0,-provider_default
loopback-w31,2026-09-24T22:38:55+05:45,loopback,warmup,ecdsa,SecP256r1MLKEM768,13.096,1,SecP256r1MLKEM768,ecdsa_secp256r1_sha256,0,2427,1499,0,-provider_default
loopback-w32,2026-09-24T22:38:55+05:45,loopback,warmup,ecdsa,SecP256r1MLKEM768,13.120,1,SecP256r1MLKEM768,ecdsa_secp256r1_sha256,0,2428,1499,0,-provider_default
loopback-w33,2026-09-24T22:38:55+05:45,loopback,warmup,ecdsa,SecP256r1MLKEM768,13.308,1,SecP256r1MLKEM768,ecdsa_secp256r1_sha256,0,2426,1499,0,-provider_default
loopback-w34,2026-09-24T22:38:55+05:45,loopback,warmup,ecdsa,SecP256r1MLKEM768,13.158,1,SecP256r1MLKEM768,ecdsa_secp256r1_sha256,0,2426,1499,0,-provider_default
loopback-w35,2026-09-24T22:38:55+05:45,loopback,warmup,ecdsa,SecP256r1MLKEM768,13.268,1,SecP256r1MLKEM768,ecdsa_secp256r1_sha256,0,2428,1499,0,-provider_default
loopback-w36,2026-09-24T22:38:55+05:45,loopback,warmup,ecdsa,SecP256r1MLKEM768,10.426,1,SecP256r1MLKEM768,ecdsa_secp256r1_sha256,0,2427,1499,0,-provider_default
loopback-w37,2026-09-24T22:38:55+05:45,loopback,warmup,ecdsa,SecP256r1MLKEM768,10.660,1,SecP256r1MLKEM768,ecdsa_secp256r1_sha256,0,2428,1499,0,-provider_default
loopback-w38,2026-09-24T22:38:55+05:45,loopback,warmup,ecdsa,SecP256r1MLKEM768,10.683,1,SecP256r1MLKEM768,ecdsa_secp256r1_sha256,0,2428,1499,0,-provider_default
loopback-w39,2026-09-24T22:38:55+05:45,loopback,warmup,ecdsa,SecP256r1MLKEM768,11.240,1,SecP256r1MLKEM768,ecdsa_secp256r1_sha256,0,2427,1499,0,-provider_default
loopback-w40,2026-09-24T22:38:55+05:45,loopback,warmup,ecdsa,SecP256r1MLKEM768,11.853,1,SecP256r1MLKEM768,ecdsa_secp256r1_sha256,0,2427,1499,0,-provider_default
loopback-w41,2026-09-24T22:38:55+05:45,loopback,warmup,mldsa,X25519,12.156,1,X25519,mldsa65,0,14793,290,0,-provider_default
loopback-w42,2026-09-24T22:38:55+05:45,loopback,warmup,mldsa,X25519,11.234,1,X25519,mldsa65,0,14793,290,0,-provider_default
loopback-w43,2026-09-24T22:38:55+05:45,loopback,warmup,mldsa,X25519,13.514,1,X25519,mldsa65,0,14793,290,0,-provider_default
loopback-w44,2026-09-24T22:38:55+05:45,loopback,warmup,mldsa,X25519,13.051,1,X25519,mldsa65,0,14793,290,0,-provider_default
loopback-w45,2026-09-24T22:38:55+05:45,loopback,warmup,mldsa,X25519,13.111,1,X25519,mldsa65,0,14793,290,0,-provider_default
loopback-w46,2026-09-24T22:38:55+05:45,loopback,warmup,mldsa,X25519,11.557,1,X25519,mldsa65,0,14793,290,0,-provider_default
loopback-w47,2026-09-24T22:38:55+05:45,loopback,warmup,mldsa,X25519,10.738,1,X25519,mldsa65,0,14793,290,0,-provider_default
loopback-w48,2026-09-24T22:38:55+05:45,loopback,warmup,mldsa,X25519,11.960,1,X25519,mldsa65,0,14793,290,0,-provider_default
loopback-w49,2026-09-24T22:38:56+05:45,loopback,warmup,mldsa,X25519,13.982,1,X25519,mldsa65,0,14793,290,0,-provider_default
loopback-w50,2026-09-24T22:38:56+05:45,loopback,warmup,mldsa,X25519,11.805,1,X25519,mldsa65,0,14793,290,0,-provider_default
loopback-w51,2026-09-24T22:38:56+05:45,loopback,warmup,mldsa,P-256,12.498,1,prime256v1,mldsa65,0,14826,323,0,-provider_default
loopback-w52,2026-09-24T22:38:56+05:45,loopback,warmup,mldsa,P-256,10.969,1,prime256v1,mldsa65,0,14826,323,0,-provider_default
loopback-w53,2026-09-24T22:38:56+05:45,loopback,warmup,mldsa,P-256,12.132,1,prime256v1,mldsa65,0,14826,323,0,-provider_default
loopback-w54,2026-09-24T22:38:56+05:45,loopback,warmup,mldsa,P-256,12.908,1,prime256v1,mldsa65,0,14826,323,0,-provider_default
loopback-w55,2026-09-24T22:38:56+05:45,loopback,warmup,mldsa,P-256,13.187,1,prime256v1,mldsa65,0,14826,323,0,-provider_default
loopback-w56,2026-09-24T22:38:56+05:45,loopback,warmup,mldsa,P-256,13.049,1,prime256v1,mldsa65,0,14826,323,0,-provider_default
loopback-w57,2026-09-24T22:38:56+05:45,loopback,warmup,mldsa,P-256,14.198,1,prime256v1,mldsa65,0,14826,323,0,-provider_default
loopback-w58,2026-09-24T22:38:56+05:45,loopback,warmup,mldsa,P-256,14.539,1,prime256v1,mldsa65,0,14826,323,0,-provider_default
loopback-w59,2026-09-24T22:38:56+05:45,loopback,warmup,mldsa,P-256,11.420,1,prime256v1,mldsa65,0,14826,323,0,-provider_default
loopback-w60,2026-09-24T22:38:56+05:45,loopback,warmup,mldsa,P-256,12.387,1,prime256v1,mldsa65,0,14826,323,0,-provider_default
loopback-w61,2026-09-24T22:38:56+05:45,loopback,warmup,mldsa,X25519MLKEM768,13.428,1,X25519MLKEM768,mldsa65,0,15867,1466,0,-provider_default
loopback-w62,2026-09-24T22:38:56+05:45,loopback,warmup,mldsa,X25519MLKEM768,11.058,1,X25519MLKEM768,mldsa65,0,15867,1466,0,-provider_default
loopback-w63,2026-09-24T22:38:56+05:45,loopback,warmup,mldsa,X25519MLKEM768,13.860,1,X25519MLKEM768,mldsa65,0,15867,1466,0,-provider_default
loopback-w64,2026-09-24T22:38:56+05:45,loopback,warmup,mldsa,X25519MLKEM768,15.002,1,X25519MLKEM768,mldsa65,0,15867,1466,0,-provider_default
loopback-w65,2026-09-24T22:38:56+05:45,loopback,warmup,mldsa,X25519MLKEM768,16.863,1,X25519MLKEM768,mldsa65,0,15867,1466,0,-provider_default
loopback-w66,2026-09-24T22:38:56+05:45,loopback,warmup,mldsa,X25519MLKEM768,15.507,1,X25519MLKEM768,mldsa65,0,15867,1466,0,-provider_default
loopback-w67,2026-09-24T22:38:56+05:45,loopback,warmup,mldsa,X25519MLKEM768,10.802,1,X25519MLKEM768,mldsa65,0,15867,1466,0,-provider_default
loopback-w68,2026-09-24T22:38:56+05:45,loopback,warmup,mldsa,X25519MLKEM768,12.388,1,X25519MLKEM768,mldsa65,0,15867,1466,0,-provider_default
loopback-w69,2026-09-24T22:38:56+05:45,loopback,warmup,mldsa,X25519MLKEM768,13.832,1,X25519MLKEM768,mldsa65,0,15867,1466,0,-provider_default
loopback-w70,2026-09-24T22:38:56+05:45,loopback,warmup,mldsa,X25519MLKEM768,11.119,1,X25519MLKEM768,mldsa65,0,15867,1466,0,-provider_default
loopback-w71,2026-09-24T22:38:56+05:45,loopback,warmup,mldsa,SecP256r1MLKEM768,11.580,1,SecP256r1MLKEM768,mldsa65,0,15914,1499,0,-provider_default
loopback-w72,2026-09-24T22:38:56+05:45,loopback,warmup,mldsa,SecP256r1MLKEM768,11.823,1,SecP256r1MLKEM768,mldsa65,0,15914,1499,0,-provider_default
loopback-w73,2026-09-24T22:38:57+05:45,loopback,warmup,mldsa,SecP256r1MLKEM768,11.823,1,SecP256r1MLKEM768,mldsa65,0,15914,1499,0,-provider_default
loopback-w74,2026-09-24T22:38:57+05:45,loopback,warmup,mldsa,SecP256r1MLKEM768,12.326,1,SecP256r1MLKEM768,mldsa65,0,15914,1499,0,-provider_default
loopback-w75,2026-09-24T22:38:57+05:45,loopback,warmup,mldsa,SecP256r1MLKEM768,12.577,1,SecP256r1MLKEM768,mldsa65,0,15914,1499,0,-provider_default
loopback-w76,2026-09-24T22:38:57+05:45,loopback,warmup,mldsa,SecP256r1MLKEM768,12.511,1,SecP256r1MLKEM768,mldsa65,0,15914,1499,0,-provider_default
loopback-w77,2026-09-24T22:38:57+05:45,loopback,warmup,mldsa,SecP256r1MLKEM768,12.935,1,SecP256r1MLKEM768,mldsa65,0,15914,1499,0,-provider_default
loopback-w78,2026-09-24T22:38:57+05:45,loopback,warmup,mldsa,SecP256r1MLKEM768,16.314,1,SecP256r1MLKEM768,mldsa65,0,15914,1499,0,-provider_default
loopback-w79,2026-09-24T22:38:57+05:45,loopback,warmup,mldsa,SecP256r1MLKEM768,14.422,1,SecP256r1MLKEM768,mldsa65,0,15914,1499,0,-provider_default
loopback-w80,2026-09-24T22:38:57+05:45,loopback,warmup,mldsa,SecP256r1MLKEM768,12.983,1,SecP256r1MLKEM768,mldsa65,0,15914,1499,0,-provider_default
loopback-1,2026-09-24T22:38:57+05:45,loopback,measure,mldsa,X25519MLKEM768,11.446,1,X25519MLKEM768,mldsa65,0,15867,1466,0,-provider_default
loopback-2,2026-09-24T22:38:57+05:45,loopback,measure,mldsa,P-256,15.096,1,prime256v1,mldsa65,0,14826,323,0,-provider_default
loopback-3,2026-09-24T22:38:57+05:45,loopback,measure,mldsa,P-256,13.457,1,prime256v1,mldsa65,0,14826,323,0,-provider_default
loopback-4,2026-09-24T22:38:57+05:45,loopback,measure,mldsa,SecP256r1MLKEM768,13.859,1,SecP256r1MLKEM768,mldsa65,0,15914,1499,0,-provider_default
loopback-5,2026-09-24T22:38:57+05:45,loopback,measure,ecdsa,X25519MLKEM768,12.620,1,X25519MLKEM768,ecdsa_secp256r1_sha256,0,2380,1466,0,-provider_default
loopback-6,2026-09-24T22:38:57+05:45,loopback,measure,ecdsa,X25519MLKEM768,12.473,1,X25519MLKEM768,ecdsa_secp256r1_sha256,0,2380,1466,0,-provider_default
loopback-7,2026-09-24T22:38:57+05:45,loopback,measure,ecdsa,SecP256r1MLKEM768,13.442,1,SecP256r1MLKEM768,ecdsa_secp256r1_sha256,0,2427,1499,0,-provider_default
loopback-8,2026-09-24T22:38:57+05:45,loopback,measure,ecdsa,X25519,12.422,1,X25519,ecdsa_secp256r1_sha256,0,1306,290,0,-provider_default
loopback-9,2026-09-24T22:38:57+05:45,loopback,measure,mldsa,SecP256r1MLKEM768,14.710,1,SecP256r1MLKEM768,mldsa65,0,15914,1499,0,-provider_default
loopback-10,2026-09-24T22:38:57+05:45,loopback,measure,ecdsa,P-256,12.652,1,prime256v1,ecdsa_secp256r1_sha256,0,1339,323,0,-provider_default
loopback-11,2026-09-24T22:38:57+05:45,loopback,measure,ecdsa,X25519,10.936,1,X25519,ecdsa_secp256r1_sha256,0,1307,290,0,-provider_default
loopback-12,2026-09-24T22:38:57+05:45,loopback,measure,ecdsa,X25519MLKEM768,12.384,1,X25519MLKEM768,ecdsa_secp256r1_sha256,0,2380,1466,0,-provider_default
loopback-13,2026-09-24T22:38:57+05:45,loopback,measure,mldsa,SecP256r1MLKEM768,13.521,1,SecP256r1MLKEM768,mldsa65,0,15914,1499,0,-provider_default
loopback-14,2026-09-24T22:38:57+05:45,loopback,measure,ecdsa,X25519MLKEM768,10.568,1,X25519MLKEM768,ecdsa_secp256r1_sha256,0,2380,1466,0,-provider_default
loopback-15,2026-09-24T22:38:58+05:45,loopback,measure,mldsa,SecP256r1MLKEM768,12.898,1,SecP256r1MLKEM768,mldsa65,0,15914,1499,0,-provider_default
loopback-16,2026-09-24T22:38:58+05:45,loopback,measure,mldsa,SecP256r1MLKEM768,14.941,1,SecP256r1MLKEM768,mldsa65,0,15914,1499,0,-provider_default
loopback-17,2026-09-24T22:38:58+05:45,loopback,measure,mldsa,SecP256r1MLKEM768,12.712,1,SecP256r1MLKEM768,mldsa65,0,15914,1499,0,-provider_default
loopback-18,2026-09-24T22:38:58+05:45,loopback,measure,mldsa,P-256,11.681,1,prime256v1,mldsa65,0,14826,323,0,-provider_default
loopback-19,2026-09-24T22:38:58+05:45,loopback,measure,ecdsa,P-256,13.009,1,prime256v1,ecdsa_secp256r1_sha256,0,1338,323,0,-provider_default
loopback-20,2026-09-24T22:38:58+05:45,loopback,measure,mldsa,SecP256r1MLKEM768,15.411,1,SecP256r1MLKEM768,mldsa65,0,15914,1499,0,-provider_default
loopback-21,2026-09-24T22:38:58+05:45,loopback,measure,mldsa,P-256,12.889,1,prime256v1,mldsa65,0,14826,323,0,-provider_default
loopback-22,2026-09-24T22:38:58+05:45,loopback,measure,ecdsa,X25519MLKEM768,14.402,1,X25519MLKEM768,ecdsa_secp256r1_sha256,0,2381,1466,0,-provider_default
loopback-23,2026-09-24T22:38:58+05:45,loopback,measure,mldsa,SecP256r1MLKEM768,17.091,1,SecP256r1MLKEM768,mldsa65,0,15914,1499,0,-provider_default
loopback-24,2026-09-24T22:38:58+05:45,loopback,measure,mldsa,X25519,12.497,1,X25519,mldsa65,0,14793,290,0,-provider_default
loopback-25,2026-09-24T22:38:58+05:45,loopback,measure,ecdsa,SecP256r1MLKEM768,12.002,1,SecP256r1MLKEM768,ecdsa_secp256r1_sha256,0,2427,1499,0,-provider_default
loopback-26,2026-09-24T22:38:58+05:45,loopback,measure,mldsa,P-256,14.811,1,prime256v1,mldsa65,0,14826,323,0,-provider_default
loopback-27,2026-09-24T22:38:58+05:45,loopback,measure,mldsa,SecP256r1MLKEM768,12.960,1,SecP256r1MLKEM768,mldsa65,0,15914,1499,0,-provider_default
loopback-28,2026-09-24T22:38:58+05:45,loopback,measure,ecdsa,SecP256r1MLKEM768,13.638,1,SecP256r1MLKEM768,ecdsa_secp256r1_sha256,0,2427,1499,0,-provider_default
loopback-29,2026-09-24T22:38:58+05:45,loopback,measure,mldsa,SecP256r1MLKEM768,15.054,1,SecP256r1MLKEM768,mldsa65,0,15914,1499,0,-provider_default
loopback-30,2026-09-24T22:38:58+05:45,loopback,measure,mldsa,X25519MLKEM768,15.343,1,X25519MLKEM768,mldsa65,0,15867,1466,0,-provider_default
loopback-31,2026-09-24T22:38:58+05:45,loopback,measure,ecdsa,X25519MLKEM768,14.433,1,X25519MLKEM768,ecdsa_secp256r1_sha256,0,2379,1466,0,-provider_default
loopback-32,2026-09-24T22:38:58+05:45,loopback,measure,ecdsa,X25519,11.937,1,X25519,ecdsa_secp256r1_sha256,0,1305,290,0,-provider_default
loopback-33,2026-09-24T22:38:58+05:45,loopback,measure,ecdsa,X25519,11.326,1,X25519,ecdsa_secp256r1_sha256,0,1307,290,0,-provider_default
loopback-34,2026-09-24T22:38:58+05:45,loopback,measure,mldsa,X25519,12.547,1,X25519,mldsa65,0,14793,290,0,-provider_default
loopback-35,2026-09-24T22:38:58+05:45,loopback,measure,mldsa,X25519,12.167,1,X25519,mldsa65,0,14793,290,0,-provider_default
loopback-36,2026-09-24T22:38:58+05:45,loopback,measure,mldsa,P-256,15.049,1,prime256v1,mldsa65,0,14826,323,0,-provider_default
loopback-37,2026-09-24T22:38:59+05:45,loopback,measure,ecdsa,X25519MLKEM768,12.788,1,X25519MLKEM768,ecdsa_secp256r1_sha256,0,2379,1466,0,-provider_default
loopback-38,2026-09-24T22:38:59+05:45,loopback,measure,ecdsa,X25519,16.963,1,X25519,ecdsa_secp256r1_sha256,0,1306,290,0,-provider_default
loopback-39,2026-09-24T22:38:59+05:45,loopback,measure,mldsa,P-256,13.697,1,prime256v1,mldsa65,0,14826,323,0,-provider_default
loopback-40,2026-09-24T22:38:59+05:45,loopback,measure,mldsa,X25519,12.262,1,X25519,mldsa65,0,14793,290,0,-provider_default
loopback-41,2026-09-24T22:38:59+05:45,loopback,measure,ecdsa,X25519MLKEM768,12.987,1,X25519MLKEM768,ecdsa_secp256r1_sha256,0,2379,1466,0,-provider_default
loopback-42,2026-09-24T22:38:59+05:45,loopback,measure,ecdsa,X25519MLKEM768,12.704,1,X25519MLKEM768,ecdsa_secp256r1_sha256,0,2381,1466,0,-provider_default
loopback-43,2026-09-24T22:38:59+05:45,loopback,measure,ecdsa,X25519MLKEM768,12.899,1,X25519MLKEM768,ecdsa_secp256r1_sha256,0,2380,1466,0,-provider_default
loopback-44,2026-09-24T22:38:59+05:45,loopback,measure,ecdsa,X25519MLKEM768,12.674,1,X25519MLKEM768,ecdsa_secp256r1_sha256,0,2380,1466,0,-provider_default
loopback-45,2026-09-24T22:38:59+05:45,loopback,measure,mldsa,X25519,13.468,1,X25519,mldsa65,0,14793,290,0,-provider_default
loopback-46,2026-09-24T22:38:59+05:45,loopback,measure,ecdsa,SecP256r1MLKEM768,14.996,1,SecP256r1MLKEM768,ecdsa_secp256r1_sha256,0,2427,1499,0,-provider_default
loopback-47,2026-09-24T22:38:59+05:45,loopback,measure,ecdsa,P-256,14.583,1,prime256v1,ecdsa_secp256r1_sha256,0,1339,323,0,-provider_default
loopback-48,2026-09-24T22:38:59+05:45,loopback,measure,ecdsa,SecP256r1MLKEM768,12.473,1,SecP256r1MLKEM768,ecdsa_secp256r1_sha256,0,2426,1499,0,-provider_default
loopback-49,2026-09-24T22:38:59+05:45,loopback,measure,mldsa,X25519,11.828,1,X25519,mldsa65,0,14793,290,0,-provider_default
loopback-50,2026-09-24T22:38:59+05:45,loopback,measure,ecdsa,P-256,10.971,1,prime256v1,ecdsa_secp256r1_sha256,0,1340,323,0,-provider_default
loopback-51,2026-09-24T22:38:59+05:45,loopback,measure,ecdsa,X25519,13.233,1,X25519,ecdsa_secp256r1_sha256,0,1307,290,0,-provider_default
loopback-52,2026-09-24T22:38:59+05:45,loopback,measure,ecdsa,P-256,12.706,1,prime256v1,ecdsa_secp256r1_sha256,0,1340,323,0,-provider_default
loopback-53,2026-09-24T22:38:59+05:45,loopback,measure,mldsa,P-256,15.254,1,prime256v1,mldsa65,0,14826,323,0,-provider_default
loopback-54,2026-09-24T22:38:59+05:45,loopback,measure,mldsa,SecP256r1MLKEM768,14.307,1,SecP256r1MLKEM768,mldsa65,0,15914,1499,0,-provider_default
loopback-55,2026-09-24T22:38:59+05:45,loopback,measure,mldsa,X25519MLKEM768,17.516,1,X25519MLKEM768,mldsa65,0,15867,1466,0,-provider_default
loopback-56,2026-09-24T22:38:59+05:45,loopback,measure,ecdsa,SecP256r1MLKEM768,11.526,1,SecP256r1MLKEM768,ecdsa_secp256r1_sha256,0,2427,1499,0,-provider_default
loopback-57,2026-09-24T22:38:59+05:45,loopback,measure,mldsa,SecP256r1MLKEM768,14.277,1,SecP256r1MLKEM768,mldsa65,0,15914,1499,0,-provider_default
loopback-58,2026-09-24T22:38:59+05:45,loopback,measure,ecdsa,X25519,10.781,1,X25519,ecdsa_secp256r1_sha256,0,1307,290,0,-provider_default
loopback-59,2026-09-24T22:38:59+05:45,loopback,measure,mldsa,X25519,12.275,1,X25519,mldsa65,0,14793,290,0,-provider_default
loopback-60,2026-09-24T22:39:00+05:45,loopback,measure,mldsa,X25519MLKEM768,14.002,1,X25519MLKEM768,mldsa65,0,15867,1466,0,-provider_default
loopback-61,2026-09-24T22:39:00+05:45,loopback,measure,mldsa,X25519,11.101,1,X25519,mldsa65,0,14793,290,0,-provider_default
loopback-62,2026-09-24T22:39:00+05:45,loopback,measure,ecdsa,X25519MLKEM768,18.430,1,X25519MLKEM768,ecdsa_secp256r1_sha256,0,2379,1466,0,-provider_default
loopback-63,2026-09-24T22:39:00+05:45,loopback,measure,ecdsa,P-256,12.767,1,prime256v1,ecdsa_secp256r1_sha256,0,1338,323,0,-provider_default
loopback-64,2026-09-24T22:39:00+05:45,loopback,measure,ecdsa,X25519MLKEM768,16.679,1,X25519MLKEM768,ecdsa_secp256r1_sha256,0,2381,1466,0,-provider_default
loopback-65,2026-09-24T22:39:00+05:45,loopback,measure,mldsa,P-256,15.461,1,prime256v1,mldsa65,0,14826,323,0,-provider_default
loopback-66,2026-09-24T22:39:00+05:45,loopback,measure,mldsa,SecP256r1MLKEM768,12.460,1,SecP256r1MLKEM768,mldsa65,0,15914,1499,0,-provider_default
loopback-67,2026-09-24T22:39:00+05:45,loopback,measure,mldsa,X25519MLKEM768,16.370,1,X25519MLKEM768,mldsa65,0,15867,1466,0,-provider_default
loopback-68,2026-09-24T22:39:00+05:45,loopback,measure,mldsa,SecP256r1MLKEM768,16.381,1,SecP256r1MLKEM768,mldsa65,0,15914,1499,0,-provider_default
loopback-69,2026-09-24T22:39:00+05:45,loopback,measure,mldsa,P-256,12.394,1,prime256v1,mldsa65,0,14826,323,0,-provider_default
loopback-70,2026-09-24T22:39:00+05:45,loopback,measure,ecdsa,P-256,12.403,1,prime256v1,ecdsa_secp256r1_sha256,0,1338,323,0,-provider_default
loopback-71,2026-09-24T22:39:00+05:45,loopback,measure,ecdsa,X25519,11.553,1,X25519,ecdsa_secp256r1_sha256,0,1305,290,0,-provider_default
loopback-72,2026-09-24T22:39:00+05:45,loopback,measure,mldsa,X25519MLKEM768,13.624,1,X25519MLKEM768,mldsa65,0,15867,1466,0,-provider_default
loopback-73,2026-09-24T22:39:00+05:45,loopback,measure,ecdsa,SecP256r1MLKEM768,12.081,1,SecP256r1MLKEM768,ecdsa_secp256r1_sha256,0,2426,1499,0,-provider_default
loopback-74,2026-09-24T22:39:00+05:45,loopback,measure,mldsa,P-256,13.436,1,prime256v1,mldsa65,0,14826,323,0,-provider_default
loopback-75,2026-09-24T22:39:00+05:45,loopback,measure,ecdsa,SecP256r1MLKEM768,14.821,1,SecP256r1MLKEM768,ecdsa_secp256r1_sha256,0,2428,1499,0,-provider_default
loopback-76,2026-09-24T22:39:00+05:45,loopback,measure,mldsa,X25519MLKEM768,12.917,1,X25519MLKEM768,mldsa65,0,15867,1466,0,-provider_default
loopback-77,2026-09-24T22:39:00+05:45,loopback,measure,ecdsa,SecP256r1MLKEM768,11.930,1,SecP256r1MLKEM768,ecdsa_secp256r1_sha256,0,2427,1499,0,-provider_default
loopback-78,2026-09-24T22:39:00+05:45,loopback,measure,ecdsa,SecP256r1MLKEM768,11.939,1,SecP256r1MLKEM768,ecdsa_secp256r1_sha256,0,2428,1499,0,-provider_default
loopback-79,2026-09-24T22:39:00+05:45,loopback,measure,mldsa,SecP256r1MLKEM768,13.744,1,SecP256r1MLKEM768,mldsa65,0,15914,1499,0,-provider_default
loopback-80,2026-09-24T22:39:00+05:45,loopback,measure,mldsa,X25519,12.113,1,X25519,mldsa65,0,14793,290,0,-provider_default
loopback-81,2026-09-24T22:39:01+05:45,loopback,measure,ecdsa,X25519,10.494,1,X25519,ecdsa_secp256r1_sha256,0,1306,290,0,-provider_default
loopback-82,2026-09-24T22:39:01+05:45,loopback,measure,mldsa,P-256,14.831,1,prime256v1,mldsa65,0,14826,323,0,-provider_default
loopback-83,2026-09-24T22:39:01+05:45,loopback,measure,ecdsa,X25519MLKEM768,13.048,1,X25519MLKEM768,ecdsa_secp256r1_sha256,0,2380,1466,0,-provider_default
loopback-84,2026-09-24T22:39:01+05:45,loopback,measure,mldsa,SecP256r1MLKEM768,14.337,1,SecP256r1MLKEM768,mldsa65,0,15914,1499,0,-provider_default
loopback-85,2026-09-24T22:39:01+05:45,loopback,measure,ecdsa,X25519,12.035,1,X25519,ecdsa_secp256r1_sha256,0,1306,290,0,-provider_default
loopback-86,2026-09-24T22:39:01+05:45,loopback,measure,mldsa,SecP256r1MLKEM768,13.079,1,SecP256r1MLKEM768,mldsa65,0,15914,1499,0,-provider_default
loopback-87,2026-09-24T22:39:01+05:45,loopback,measure,ecdsa,X25519MLKEM768,12.424,1,X25519MLKEM768,ecdsa_secp256r1_sha256,0,2380,1466,0,-provider_default
loopback-88,2026-09-24T22:39:01+05:45,loopback,measure,mldsa,X25519,13.443,1,X25519,mldsa65,0,14793,290,0,-provider_default
loopback-89,2026-09-24T22:39:01+05:45,loopback,measure,mldsa,P-256,13.663,1,prime256v1,mldsa65,0,14826,323,0,-provider_default
loopback-90,2026-09-24T22:39:01+05:45,loopback,measure,ecdsa,P-256,13.277,1,prime256v1,ecdsa_secp256r1_sha256,0,1338,323,0,-provider_default
loopback-91,2026-09-24T22:39:01+05:45,loopback,measure,mldsa,X25519MLKEM768,13.800,1,X25519MLKEM768,mldsa65,0,15867,1466,0,-provider_default
loopback-92,2026-09-24T22:39:01+05:45,loopback,measure,mldsa,X25519MLKEM768,13.999,1,X25519MLKEM768,mldsa65,0,15867,1466,0,-provider_default
loopback-93,2026-09-24T22:39:01+05:45,loopback,measure,ecdsa,SecP256r1MLKEM768,13.578,1,SecP256r1MLKEM768,ecdsa_secp256r1_sha256,0,2427,1499,0,-provider_default
loopback-94,2026-09-24T22:39:01+05:45,loopback,measure,mldsa,X25519MLKEM768,13.956,1,X25519MLKEM768,mldsa65,0,15867,1466,0,-provider_default
loopback-95,2026-09-24T22:39:01+05:45,loopback,measure,mldsa,SecP256r1MLKEM768,15.732,1,SecP256r1MLKEM768,mldsa65,0,15914,1499,0,-provider_default
loopback-96,2026-09-24T22:39:01+05:45,loopback,measure,ecdsa,X25519,13.283,1,X25519,ecdsa_secp256r1_sha256,0,1306,290,0,-provider_default
loopback-97,2026-09-24T22:39:01+05:45,loopback,measure,ecdsa,SecP256r1MLKEM768,13.556,1,SecP256r1MLKEM768,ecdsa_secp256r1_sha256,0,2427,1499,0,-provider_default
loopback-98,2026-09-24T22:39:01+05:45,loopback,measure,ecdsa,P-256,13.705,1,prime256v1,ecdsa_secp256r1_sha256,0,1340,323,0,-provider_default
loopback-99,2026-09-24T22:39:01+05:45,loopback,measure,ecdsa,P-256,13.211,1,prime256v1,ecdsa_secp256r1_sha256,0,1339,323,0,-provider_default
loopback-100,2026-09-24T22:39:01+05:45,loopback,measure,mldsa,P-256,14.423,1,prime256v1,mldsa65,0,14826,323,0,-provider_default
loopback-101,2026-09-24T22:39:01+05:45,loopback,measure,mldsa,P-256,13.815,1,prime256v1,mldsa65,0,14826,323,0,-provider_default
loopback-102,2026-09-24T22:39:01+05:45,loopback,measure,mldsa,P-256,14.605,1,prime256v1,mldsa65,0,14826,323,0,-provider_default
loopback-103,2026-09-24T22:39:02+05:45,loopback,measure,ecdsa,X25519,11.958,1,X25519,ecdsa_secp256r1_sha256,0,1307,290,0,-provider_default
loopback-104,2026-09-24T22:39:02+05:45,loopback,measure,mldsa,X25519MLKEM768,12.314,1,X25519MLKEM768,mldsa65,0,15867,1466,0,-provider_default
loopback-105,2026-09-24T22:39:02+05:45,loopback,measure,ecdsa,SecP256r1MLKEM768,11.278,1,SecP256r1MLKEM768,ecdsa_secp256r1_sha256,0,2427,1499,0,-provider_default
loopback-106,2026-09-24T22:39:02+05:45,loopback,measure,ecdsa,X25519MLKEM768,13.576,1,X25519MLKEM768,ecdsa_secp256r1_sha256,0,2380,1466,0,-provider_default
loopback-107,2026-09-24T22:39:02+05:45,loopback,measure,ecdsa,P-256,10.909,1,prime256v1,ecdsa_secp256r1_sha256,0,1339,323,0,-provider_default
loopback-108,2026-09-24T22:39:02+05:45,loopback,measure,mldsa,SecP256r1MLKEM768,13.708,1,SecP256r1MLKEM768,mldsa65,0,15914,1499,0,-provider_default
loopback-109,2026-09-24T22:39:02+05:45,loopback,measure,ecdsa,X25519MLKEM768,17.273,1,X25519MLKEM768,ecdsa_secp256r1_sha256,0,2380,1466,0,-provider_default
loopback-110,2026-09-24T22:39:02+05:45,loopback,measure,mldsa,SecP256r1MLKEM768,13.445,1,SecP256r1MLKEM768,mldsa65,0,15914,1499,0,-provider_default
loopback-111,2026-09-24T22:39:02+05:45,loopback,measure,ecdsa,SecP256r1MLKEM768,13.335,1,SecP256r1MLKEM768,ecdsa_secp256r1_sha256,0,2427,1499,0,-provider_default
loopback-112,2026-09-24T22:39:02+05:45,loopback,measure,mldsa,P-256,12.802,1,prime256v1,mldsa65,0,14826,323,0,-provider_default
loopback-113,2026-09-24T22:39:02+05:45,loopback,measure,mldsa,X25519,12.473,1,X25519,mldsa65,0,14793,290,0,-provider_default
loopback-114,2026-09-24T22:39:02+05:45,loopback,measure,ecdsa,SecP256r1MLKEM768,11.499,1,SecP256r1MLKEM768,ecdsa_secp256r1_sha256,0,2427,1499,0,-provider_default
loopback-115,2026-09-24T22:39:02+05:45,loopback,measure,ecdsa,P-256,11.906,1,prime256v1,ecdsa_secp256r1_sha256,0,1340,323,0,-provider_default
loopback-116,2026-09-24T22:39:02+05:45,loopback,measure,mldsa,X25519MLKEM768,14.300,1,X25519MLKEM768,mldsa65,0,15867,1466,0,-provider_default
loopback-117,2026-09-24T22:39:02+05:45,loopback,measure,ecdsa,X25519,12.681,1,X25519,ecdsa_secp256r1_sha256,0,1306,290,0,-provider_default
loopback-118,2026-09-24T22:39:02+05:45,loopback,measure,mldsa,P-256,14.865,1,prime256v1,mldsa65,0,14826,323,0,-provider_default
loopback-119,2026-09-24T22:39:02+05:45,loopback,measure,mldsa,P-256,14.947,1,prime256v1,mldsa65,0,14826,323,0,-provider_default
loopback-120,2026-09-24T22:39:02+05:45,loopback,measure,ecdsa,P-256,13.368,1,prime256v1,ecdsa_secp256r1_sha256,0,1340,323,0,-provider_default
loopback-121,2026-09-24T22:39:02+05:45,loopback,measure,mldsa,P-256,15.556,1,prime256v1,mldsa65,0,14826,323,0,-provider_default
loopback-122,2026-09-24T22:39:02+05:45,loopback,measure,ecdsa,X25519,13.656,1,X25519,ecdsa_secp256r1_sha256,0,1306,290,0,-provider_default
loopback-123,2026-09-24T22:39:02+05:45,loopback,measure,mldsa,P-256,13.591,1,prime256v1,mldsa65,0,14826,323,0,-provider_default
loopback-124,2026-09-24T22:39:03+05:45,loopback,measure,ecdsa,P-256,12.193,1,prime256v1,ecdsa_secp256r1_sha256,0,1339,323,0,-provider_default
loopback-125,2026-09-24T22:39:03+05:45,loopback,measure,mldsa,SecP256r1MLKEM768,17.306,1,SecP256r1MLKEM768,mldsa65,0,15914,1499,0,-provider_default
loopback-126,2026-09-24T22:39:03+05:45,loopback,measure,ecdsa,X25519MLKEM768,12.732,1,X25519MLKEM768,ecdsa_secp256r1_sha256,0,2380,1466,0,-provider_default
loopback-127,2026-09-24T22:39:03+05:45,loopback,measure,ecdsa,X25519,13.379,1,X25519,ecdsa_secp256r1_sha256,0,1305,290,0,-provider_default
loopback-128,2026-09-24T22:39:03+05:45,loopback,measure,mldsa,X25519MLKEM768,12.929,1,X25519MLKEM768,mldsa65,0,15867,1466,0,-provider_default
loopback-129,2026-09-24T22:39:03+05:45,loopback,measure,ecdsa,P-256,13.464,1,prime256v1,ecdsa_secp256r1_sha256,0,1338,323,0,-provider_default
loopback-130,2026-09-24T22:39:03+05:45,loopback,measure,mldsa,P-256,18.344,1,prime256v1,mldsa65,0,14826,323,0,-provider_default
loopback-131,2026-09-24T22:39:03+05:45,loopback,measure,ecdsa,X25519MLKEM768,14.871,1,X25519MLKEM768,ecdsa_secp256r1_sha256,0,2381,1466,0,-provider_default
loopback-132,2026-09-24T22:39:03+05:45,loopback,measure,mldsa,X25519,13.443,1,X25519,mldsa65,0,14793,290,0,-provider_default
loopback-133,2026-09-24T22:39:03+05:45,loopback,measure,ecdsa,X25519MLKEM768,14.823,1,X25519MLKEM768,ecdsa_secp256r1_sha256,0,2380,1466,0,-provider_default
loopback-134,2026-09-24T22:39:03+05:45,loopback,measure,ecdsa,P-256,14.636,1,prime256v1,ecdsa_secp256r1_sha256,0,1338,323,0,-provider_default
loopback-135,2026-09-24T22:39:03+05:45,loopback,measure,mldsa,P-256,14.355,1,prime256v1,mldsa65,0,14826,323,0,-provider_default
loopback-136,2026-09-24T22:39:03+05:45,loopback,measure,mldsa,X25519,12.163,1,X25519,mldsa65,0,14793,290,0,-provider_default
loopback-137,2026-09-24T22:39:03+05:45,loopback,measure,ecdsa,P-256,10.288,1,prime256v1,ecdsa_secp256r1_sha256,0,1339,323,0,-provider_default
loopback-138,2026-09-24T22:39:03+05:45,loopback,measure,mldsa,P-256,12.479,1,prime256v1,mldsa65,0,14826,323,0,-provider_default
loopback-139,2026-09-24T22:39:03+05:45,loopback,measure,mldsa,P-256,14.935,1,prime256v1,mldsa65,0,14826,323,0,-provider_default
loopback-140,2026-09-24T22:39:03+05:45,loopback,measure,ecdsa,SecP256r1MLKEM768,13.790,1,SecP256r1MLKEM768,ecdsa_secp256r1_sha256,0,2427,1499,0,-provider_default
loopback-141,2026-09-24T22:39:03+05:45,loopback,measure,mldsa,X25519,12.886,1,X25519,mldsa65,0,14793,290,0,-provider_default
loopback-142,2026-09-24T22:39:03+05:45,loopback,measure,ecdsa,SecP256r1MLKEM768,12.095,1,SecP256r1MLKEM768,ecdsa_secp256r1_sha256,0,2427,1499,0,-provider_default
loopback-143,2026-09-24T22:39:03+05:45,loopback,measure,ecdsa,X25519MLKEM768,12.072,1,X25519MLKEM768,ecdsa_secp256r1_sha256,0,2379,1466,0,-provider_default
loopback-144,2026-09-24T22:39:03+05:45,loopback,measure,ecdsa,X25519,11.759,1,X25519,ecdsa_secp256r1_sha256,0,1306,290,0,-provider_default
loopback-145,2026-09-24T22:39:03+05:45,loopback,measure,ecdsa,SecP256r1MLKEM768,12.194,1,SecP256r1MLKEM768,ecdsa_secp256r1_sha256,0,2428,1499,0,-provider_default
loopback-146,2026-09-24T22:39:04+05:45,loopback,measure,mldsa,X25519MLKEM768,14.959,1,X25519MLKEM768,mldsa65,0,15867,1466,0,-provider_default
loopback-147,2026-09-24T22:39:04+05:45,loopback,measure,ecdsa,P-256,11.268,1,prime256v1,ecdsa_secp256r1_sha256,0,1340,323,0,-provider_default
loopback-148,2026-09-24T22:39:04+05:45,loopback,measure,ecdsa,X25519,11.269,1,X25519,ecdsa_secp256r1_sha256,0,1306,290,0,-provider_default
loopback-149,2026-09-24T22:39:04+05:45,loopback,measure,mldsa,SecP256r1MLKEM768,15.778,1,SecP256r1MLKEM768,mldsa65,0,15914,1499,0,-provider_default
loopback-150,2026-09-24T22:39:04+05:45,loopback,measure,mldsa,P-256,12.134,1,prime256v1,mldsa65,0,14826,323,0,-provider_default
loopback-151,2026-09-24T22:39:04+05:45,loopback,measure,ecdsa,X25519,12.398,1,X25519,ecdsa_secp256r1_sha256,0,1307,290,0,-provider_default
loopback-152,2026-09-24T22:39:04+05:45,loopback,measure,ecdsa,SecP256r1MLKEM768,12.017,1,SecP256r1MLKEM768,ecdsa_secp256r1_sha256,0,2426,1499,0,-provider_default
loopback-153,2026-09-24T22:39:04+05:45,loopback,measure,ecdsa,X25519,14.257,1,X25519,ecdsa_secp256r1_sha256,0,1306,290,0,-provider_default
loopback-154,2026-09-24T22:39:04+05:45,loopback,measure,ecdsa,X25519MLKEM768,11.792,1,X25519MLKEM768,ecdsa_secp256r1_sha256,0,2380,1466,0,-provider_default
loopback-155,2026-09-24T22:39:04+05:45,loopback,measure,ecdsa,SecP256r1MLKEM768,12.853,1,SecP256r1MLKEM768,ecdsa_secp256r1_sha256,0,2426,1499,0,-provider_default
loopback-156,2026-09-24T22:39:04+05:45,loopback,measure,ecdsa,X25519MLKEM768,13.090,1,X25519MLKEM768,ecdsa_secp256r1_sha256,0,2380,1466,0,-provider_default
loopback-157,2026-09-24T22:39:04+05:45,loopback,measure,ecdsa,P-256,10.443,1,prime256v1,ecdsa_secp256r1_sha256,0,1339,323,0,-provider_default
loopback-158,2026-09-24T22:39:04+05:45,loopback,measure,mldsa,X25519,12.246,1,X25519,mldsa65,0,14793,290,0,-provider_default
loopback-159,2026-09-24T22:39:04+05:45,loopback,measure,mldsa,SecP256r1MLKEM768,13.584,1,SecP256r1MLKEM768,mldsa65,0,15914,1499,0,-provider_default
loopback-160,2026-09-24T22:39:04+05:45,loopback,measure,ecdsa,X25519,10.073,1,X25519,ecdsa_secp256r1_sha256,0,1306,290,0,-provider_default
loopback-161,2026-09-24T22:39:04+05:45,loopback,measure,mldsa,SecP256r1MLKEM768,11.697,1,SecP256r1MLKEM768,mldsa65,0,15914,1499,0,-provider_default
loopback-162,2026-09-24T22:39:04+05:45,loopback,measure,mldsa,P-256,13.515,1,prime256v1,mldsa65,0,14826,323,0,-provider_default
loopback-163,2026-09-24T22:39:04+05:45,loopback,measure,ecdsa,X25519MLKEM768,13.999,1,X25519MLKEM768,ecdsa_secp256r1_sha256,0,2381,1466,0,-provider_default
loopback-164,2026-09-24T22:39:04+05:45,loopback,measure,mldsa,SecP256r1MLKEM768,13.309,1,SecP256r1MLKEM768,mldsa65,0,15914,1499,0,-provider_default
loopback-165,2026-09-24T22:39:04+05:45,loopback,measure,mldsa,SecP256r1MLKEM768,12.779,1,SecP256r1MLKEM768,mldsa65,0,15914,1499,0,-provider_default
loopback-166,2026-09-24T22:39:04+05:45,loopback,measure,ecdsa,SecP256r1MLKEM768,12.504,1,SecP256r1MLKEM768,ecdsa_secp256r1_sha256,0,2426,1499,0,-provider_default
loopback-167,2026-09-24T22:39:04+05:45,loopback,measure,mldsa,X25519,14.748,1,X25519,mldsa65,0,14793,290,0,-provider_default
loopback-168,2026-09-24T22:39:04+05:45,loopback,measure,ecdsa,SecP256r1MLKEM768,12.569,1,SecP256r1MLKEM768,ecdsa_secp256r1_sha256,0,2428,1499,0,-provider_default
loopback-169,2026-09-24T22:39:05+05:45,loopback,measure,mldsa,X25519,14.865,1,X25519,mldsa65,0,14793,290,0,-provider_default
loopback-170,2026-09-24T22:39:05+05:45,loopback,measure,mldsa,X25519MLKEM768,15.167,1,X25519MLKEM768,mldsa65,0,15867,1466,0,-provider_default
loopback-171,2026-09-24T22:39:05+05:45,loopback,measure,ecdsa,X25519,13.058,1,X25519,ecdsa_secp256r1_sha256,0,1307,290,0,-provider_default
loopback-172,2026-09-24T22:39:05+05:45,loopback,measure,mldsa,SecP256r1MLKEM768,16.017,1,SecP256r1MLKEM768,mldsa65,0,15914,1499,0,-provider_default
loopback-173,2026-09-24T22:39:05+05:45,loopback,measure,ecdsa,X25519MLKEM768,14.500,1,X25519MLKEM768,ecdsa_secp256r1_sha256,0,2380,1466,0,-provider_default
loopback-174,2026-09-24T22:39:05+05:45,loopback,measure,ecdsa,SecP256r1MLKEM768,14.524,1,SecP256r1MLKEM768,ecdsa_secp256r1_sha256,0,2426,1499,0,-provider_default
loopback-175,2026-09-24T22:39:05+05:45,loopback,measure,mldsa,SecP256r1MLKEM768,18.067,1,SecP256r1MLKEM768,mldsa65,0,15914,1499,0,-provider_default
loopback-176,2026-09-24T22:39:05+05:45,loopback,measure,ecdsa,X25519,14.584,1,X25519,ecdsa_secp256r1_sha256,0,1306,290,0,-provider_default
loopback-177,2026-09-24T22:39:05+05:45,loopback,measure,ecdsa,X25519,14.870,1,X25519,ecdsa_secp256r1_sha256,0,1305,290,0,-provider_default
loopback-178,2026-09-24T22:39:05+05:45,loopback,measure,ecdsa,X25519MLKEM768,15.939,1,X25519MLKEM768,ecdsa_secp256r1_sha256,0,2380,1466,0,-provider_default
loopback-179,2026-09-24T22:39:05+05:45,loopback,measure,mldsa,SecP256r1MLKEM768,17.670,1,SecP256r1MLKEM768,mldsa65,0,15914,1499,0,-provider_default
loopback-180,2026-09-24T22:39:05+05:45,loopback,measure,ecdsa,SecP256r1MLKEM768,15.612,1,SecP256r1MLKEM768,ecdsa_secp256r1_sha256,0,2427,1499,0,-provider_default
loopback-181,2026-09-24T22:39:05+05:45,loopback,measure,mldsa,P-256,18.771,1,prime256v1,mldsa65,0,14826,323,0,-provider_default
loopback-182,2026-09-24T22:39:05+05:45,loopback,measure,mldsa,X25519,17.078,1,X25519,mldsa65,0,14793,290,0,-provider_default
loopback-183,2026-09-24T22:39:05+05:45,loopback,measure,ecdsa,P-256,16.240,1,prime256v1,ecdsa_secp256r1_sha256,0,1340,323,0,-provider_default
loopback-184,2026-09-24T22:39:05+05:45,loopback,measure,ecdsa,X25519,16.072,1,X25519,ecdsa_secp256r1_sha256,0,1305,290,0,-provider_default
loopback-185,2026-09-24T22:39:05+05:45,loopback,measure,mldsa,P-256,17.487,1,prime256v1,mldsa65,0,14826,323,0,-provider_default
loopback-186,2026-09-24T22:39:05+05:45,loopback,measure,mldsa,SecP256r1MLKEM768,17.214,1,SecP256r1MLKEM768,mldsa65,0,15914,1499,0,-provider_default
loopback-187,2026-09-24T22:39:05+05:45,loopback,measure,ecdsa,X25519MLKEM768,16.972,1,X25519MLKEM768,ecdsa_secp256r1_sha256,0,2381,1466,0,-provider_default
loopback-188,2026-09-24T22:39:06+05:45,loopback,measure,mldsa,X25519,19.243,1,X25519,mldsa65,0,14793,290,0,-provider_default
loopback-189,2026-09-24T22:39:06+05:45,loopback,measure,mldsa,X25519,16.505,1,X25519,mldsa65,0,14793,290,0,-provider_default
loopback-190,2026-09-24T22:39:06+05:45,loopback,measure,ecdsa,P-256,16.374,1,prime256v1,ecdsa_secp256r1_sha256,0,1338,323,0,-provider_default
loopback-191,2026-09-24T22:39:06+05:45,loopback,measure,ecdsa,SecP256r1MLKEM768,16.440,1,SecP256r1MLKEM768,ecdsa_secp256r1_sha256,0,2427,1499,0,-provider_default
loopback-192,2026-09-24T22:39:06+05:45,loopback,measure,ecdsa,P-256,15.835,1,prime256v1,ecdsa_secp256r1_sha256,0,1338,323,0,-provider_default
loopback-193,2026-09-24T22:39:06+05:45,loopback,measure,ecdsa,SecP256r1MLKEM768,16.241,1,SecP256r1MLKEM768,ecdsa_secp256r1_sha256,0,2428,1499,0,-provider_default
loopback-194,2026-09-24T22:39:06+05:45,loopback,measure,mldsa,SecP256r1MLKEM768,17.085,1,SecP256r1MLKEM768,mldsa65,0,15914,1499,0,-provider_default
loopback-195,2026-09-24T22:39:06+05:45,loopback,measure,ecdsa,X25519MLKEM768,16.361,1,X25519MLKEM768,ecdsa_secp256r1_sha256,0,2379,1466,0,-provider_default
loopback-196,2026-09-24T22:39:06+05:45,loopback,measure,ecdsa,SecP256r1MLKEM768,17.063,1,SecP256r1MLKEM768,ecdsa_secp256r1_sha256,0,2427,1499,0,-provider_default
loopback-197,2026-09-24T22:39:06+05:45,loopback,measure,ecdsa,P-256,16.435,1,prime256v1,ecdsa_secp256r1_sha256,0,1338,323,0,-provider_default
loopback-198,2026-09-24T22:39:06+05:45,loopback,measure,ecdsa,X25519MLKEM768,16.991,1,X25519MLKEM768,ecdsa_secp256r1_sha256,0,2379,1466,0,-provider_default
loopback-199,2026-09-24T22:39:06+05:45,loopback,measure,mldsa,P-256,18.430,1,prime256v1,mldsa65,0,14826,323,0,-provider_default
loopback-200,2026-09-24T22:39:06+05:45,loopback,measure,ecdsa,SecP256r1MLKEM768,20.169,1,SecP256r1MLKEM768,ecdsa_secp256r1_sha256,0,2427,1499,0,-provider_default
loopback-201,2026-09-24T22:39:06+05:45,loopback,measure,mldsa,SecP256r1MLKEM768,20.896,1,SecP256r1MLKEM768,mldsa65,0,15914,1499,0,-provider_default
loopback-202,2026-09-24T22:39:06+05:45,loopback,measure,ecdsa,X25519MLKEM768,17.976,1,X25519MLKEM768,ecdsa_secp256r1_sha256,0,2379,1466,0,-provider_default
loopback-203,2026-09-24T22:39:06+05:45,loopback,measure,mldsa,X25519,19.030,1,X25519,mldsa65,0,14793,290,0,-provider_default
loopback-204,2026-09-24T22:39:07+05:45,loopback,measure,mldsa,X25519MLKEM768,20.893,1,X25519MLKEM768,mldsa65,0,15867,1466,0,-provider_default
loopback-205,2026-09-24T22:39:07+05:45,loopback,measure,mldsa,P-256,19.203,1,prime256v1,mldsa65,0,14826,323,0,-provider_default
loopback-206,2026-09-24T22:39:07+05:45,loopback,measure,mldsa,X25519MLKEM768,28.137,1,X25519MLKEM768,mldsa65,0,15867,1466,0,-provider_default
loopback-207,2026-09-24T22:39:07+05:45,loopback,measure,mldsa,P-256,28.362,1,prime256v1,mldsa65,0,14826,323,0,-provider_default
loopback-208,2026-09-24T22:39:07+05:45,loopback,measure,mldsa,X25519MLKEM768,24.631,1,X25519MLKEM768,mldsa65,0,15867,1466,0,-provider_default
loopback-209,2026-09-24T22:39:07+05:45,loopback,measure,ecdsa,P-256,21.242,1,prime256v1,ecdsa_secp256r1_sha256,0,1340,323,0,-provider_default
loopback-210,2026-09-24T22:39:07+05:45,loopback,measure,mldsa,SecP256r1MLKEM768,25.390,1,SecP256r1MLKEM768,mldsa65,0,15914,1499,0,-provider_default
loopback-211,2026-09-24T22:39:07+05:45,loopback,measure,mldsa,P-256,20.791,1,prime256v1,mldsa65,0,14826,323,0,-provider_default
loopback-212,2026-09-24T22:39:07+05:45,loopback,measure,ecdsa,X25519,21.105,1,X25519,ecdsa_secp256r1_sha256,0,1307,290,0,-provider_default
loopback-213,2026-09-24T22:39:07+05:45,loopback,measure,ecdsa,X25519MLKEM768,21.746,1,X25519MLKEM768,ecdsa_secp256r1_sha256,0,2380,1466,0,-provider_default
loopback-214,2026-09-24T22:39:07+05:45,loopback,measure,ecdsa,P-256,20.492,1,prime256v1,ecdsa_secp256r1_sha256,0,1340,323,0,-provider_default
loopback-215,2026-09-24T22:39:07+05:45,loopback,measure,ecdsa,X25519MLKEM768,20.939,1,X25519MLKEM768,ecdsa_secp256r1_sha256,0,2380,1466,0,-provider_default
loopback-216,2026-09-24T22:39:07+05:45,loopback,measure,mldsa,P-256,22.274,1,prime256v1,mldsa65,0,14826,323,0,-provider_default
loopback-217,2026-09-24T22:39:07+05:45,loopback,measure,ecdsa,SecP256r1MLKEM768,21.604,1,SecP256r1MLKEM768,ecdsa_secp256r1_sha256,0,2428,1499,0,-provider_default
loopback-218,2026-09-24T22:39:08+05:45,loopback,measure,ecdsa,X25519,20.669,1,X25519,ecdsa_secp256r1_sha256,0,1307,290,0,-provider_default
loopback-219,2026-09-24T22:39:08+05:45,loopback,measure,ecdsa,SecP256r1MLKEM768,20.957,1,SecP256r1MLKEM768,ecdsa_secp256r1_sha256,0,2427,1499,0,-provider_default
loopback-220,2026-09-24T22:39:08+05:45,loopback,measure,mldsa,X25519,22.301,1,X25519,mldsa65,0,14793,290,0,-provider_default
loopback-221,2026-09-24T22:39:08+05:45,loopback,measure,mldsa,X25519,22.482,1,X25519,mldsa65,0,14793,290,0,-provider_default
loopback-222,2026-09-24T22:39:08+05:45,loopback,measure,ecdsa,X25519MLKEM768,22.653,1,X25519MLKEM768,ecdsa_secp256r1_sha256,0,2380,1466,0,-provider_default
loopback-223,2026-09-24T22:39:08+05:45,loopback,measure,ecdsa,SecP256r1MLKEM768,20.534,1,SecP256r1MLKEM768,ecdsa_secp256r1_sha256,0,2426,1499,0,-provider_default
loopback-224,2026-09-24T22:39:08+05:45,loopback,measure,mldsa,P-256,30.479,1,prime256v1,mldsa65,0,14826,323,0,-provider_default
loopback-225,2026-09-24T22:39:08+05:45,loopback,measure,ecdsa,X25519MLKEM768,20.669,1,X25519MLKEM768,ecdsa_secp256r1_sha256,0,2380,1466,0,-provider_default
loopback-226,2026-09-24T22:39:08+05:45,loopback,measure,ecdsa,SecP256r1MLKEM768,26.916,1,SecP256r1MLKEM768,ecdsa_secp256r1_sha256,0,2428,1499,0,-provider_default
loopback-227,2026-09-24T22:39:08+05:45,loopback,measure,ecdsa,SecP256r1MLKEM768,31.243,1,SecP256r1MLKEM768,ecdsa_secp256r1_sha256,0,2427,1499,0,-provider_default
loopback-228,2026-09-24T22:39:08+05:45,loopback,measure,ecdsa,P-256,23.851,1,prime256v1,ecdsa_secp256r1_sha256,0,1338,323,0,-provider_default
loopback-229,2026-09-24T22:39:09+05:45,loopback,measure,ecdsa,P-256,27.125,1,prime256v1,ecdsa_secp256r1_sha256,0,1339,323,0,-provider_default
loopback-230,2026-09-24T22:39:09+05:45,loopback,measure,ecdsa,P-256,25.085,1,prime256v1,ecdsa_secp256r1_sha256,0,1339,323,0,-provider_default
loopback-231,2026-09-24T22:39:09+05:45,loopback,measure,ecdsa,X25519,22.768,1,X25519,ecdsa_secp256r1_sha256,0,1306,290,0,-provider_default
loopback-232,2026-09-24T22:39:09+05:45,loopback,measure,mldsa,P-256,25.037,1,prime256v1,mldsa65,0,14826,323,0,-provider_default
loopback-233,2026-09-24T22:39:09+05:45,loopback,measure,mldsa,SecP256r1MLKEM768,24.497,1,SecP256r1MLKEM768,mldsa65,0,15914,1499,0,-provider_default
loopback-234,2026-09-24T22:39:09+05:45,loopback,measure,ecdsa,P-256,21.150,1,prime256v1,ecdsa_secp256r1_sha256,0,1340,323,0,-provider_default
loopback-235,2026-09-24T22:39:09+05:45,loopback,measure,mldsa,X25519,22.998,1,X25519,mldsa65,0,14793,290,0,-provider_default
loopback-236,2026-09-24T22:39:09+05:45,loopback,measure,ecdsa,X25519,22.203,1,X25519,ecdsa_secp256r1_sha256,0,1307,290,0,-provider_default
loopback-237,2026-09-24T22:39:09+05:45,loopback,measure,ecdsa,SecP256r1MLKEM768,21.744,1,SecP256r1MLKEM768,ecdsa_secp256r1_sha256,0,2427,1499,0,-provider_default
loopback-238,2026-09-24T22:39:09+05:45,loopback,measure,mldsa,P-256,23.897,1,prime256v1,mldsa65,0,14826,323,0,-provider_default
loopback-239,2026-09-24T22:39:09+05:45,loopback,measure,ecdsa,SecP256r1MLKEM768,20.009,1,SecP256r1MLKEM768,ecdsa_secp256r1_sha256,0,2427,1499,0,-provider_default
loopback-240,2026-09-24T22:39:09+05:45,loopback,measure,ecdsa,X25519,19.924,1,X25519,ecdsa_secp256r1_sha256,0,1307,290,0,-provider_default
loopback-241,2026-09-24T22:39:09+05:45,loopback,measure,mldsa,X25519,23.473,1,X25519,mldsa65,0,14793,290,0,-provider_default
loopback-242,2026-09-24T22:39:10+05:45,loopback,measure,ecdsa,X25519MLKEM768,21.313,1,X25519MLKEM768,ecdsa_secp256r1_sha256,0,2380,1466,0,-provider_default
loopback-243,2026-09-24T22:39:10+05:45,loopback,measure,ecdsa,X25519MLKEM768,20.165,1,X25519MLKEM768,ecdsa_secp256r1_sha256,0,2380,1466,0,-provider_default
loopback-244,2026-09-24T22:39:10+05:45,loopback,measure,mldsa,X25519MLKEM768,20.775,1,X25519MLKEM768,mldsa65,0,15867,1466,0,-provider_default
loopback-245,2026-09-24T22:39:10+05:45,loopback,measure,ecdsa,SecP256r1MLKEM768,20.022,1,SecP256r1MLKEM768,ecdsa_secp256r1_sha256,0,2427,1499,0,-provider_default
loopback-246,2026-09-24T22:39:10+05:45,loopback,measure,mldsa,P-256,29.898,1,prime256v1,mldsa65,0,14826,323,0,-provider_default
loopback-247,2026-09-24T22:39:10+05:45,loopback,measure,ecdsa,X25519,19.121,1,X25519,ecdsa_secp256r1_sha256,0,1306,290,0,-provider_default
loopback-248,2026-09-24T22:39:10+05:45,loopback,measure,mldsa,X25519,21.136,1,X25519,mldsa65,0,14793,290,0,-provider_default
loopback-249,2026-09-24T22:39:10+05:45,loopback,measure,ecdsa,X25519MLKEM768,18.586,1,X25519MLKEM768,ecdsa_secp256r1_sha256,0,2380,1466,0,-provider_default
loopback-250,2026-09-24T22:39:10+05:45,loopback,measure,ecdsa,X25519,20.018,1,X25519,ecdsa_secp256r1_sha256,0,1306,290,0,-provider_default
loopback-251,2026-09-24T22:39:10+05:45,loopback,measure,mldsa,P-256,20.978,1,prime256v1,mldsa65,0,14826,323,0,-provider_default
loopback-252,2026-09-24T22:39:10+05:45,loopback,measure,mldsa,SecP256r1MLKEM768,22.653,1,SecP256r1MLKEM768,mldsa65,0,15914,1499,0,-provider_default
loopback-253,2026-09-24T22:39:10+05:45,loopback,measure,ecdsa,SecP256r1MLKEM768,19.466,1,SecP256r1MLKEM768,ecdsa_secp256r1_sha256,0,2427,1499,0,-provider_default
loopback-254,2026-09-24T22:39:10+05:45,loopback,measure,ecdsa,X25519,18.639,1,X25519,ecdsa_secp256r1_sha256,0,1306,290,0,-provider_default
loopback-255,2026-09-24T22:39:10+05:45,loopback,measure,ecdsa,SecP256r1MLKEM768,19.203,1,SecP256r1MLKEM768,ecdsa_secp256r1_sha256,0,2426,1499,0,-provider_default
loopback-256,2026-09-24T22:39:11+05:45,loopback,measure,mldsa,X25519,20.080,1,X25519,mldsa65,0,14793,290,0,-provider_default
loopback-257,2026-09-24T22:39:11+05:45,loopback,measure,ecdsa,X25519,17.699,1,X25519,ecdsa_secp256r1_sha256,0,1306,290,0,-provider_default
loopback-258,2026-09-24T22:39:11+05:45,loopback,measure,ecdsa,SecP256r1MLKEM768,18.312,1,SecP256r1MLKEM768,ecdsa_secp256r1_sha256,0,2427,1499,0,-provider_default
loopback-259,2026-09-24T22:39:11+05:45,loopback,measure,ecdsa,SecP256r1MLKEM768,17.905,1,SecP256r1MLKEM768,ecdsa_secp256r1_sha256,0,2427,1499,0,-provider_default
loopback-260,2026-09-24T22:39:11+05:45,loopback,measure,ecdsa,P-256,17.662,1,prime256v1,ecdsa_secp256r1_sha256,0,1339,323,0,-provider_default
loopback-261,2026-09-24T22:39:11+05:45,loopback,measure,ecdsa,SecP256r1MLKEM768,17.736,1,SecP256r1MLKEM768,ecdsa_secp256r1_sha256,0,2427,1499,0,-provider_default
loopback-262,2026-09-24T22:39:11+05:45,loopback,measure,ecdsa,X25519MLKEM768,18.345,1,X25519MLKEM768,ecdsa_secp256r1_sha256,0,2381,1466,0,-provider_default
loopback-263,2026-09-24T22:39:11+05:45,loopback,measure,ecdsa,SecP256r1MLKEM768,18.823,1,SecP256r1MLKEM768,ecdsa_secp256r1_sha256,0,2426,1499,0,-provider_default
loopback-264,2026-09-24T22:39:11+05:45,loopback,measure,ecdsa,SecP256r1MLKEM768,18.780,1,SecP256r1MLKEM768,ecdsa_secp256r1_sha256,0,2427,1499,0,-provider_default
loopback-265,2026-09-24T22:39:11+05:45,loopback,measure,mldsa,SecP256r1MLKEM768,20.319,1,SecP256r1MLKEM768,mldsa65,0,15914,1499,0,-provider_default
loopback-266,2026-09-24T22:39:11+05:45,loopback,measure,ecdsa,X25519,17.624,1,X25519,ecdsa_secp256r1_sha256,0,1306,290,0,-provider_default
loopback-267,2026-09-24T22:39:11+05:45,loopback,measure,mldsa,X25519MLKEM768,19.618,1,X25519MLKEM768,mldsa65,0,15867,1466,0,-provider_default
loopback-268,2026-09-24T22:39:11+05:45,loopback,measure,ecdsa,X25519MLKEM768,18.398,1,X25519MLKEM768,ecdsa_secp256r1_sha256,0,2380,1466,0,-provider_default
loopback-269,2026-09-24T22:39:11+05:45,loopback,measure,mldsa,X25519MLKEM768,22.426,1,X25519MLKEM768,mldsa65,0,15867,1466,0,-provider_default
loopback-270,2026-09-24T22:39:11+05:45,loopback,measure,ecdsa,SecP256r1MLKEM768,18.009,1,SecP256r1MLKEM768,ecdsa_secp256r1_sha256,0,2427,1499,0,-provider_default
loopback-271,2026-09-24T22:39:11+05:45,loopback,measure,mldsa,X25519MLKEM768,19.568,1,X25519MLKEM768,mldsa65,0,15867,1466,0,-provider_default
loopback-272,2026-09-24T22:39:12+05:45,loopback,measure,ecdsa,P-256,18.100,1,prime256v1,ecdsa_secp256r1_sha256,0,1338,323,0,-provider_default
loopback-273,2026-09-24T22:39:12+05:45,loopback,measure,mldsa,X25519MLKEM768,20.104,1,X25519MLKEM768,mldsa65,0,15867,1466,0,-provider_default
loopback-274,2026-09-24T22:39:12+05:45,loopback,measure,mldsa,X25519,24.844,1,X25519,mldsa65,0,14793,290,0,-provider_default
loopback-275,2026-09-24T22:39:12+05:45,loopback,measure,mldsa,X25519MLKEM768,19.250,1,X25519MLKEM768,mldsa65,0,15867,1466,0,-provider_default
loopback-276,2026-09-24T22:39:12+05:45,loopback,measure,ecdsa,X25519MLKEM768,18.068,1,X25519MLKEM768,ecdsa_secp256r1_sha256,0,2380,1466,0,-provider_default
loopback-277,2026-09-24T22:39:12+05:45,loopback,measure,mldsa,SecP256r1MLKEM768,20.486,1,SecP256r1MLKEM768,mldsa65,0,15914,1499,0,-provider_default
loopback-278,2026-09-24T22:39:12+05:45,loopback,measure,mldsa,SecP256r1MLKEM768,20.117,1,SecP256r1MLKEM768,mldsa65,0,15914,1499,0,-provider_default
loopback-279,2026-09-24T22:39:12+05:45,loopback,measure,mldsa,X25519,25.245,1,X25519,mldsa65,0,14793,290,0,-provider_default
loopback-280,2026-09-24T22:39:12+05:45,loopback,measure,ecdsa,X25519,17.171,1,X25519,ecdsa_secp256r1_sha256,0,1305,290,0,-provider_default
loopback-281,2026-09-24T22:39:12+05:45,loopback,measure,mldsa,X25519,19.926,1,X25519,mldsa65,0,14793,290,0,-provider_default
loopback-282,2026-09-24T22:39:12+05:45,loopback,measure,mldsa,SecP256r1MLKEM768,19.532,1,SecP256r1MLKEM768,mldsa65,0,15914,1499,0,-provider_default
loopback-283,2026-09-24T22:39:12+05:45,loopback,measure,mldsa,X25519MLKEM768,22.881,1,X25519MLKEM768,mldsa65,0,15867,1466,0,-provider_default
loopback-284,2026-09-24T22:39:12+05:45,loopback,measure,mldsa,X25519,18.546,1,X25519,mldsa65,0,14793,290,0,-provider_default
loopback-285,2026-09-24T22:39:12+05:45,loopback,measure,ecdsa,P-256,17.550,1,prime256v1,ecdsa_secp256r1_sha256,0,1339,323,0,-provider_default
loopback-286,2026-09-24T22:39:12+05:45,loopback,measure,mldsa,X25519MLKEM768,20.226,1,X25519MLKEM768,mldsa65,0,15867,1466,0,-provider_default
loopback-287,2026-09-24T22:39:13+05:45,loopback,measure,ecdsa,X25519,17.385,1,X25519,ecdsa_secp256r1_sha256,0,1305,290,0,-provider_default
loopback-288,2026-09-24T22:39:13+05:45,loopback,measure,ecdsa,SecP256r1MLKEM768,17.885,1,SecP256r1MLKEM768,ecdsa_secp256r1_sha256,0,2426,1499,0,-provider_default
loopback-289,2026-09-24T22:39:13+05:45,loopback,measure,mldsa,SecP256r1MLKEM768,20.854,1,SecP256r1MLKEM768,mldsa65,0,15914,1499,0,-provider_default
loopback-290,2026-09-24T22:39:13+05:45,loopback,measure,mldsa,P-256,20.442,1,prime256v1,mldsa65,0,14826,323,0,-provider_default
loopback-291,2026-09-24T22:39:13+05:45,loopback,measure,ecdsa,SecP256r1MLKEM768,18.594,1,SecP256r1MLKEM768,ecdsa_secp256r1_sha256,0,2428,1499,0,-provider_default
loopback-292,2026-09-24T22:39:13+05:45,loopback,measure,ecdsa,X25519,17.071,1,X25519,ecdsa_secp256r1_sha256,0,1305,290,0,-provider_default
loopback-293,2026-09-24T22:39:13+05:45,loopback,measure,ecdsa,X25519,17.175,1,X25519,ecdsa_secp256r1_sha256,0,1306,290,0,-provider_default
loopback-294,2026-09-24T22:39:13+05:45,loopback,measure,ecdsa,X25519MLKEM768,17.951,1,X25519MLKEM768,ecdsa_secp256r1_sha256,0,2379,1466,0,-provider_default
loopback-295,2026-09-24T22:39:13+05:45,loopback,measure,mldsa,X25519,17.947,1,X25519,mldsa65,0,14793,290,0,-provider_default
loopback-296,2026-09-24T22:39:13+05:45,loopback,measure,mldsa,X25519MLKEM768,19.479,1,X25519MLKEM768,mldsa65,0,15867,1466,0,-provider_default
loopback-297,2026-09-24T22:39:13+05:45,loopback,measure,mldsa,X25519,21.197,1,X25519,mldsa65,0,14793,290,0,-provider_default
loopback-298,2026-09-24T22:39:13+05:45,loopback,measure,mldsa,P-256,18.666,1,prime256v1,mldsa65,0,14826,323,0,-provider_default
loopback-299,2026-09-24T22:39:13+05:45,loopback,measure,mldsa,SecP256r1MLKEM768,19.165,1,SecP256r1MLKEM768,mldsa65,0,15914,1499,0,-provider_default
loopback-300,2026-09-24T22:39:13+05:45,loopback,measure,ecdsa,X25519,17.862,1,X25519,ecdsa_secp256r1_sha256,0,1306,290,0,-provider_default
loopback-301,2026-09-24T22:39:13+05:45,loopback,measure,mldsa,X25519MLKEM768,19.478,1,X25519MLKEM768,mldsa65,0,15867,1466,0,-provider_default
loopback-302,2026-09-24T22:39:13+05:45,loopback,measure,mldsa,X25519MLKEM768,18.706,1,X25519MLKEM768,mldsa65,0,15867,1466,0,-provider_default
loopback-303,2026-09-24T22:39:14+05:45,loopback,measure,mldsa,P-256,20.253,1,prime256v1,mldsa65,0,14826,323,0,-provider_default
loopback-304,2026-09-24T22:39:14+05:45,loopback,measure,ecdsa,X25519MLKEM768,16.813,1,X25519MLKEM768,ecdsa_secp256r1_sha256,0,2379,1466,0,-provider_default
loopback-305,2026-09-24T22:39:14+05:45,loopback,measure,ecdsa,P-256,17.842,1,prime256v1,ecdsa_secp256r1_sha256,0,1339,323,0,-provider_default
loopback-306,2026-09-24T22:39:14+05:45,loopback,measure,ecdsa,X25519MLKEM768,17.613,1,X25519MLKEM768,ecdsa_secp256r1_sha256,0,2381,1466,0,-provider_default
loopback-307,2026-09-24T22:39:14+05:45,loopback,measure,mldsa,P-256,18.360,1,prime256v1,mldsa65,0,14826,323,0,-provider_default
loopback-308,2026-09-24T22:39:14+05:45,loopback,measure,ecdsa,X25519,17.658,1,X25519,ecdsa_secp256r1_sha256,0,1306,290,0,-provider_default
loopback-309,2026-09-24T22:39:14+05:45,loopback,measure,ecdsa,X25519MLKEM768,17.963,1,X25519MLKEM768,ecdsa_secp256r1_sha256,0,2380,1466,0,-provider_default
loopback-310,2026-09-24T22:39:14+05:45,loopback,measure,ecdsa,SecP256r1MLKEM768,18.421,1,SecP256r1MLKEM768,ecdsa_secp256r1_sha256,0,2426,1499,0,-provider_default
loopback-311,2026-09-24T22:39:14+05:45,loopback,measure,ecdsa,X25519MLKEM768,18.124,1,X25519MLKEM768,ecdsa_secp256r1_sha256,0,2381,1466,0,-provider_default
loopback-312,2026-09-24T22:39:14+05:45,loopback,measure,mldsa,X25519,18.780,1,X25519,mldsa65,0,14793,290,0,-provider_default
loopback-313,2026-09-24T22:39:14+05:45,loopback,measure,mldsa,P-256,18.972,1,prime256v1,mldsa65,0,14826,323,0,-provider_default
loopback-314,2026-09-24T22:39:14+05:45,loopback,measure,mldsa,SecP256r1MLKEM768,19.594,1,SecP256r1MLKEM768,mldsa65,0,15914,1499,0,-provider_default
loopback-315,2026-09-24T22:39:14+05:45,loopback,measure,ecdsa,X25519,21.551,1,X25519,ecdsa_secp256r1_sha256,0,1306,290,0,-provider_default
loopback-316,2026-09-24T22:39:14+05:45,loopback,measure,mldsa,X25519MLKEM768,27.784,1,X25519MLKEM768,mldsa65,0,15867,1466,0,-provider_default
loopback-317,2026-09-24T22:39:14+05:45,loopback,measure,ecdsa,SecP256r1MLKEM768,18.911,1,SecP256r1MLKEM768,ecdsa_secp256r1_sha256,0,2426,1499,0,-provider_default
loopback-318,2026-09-24T22:39:15+05:45,loopback,measure,mldsa,X25519,20.806,1,X25519,mldsa65,0,14793,290,0,-provider_default
loopback-319,2026-09-24T22:39:15+05:45,loopback,measure,ecdsa,X25519,18.191,1,X25519,ecdsa_secp256r1_sha256,0,1306,290,0,-provider_default
loopback-320,2026-09-24T22:39:15+05:45,loopback,measure,mldsa,P-256,19.634,1,prime256v1,mldsa65,0,14826,323,0,-provider_default
loopback-321,2026-09-24T22:39:15+05:45,loopback,measure,mldsa,X25519,20.045,1,X25519,mldsa65,0,14793,290,0,-provider_default
loopback-322,2026-09-24T22:39:15+05:45,loopback,measure,mldsa,X25519,21.443,1,X25519,mldsa65,0,14793,290,0,-provider_default
loopback-323,2026-09-24T22:39:15+05:45,loopback,measure,mldsa,SecP256r1MLKEM768,24.022,1,SecP256r1MLKEM768,mldsa65,0,15914,1499,0,-provider_default
loopback-324,2026-09-24T22:39:15+05:45,loopback,measure,mldsa,X25519MLKEM768,22.722,1,X25519MLKEM768,mldsa65,0,15867,1466,0,-provider_default
loopback-325,2026-09-24T22:39:15+05:45,loopback,measure,mldsa,X25519MLKEM768,22.696,1,X25519MLKEM768,mldsa65,0,15867,1466,0,-provider_default
loopback-326,2026-09-24T22:39:15+05:45,loopback,measure,ecdsa,X25519,27.278,1,X25519,ecdsa_secp256r1_sha256,0,1307,290,0,-provider_default
loopback-327,2026-09-24T22:39:15+05:45,loopback,measure,mldsa,SecP256r1MLKEM768,26.700,1,SecP256r1MLKEM768,mldsa65,0,15914,1499,0,-provider_default
loopback-328,2026-09-24T22:39:15+05:45,loopback,measure,mldsa,X25519MLKEM768,24.167,1,X25519MLKEM768,mldsa65,0,15867,1466,0,-provider_default
loopback-329,2026-09-24T22:39:15+05:45,loopback,measure,mldsa,SecP256r1MLKEM768,26.714,1,SecP256r1MLKEM768,mldsa65,0,15914,1499,0,-provider_default
loopback-330,2026-09-24T22:39:15+05:45,loopback,measure,ecdsa,P-256,23.309,1,prime256v1,ecdsa_secp256r1_sha256,0,1339,323,0,-provider_default
loopback-331,2026-09-24T22:39:16+05:45,loopback,measure,ecdsa,X25519,22.856,1,X25519,ecdsa_secp256r1_sha256,0,1306,290,0,-provider_default
loopback-332,2026-09-24T22:39:16+05:45,loopback,measure,ecdsa,SecP256r1MLKEM768,25.069,1,SecP256r1MLKEM768,ecdsa_secp256r1_sha256,0,2427,1499,0,-provider_default
loopback-333,2026-09-24T22:39:16+05:45,loopback,measure,mldsa,X25519,26.155,1,X25519,mldsa65,0,14793,290,0,-provider_default
loopback-334,2026-09-24T22:39:16+05:45,loopback,measure,ecdsa,X25519,22.421,1,X25519,ecdsa_secp256r1_sha256,0,1306,290,0,-provider_default
loopback-335,2026-09-24T22:39:16+05:45,loopback,measure,mldsa,X25519,25.018,1,X25519,mldsa65,0,14793,290,0,-provider_default
loopback-336,2026-09-24T22:39:16+05:45,loopback,measure,mldsa,X25519,26.952,1,X25519,mldsa65,0,14793,290,0,-provider_default
loopback-337,2026-09-24T22:39:16+05:45,loopback,measure,mldsa,P-256,25.724,1,prime256v1,mldsa65,0,14826,323,0,-provider_default
loopback-338,2026-09-24T22:39:16+05:45,loopback,measure,mldsa,X25519,24.712,1,X25519,mldsa65,0,14793,290,0,-provider_default
loopback-339,2026-09-24T22:39:16+05:45,loopback,measure,ecdsa,P-256,21.450,1,prime256v1,ecdsa_secp256r1_sha256,0,1339,323,0,-provider_default
loopback-340,2026-09-24T22:39:16+05:45,loopback,measure,ecdsa,X25519,21.729,1,X25519,ecdsa_secp256r1_sha256,0,1305,290,0,-provider_default
loopback-341,2026-09-24T22:39:16+05:45,loopback,measure,mldsa,X25519MLKEM768,24.589,1,X25519MLKEM768,mldsa65,0,15867,1466,0,-provider_default
loopback-342,2026-09-24T22:39:16+05:45,loopback,measure,ecdsa,P-256,20.971,1,prime256v1,ecdsa_secp256r1_sha256,0,1340,323,0,-provider_default
loopback-343,2026-09-24T22:39:17+05:45,loopback,measure,mldsa,SecP256r1MLKEM768,24.630,1,SecP256r1MLKEM768,mldsa65,0,15914,1499,0,-provider_default
loopback-344,2026-09-24T22:39:17+05:45,loopback,measure,ecdsa,X25519,19.877,1,X25519,ecdsa_secp256r1_sha256,0,1306,290,0,-provider_default
loopback-345,2026-09-24T22:39:17+05:45,loopback,measure,ecdsa,X25519MLKEM768,21.178,1,X25519MLKEM768,ecdsa_secp256r1_sha256,0,2381,1466,0,-provider_default
loopback-346,2026-09-24T22:39:17+05:45,loopback,measure,mldsa,X25519MLKEM768,24.151,1,X25519MLKEM768,mldsa65,0,15867,1466,0,-provider_default
loopback-347,2026-09-24T22:39:17+05:45,loopback,measure,mldsa,SecP256r1MLKEM768,23.566,1,SecP256r1MLKEM768,mldsa65,0,15914,1499,0,-provider_default
loopback-348,2026-09-24T22:39:17+05:45,loopback,measure,ecdsa,X25519MLKEM768,20.965,1,X25519MLKEM768,ecdsa_secp256r1_sha256,0,2379,1466,0,-provider_default
loopback-349,2026-09-24T22:39:17+05:45,loopback,measure,ecdsa,SecP256r1MLKEM768,22.100,1,SecP256r1MLKEM768,ecdsa_secp256r1_sha256,0,2428,1499,0,-provider_default
loopback-350,2026-09-24T22:39:17+05:45,loopback,measure,ecdsa,P-256,19.972,1,prime256v1,ecdsa_secp256r1_sha256,0,1338,323,0,-provider_default
loopback-351,2026-09-24T22:39:17+05:45,loopback,measure,ecdsa,X25519MLKEM768,19.190,1,X25519MLKEM768,ecdsa_secp256r1_sha256,0,2381,1466,0,-provider_default
loopback-352,2026-09-24T22:39:17+05:45,loopback,measure,mldsa,X25519,24.627,1,X25519,mldsa65,0,14793,290,0,-provider_default
loopback-353,2026-09-24T22:39:17+05:45,loopback,measure,mldsa,SecP256r1MLKEM768,25.066,1,SecP256r1MLKEM768,mldsa65,0,15914,1499,0,-provider_default
loopback-354,2026-09-24T22:39:17+05:45,loopback,measure,ecdsa,SecP256r1MLKEM768,20.616,1,SecP256r1MLKEM768,ecdsa_secp256r1_sha256,0,2427,1499,0,-provider_default
loopback-355,2026-09-24T22:39:17+05:45,loopback,measure,mldsa,X25519,22.466,1,X25519,mldsa65,0,14793,290,0,-provider_default
loopback-356,2026-09-24T22:39:18+05:45,loopback,measure,mldsa,X25519MLKEM768,22.709,1,X25519MLKEM768,mldsa65,0,15867,1466,0,-provider_default
loopback-357,2026-09-24T22:39:18+05:45,loopback,measure,mldsa,SecP256r1MLKEM768,20.567,1,SecP256r1MLKEM768,mldsa65,0,15914,1499,0,-provider_default
loopback-358,2026-09-24T22:39:18+05:45,loopback,measure,mldsa,X25519,22.214,1,X25519,mldsa65,0,14793,290,0,-provider_default
loopback-359,2026-09-24T22:39:18+05:45,loopback,measure,mldsa,P-256,20.311,1,prime256v1,mldsa65,0,14826,323,0,-provider_default
loopback-360,2026-09-24T22:39:18+05:45,loopback,measure,mldsa,X25519MLKEM768,20.702,1,X25519MLKEM768,mldsa65,0,15867,1466,0,-provider_default
loopback-361,2026-09-24T22:39:18+05:45,loopback,measure,mldsa,X25519MLKEM768,21.293,1,X25519MLKEM768,mldsa65,0,15867,1466,0,-provider_default
loopback-362,2026-09-24T22:39:18+05:45,loopback,measure,mldsa,SecP256r1MLKEM768,20.231,1,SecP256r1MLKEM768,mldsa65,0,15914,1499,0,-provider_default
loopback-363,2026-09-24T22:39:18+05:45,loopback,measure,ecdsa,SecP256r1MLKEM768,19.118,1,SecP256r1MLKEM768,ecdsa_secp256r1_sha256,0,2426,1499,0,-provider_default
loopback-364,2026-09-24T22:39:18+05:45,loopback,measure,mldsa,P-256,22.315,1,prime256v1,mldsa65,0,14826,323,0,-provider_default
loopback-365,2026-09-24T22:39:18+05:45,loopback,measure,mldsa,SecP256r1MLKEM768,20.645,1,SecP256r1MLKEM768,mldsa65,0,15914,1499,0,-provider_default
loopback-366,2026-09-24T22:39:18+05:45,loopback,measure,ecdsa,X25519MLKEM768,18.231,1,X25519MLKEM768,ecdsa_secp256r1_sha256,0,2381,1466,0,-provider_default
loopback-367,2026-09-24T22:39:18+05:45,loopback,measure,mldsa,X25519MLKEM768,20.767,1,X25519MLKEM768,mldsa65,0,15867,1466,0,-provider_default
loopback-368,2026-09-24T22:39:18+05:45,loopback,measure,ecdsa,X25519,16.285,1,X25519,ecdsa_secp256r1_sha256,0,1306,290,0,-provider_default
loopback-369,2026-09-24T22:39:18+05:45,loopback,measure,ecdsa,X25519MLKEM768,19.036,1,X25519MLKEM768,ecdsa_secp256r1_sha256,0,2380,1466,0,-provider_default
loopback-370,2026-09-24T22:39:18+05:45,loopback,measure,mldsa,X25519,19.013,1,X25519,mldsa65,0,14793,290,0,-provider_default
loopback-371,2026-09-24T22:39:19+05:45,loopback,measure,ecdsa,X25519MLKEM768,19.687,1,X25519MLKEM768,ecdsa_secp256r1_sha256,0,2380,1466,0,-provider_default
loopback-372,2026-09-24T22:39:19+05:45,loopback,measure,mldsa,X25519MLKEM768,22.807,1,X25519MLKEM768,mldsa65,0,15867,1466,0,-provider_default
loopback-373,2026-09-24T22:39:19+05:45,loopback,measure,mldsa,P-256,22.123,1,prime256v1,mldsa65,0,14826,323,0,-provider_default
loopback-374,2026-09-24T22:39:19+05:45,loopback,measure,mldsa,X25519MLKEM768,20.464,1,X25519MLKEM768,mldsa65,0,15867,1466,0,-provider_default
loopback-375,2026-09-24T22:39:19+05:45,loopback,measure,mldsa,P-256,21.665,1,prime256v1,mldsa65,0,14826,323,0,-provider_default
loopback-376,2026-09-24T22:39:19+05:45,loopback,measure,ecdsa,X25519,17.747,1,X25519,ecdsa_secp256r1_sha256,0,1307,290,0,-provider_default
loopback-377,2026-09-24T22:39:19+05:45,loopback,measure,mldsa,P-256,22.565,1,prime256v1,mldsa65,0,14826,323,0,-provider_default
loopback-378,2026-09-24T22:39:19+05:45,loopback,measure,ecdsa,X25519,18.736,1,X25519,ecdsa_secp256r1_sha256,0,1305,290,0,-provider_default
loopback-379,2026-09-24T22:39:19+05:45,loopback,measure,mldsa,X25519,22.761,1,X25519,mldsa65,0,14793,290,0,-provider_default
loopback-380,2026-09-24T22:39:19+05:45,loopback,measure,ecdsa,X25519,18.347,1,X25519,ecdsa_secp256r1_sha256,0,1306,290,0,-provider_default
loopback-381,2026-09-24T22:39:19+05:45,loopback,measure,mldsa,X25519MLKEM768,21.074,1,X25519MLKEM768,mldsa65,0,15867,1466,0,-provider_default
loopback-382,2026-09-24T22:39:19+05:45,loopback,measure,ecdsa,X25519MLKEM768,18.774,1,X25519MLKEM768,ecdsa_secp256r1_sha256,0,2380,1466,0,-provider_default
loopback-383,2026-09-24T22:39:19+05:45,loopback,measure,ecdsa,SecP256r1MLKEM768,19.487,1,SecP256r1MLKEM768,ecdsa_secp256r1_sha256,0,2428,1499,0,-provider_default
loopback-384,2026-09-24T22:39:19+05:45,loopback,measure,mldsa,SecP256r1MLKEM768,19.177,1,SecP256r1MLKEM768,mldsa65,0,15914,1499,0,-provider_default
loopback-385,2026-09-24T22:39:19+05:45,loopback,measure,ecdsa,X25519MLKEM768,18.138,1,X25519MLKEM768,ecdsa_secp256r1_sha256,0,2380,1466,0,-provider_default
loopback-386,2026-09-24T22:39:20+05:45,loopback,measure,ecdsa,P-256,17.103,1,prime256v1,ecdsa_secp256r1_sha256,0,1339,323,0,-provider_default
loopback-387,2026-09-24T22:39:20+05:45,loopback,measure,mldsa,P-256,21.124,1,prime256v1,mldsa65,0,14826,323,0,-provider_default
loopback-388,2026-09-24T22:39:20+05:45,loopback,measure,ecdsa,X25519MLKEM768,18.730,1,X25519MLKEM768,ecdsa_secp256r1_sha256,0,2381,1466,0,-provider_default
loopback-389,2026-09-24T22:39:20+05:45,loopback,measure,ecdsa,SecP256r1MLKEM768,18.063,1,SecP256r1MLKEM768,ecdsa_secp256r1_sha256,0,2427,1499,0,-provider_default
loopback-390,2026-09-24T22:39:20+05:45,loopback,measure,mldsa,SecP256r1MLKEM768,19.951,1,SecP256r1MLKEM768,mldsa65,0,15914,1499,0,-provider_default
loopback-391,2026-09-24T22:39:20+05:45,loopback,measure,ecdsa,P-256,17.492,1,prime256v1,ecdsa_secp256r1_sha256,0,1339,323,0,-provider_default
loopback-392,2026-09-24T22:39:20+05:45,loopback,measure,ecdsa,P-256,17.364,1,prime256v1,ecdsa_secp256r1_sha256,0,1338,323,0,-provider_default
loopback-393,2026-09-24T22:39:20+05:45,loopback,measure,ecdsa,P-256,17.017,1,prime256v1,ecdsa_secp256r1_sha256,0,1338,323,0,-provider_default
loopback-394,2026-09-24T22:39:20+05:45,loopback,measure,ecdsa,P-256,17.169,1,prime256v1,ecdsa_secp256r1_sha256,0,1339,323,0,-provider_default
loopback-395,2026-09-24T22:39:20+05:45,loopback,measure,ecdsa,P-256,17.373,1,prime256v1,ecdsa_secp256r1_sha256,0,1339,323,0,-provider_default
loopback-396,2026-09-24T22:39:20+05:45,loopback,measure,mldsa,X25519MLKEM768,24.658,1,X25519MLKEM768,mldsa65,0,15867,1466,0,-provider_default
loopback-397,2026-09-24T22:39:20+05:45,loopback,measure,ecdsa,P-256,19.028,1,prime256v1,ecdsa_secp256r1_sha256,0,1339,323,0,-provider_default
loopback-398,2026-09-24T22:39:20+05:45,loopback,measure,ecdsa,P-256,18.565,1,prime256v1,ecdsa_secp256r1_sha256,0,1340,323,0,-provider_default
loopback-399,2026-09-24T22:39:20+05:45,loopback,measure,ecdsa,X25519,17.578,1,X25519,ecdsa_secp256r1_sha256,0,1306,290,0,-provider_default
loopback-400,2026-09-24T22:39:20+05:45,loopback,measure,mldsa,X25519MLKEM768,19.372,1,X25519MLKEM768,mldsa65,0,15867,1466,0,-provider_default
loopback-401,2026-09-24T22:39:20+05:45,loopback,measure,ecdsa,P-256,17.677,1,prime256v1,ecdsa_secp256r1_sha256,0,1340,323,0,-provider_default
loopback-402,2026-09-24T22:39:21+05:45,loopback,measure,ecdsa,X25519,21.473,1,X25519,ecdsa_secp256r1_sha256,0,1306,290,0,-provider_default
loopback-403,2026-09-24T22:39:21+05:45,loopback,measure,ecdsa,P-256,17.965,1,prime256v1,ecdsa_secp256r1_sha256,0,1339,323,0,-provider_default
loopback-404,2026-09-24T22:39:21+05:45,loopback,measure,mldsa,X25519MLKEM768,19.585,1,X25519MLKEM768,mldsa65,0,15867,1466,0,-provider_default
loopback-405,2026-09-24T22:39:21+05:45,loopback,measure,ecdsa,SecP256r1MLKEM768,17.294,1,SecP256r1MLKEM768,ecdsa_secp256r1_sha256,0,2427,1499,0,-provider_default
loopback-406,2026-09-24T22:39:21+05:45,loopback,measure,ecdsa,SecP256r1MLKEM768,17.163,1,SecP256r1MLKEM768,ecdsa_secp256r1_sha256,0,2426,1499,0,-provider_default
loopback-407,2026-09-24T22:39:21+05:45,loopback,measure,ecdsa,X25519,17.978,1,X25519,ecdsa_secp256r1_sha256,0,1307,290,0,-provider_default
loopback-408,2026-09-24T22:39:21+05:45,loopback,measure,ecdsa,X25519,16.597,1,X25519,ecdsa_secp256r1_sha256,0,1306,290,0,-provider_default
loopback-409,2026-09-24T22:39:21+05:45,loopback,measure,ecdsa,X25519,19.782,1,X25519,ecdsa_secp256r1_sha256,0,1305,290,0,-provider_default
loopback-410,2026-09-24T22:39:21+05:45,loopback,measure,ecdsa,P-256,17.174,1,prime256v1,ecdsa_secp256r1_sha256,0,1340,323,0,-provider_default
loopback-411,2026-09-24T22:39:21+05:45,loopback,measure,mldsa,P-256,23.288,1,prime256v1,mldsa65,0,14826,323,0,-provider_default
loopback-412,2026-09-24T22:39:21+05:45,loopback,measure,mldsa,SecP256r1MLKEM768,19.032,1,SecP256r1MLKEM768,mldsa65,0,15914,1499,0,-provider_default
loopback-413,2026-09-24T22:39:21+05:45,loopback,measure,mldsa,P-256,18.790,1,prime256v1,mldsa65,0,14826,323,0,-provider_default
loopback-414,2026-09-24T22:39:21+05:45,loopback,measure,mldsa,P-256,18.836,1,prime256v1,mldsa65,0,14826,323,0,-provider_default
loopback-415,2026-09-24T22:39:21+05:45,loopback,measure,mldsa,P-256,18.609,1,prime256v1,mldsa65,0,14826,323,0,-provider_default
loopback-416,2026-09-24T22:39:21+05:45,loopback,measure,mldsa,X25519MLKEM768,18.207,1,X25519MLKEM768,mldsa65,0,15867,1466,0,-provider_default
loopback-417,2026-09-24T22:39:21+05:45,loopback,measure,mldsa,SecP256r1MLKEM768,19.467,1,SecP256r1MLKEM768,mldsa65,0,15914,1499,0,-provider_default
loopback-418,2026-09-24T22:39:22+05:45,loopback,measure,mldsa,X25519MLKEM768,19.089,1,X25519MLKEM768,mldsa65,0,15867,1466,0,-provider_default
loopback-419,2026-09-24T22:39:22+05:45,loopback,measure,mldsa,X25519MLKEM768,18.147,1,X25519MLKEM768,mldsa65,0,15867,1466,0,-provider_default
loopback-420,2026-09-24T22:39:22+05:45,loopback,measure,ecdsa,X25519,16.167,1,X25519,ecdsa_secp256r1_sha256,0,1307,290,0,-provider_default
loopback-421,2026-09-24T22:39:22+05:45,loopback,measure,mldsa,SecP256r1MLKEM768,18.130,1,SecP256r1MLKEM768,mldsa65,0,15914,1499,0,-provider_default
loopback-422,2026-09-24T22:39:22+05:45,loopback,measure,ecdsa,P-256,16.383,1,prime256v1,ecdsa_secp256r1_sha256,0,1340,323,0,-provider_default
loopback-423,2026-09-24T22:39:22+05:45,loopback,measure,ecdsa,P-256,16.673,1,prime256v1,ecdsa_secp256r1_sha256,0,1338,323,0,-provider_default
loopback-424,2026-09-24T22:39:22+05:45,loopback,measure,mldsa,X25519MLKEM768,16.898,1,X25519MLKEM768,mldsa65,0,15867,1466,0,-provider_default
loopback-425,2026-09-24T22:39:22+05:45,loopback,measure,mldsa,SecP256r1MLKEM768,17.184,1,SecP256r1MLKEM768,mldsa65,0,15914,1499,0,-provider_default
loopback-426,2026-09-24T22:39:22+05:45,loopback,measure,ecdsa,X25519,16.273,1,X25519,ecdsa_secp256r1_sha256,0,1306,290,0,-provider_default
loopback-427,2026-09-24T22:39:22+05:45,loopback,measure,ecdsa,X25519MLKEM768,16.192,1,X25519MLKEM768,ecdsa_secp256r1_sha256,0,2379,1466,0,-provider_default
loopback-428,2026-09-24T22:39:22+05:45,loopback,measure,mldsa,P-256,17.383,1,prime256v1,mldsa65,0,14826,323,0,-provider_default
loopback-429,2026-09-24T22:39:22+05:45,loopback,measure,mldsa,P-256,19.133,1,prime256v1,mldsa65,0,14826,323,0,-provider_default
loopback-430,2026-09-24T22:39:22+05:45,loopback,measure,ecdsa,X25519,17.281,1,X25519,ecdsa_secp256r1_sha256,0,1305,290,0,-provider_default
loopback-431,2026-09-24T22:39:22+05:45,loopback,measure,mldsa,X25519,17.274,1,X25519,mldsa65,0,14793,290,0,-provider_default
loopback-432,2026-09-24T22:39:22+05:45,loopback,measure,ecdsa,P-256,15.707,1,prime256v1,ecdsa_secp256r1_sha256,0,1338,323,0,-provider_default
loopback-433,2026-09-24T22:39:22+05:45,loopback,measure,mldsa,SecP256r1MLKEM768,17.131,1,SecP256r1MLKEM768,mldsa65,0,15914,1499,0,-provider_default
loopback-434,2026-09-24T22:39:22+05:45,loopback,measure,mldsa,X25519,16.057,1,X25519,mldsa65,0,14793,290,0,-provider_default
loopback-435,2026-09-24T22:39:23+05:45,loopback,measure,mldsa,X25519,18.588,1,X25519,mldsa65,0,14793,290,0,-provider_default
loopback-436,2026-09-24T22:39:23+05:45,loopback,measure,ecdsa,SecP256r1MLKEM768,16.091,1,SecP256r1MLKEM768,ecdsa_secp256r1_sha256,0,2428,1499,0,-provider_default
loopback-437,2026-09-24T22:39:23+05:45,loopback,measure,mldsa,P-256,22.018,1,prime256v1,mldsa65,0,14826,323,0,-provider_default
loopback-438,2026-09-24T22:39:23+05:45,loopback,measure,ecdsa,X25519MLKEM768,16.794,1,X25519MLKEM768,ecdsa_secp256r1_sha256,0,2380,1466,0,-provider_default
loopback-439,2026-09-24T22:39:23+05:45,loopback,measure,ecdsa,X25519MLKEM768,17.339,1,X25519MLKEM768,ecdsa_secp256r1_sha256,0,2380,1466,0,-provider_default
loopback-440,2026-09-24T22:39:23+05:45,loopback,measure,mldsa,P-256,21.007,1,prime256v1,mldsa65,0,14826,323,0,-provider_default
loopback-441,2026-09-24T22:39:23+05:45,loopback,measure,ecdsa,SecP256r1MLKEM768,17.579,1,SecP256r1MLKEM768,ecdsa_secp256r1_sha256,0,2428,1499,0,-provider_default
loopback-442,2026-09-24T22:39:23+05:45,loopback,measure,mldsa,X25519MLKEM768,20.187,1,X25519MLKEM768,mldsa65,0,15867,1466,0,-provider_default
loopback-443,2026-09-24T22:39:23+05:45,loopback,measure,ecdsa,X25519MLKEM768,17.201,1,X25519MLKEM768,ecdsa_secp256r1_sha256,0,2379,1466,0,-provider_default
loopback-444,2026-09-24T22:39:23+05:45,loopback,measure,mldsa,X25519,16.988,1,X25519,mldsa65,0,14793,290,0,-provider_default
loopback-445,2026-09-24T22:39:23+05:45,loopback,measure,ecdsa,P-256,16.501,1,prime256v1,ecdsa_secp256r1_sha256,0,1338,323,0,-provider_default
loopback-446,2026-09-24T22:39:23+05:45,loopback,measure,ecdsa,P-256,15.753,1,prime256v1,ecdsa_secp256r1_sha256,0,1339,323,0,-provider_default
loopback-447,2026-09-24T22:39:23+05:45,loopback,measure,ecdsa,X25519MLKEM768,19.841,1,X25519MLKEM768,ecdsa_secp256r1_sha256,0,2379,1466,0,-provider_default
loopback-448,2026-09-24T22:39:23+05:45,loopback,measure,ecdsa,SecP256r1MLKEM768,16.321,1,SecP256r1MLKEM768,ecdsa_secp256r1_sha256,0,2428,1499,0,-provider_default
loopback-449,2026-09-24T22:39:23+05:45,loopback,measure,ecdsa,X25519,16.649,1,X25519,ecdsa_secp256r1_sha256,0,1305,290,0,-provider_default
loopback-450,2026-09-24T22:39:23+05:45,loopback,measure,mldsa,SecP256r1MLKEM768,18.050,1,SecP256r1MLKEM768,mldsa65,0,15914,1499,0,-provider_default
loopback-451,2026-09-24T22:39:24+05:45,loopback,measure,mldsa,X25519,17.853,1,X25519,mldsa65,0,14793,290,0,-provider_default
loopback-452,2026-09-24T22:39:24+05:45,loopback,measure,ecdsa,P-256,17.268,1,prime256v1,ecdsa_secp256r1_sha256,0,1340,323,0,-provider_default
loopback-453,2026-09-24T22:39:24+05:45,loopback,measure,mldsa,X25519MLKEM768,16.648,1,X25519MLKEM768,mldsa65,0,15867,1466,0,-provider_default
loopback-454,2026-09-24T22:39:24+05:45,loopback,measure,ecdsa,P-256,15.758,1,prime256v1,ecdsa_secp256r1_sha256,0,1340,323,0,-provider_default
loopback-455,2026-09-24T22:39:24+05:45,loopback,measure,mldsa,P-256,18.175,1,prime256v1,mldsa65,0,14826,323,0,-provider_default
loopback-456,2026-09-24T22:39:24+05:45,loopback,measure,ecdsa,X25519MLKEM768,17.615,1,X25519MLKEM768,ecdsa_secp256r1_sha256,0,2379,1466,0,-provider_default
loopback-457,2026-09-24T22:39:24+05:45,loopback,measure,mldsa,X25519MLKEM768,17.779,1,X25519MLKEM768,mldsa65,0,15867,1466,0,-provider_default
loopback-458,2026-09-24T22:39:24+05:45,loopback,measure,mldsa,P-256,21.366,1,prime256v1,mldsa65,0,14826,323,0,-provider_default
loopback-459,2026-09-24T22:39:24+05:45,loopback,measure,mldsa,SecP256r1MLKEM768,19.755,1,SecP256r1MLKEM768,mldsa65,0,15914,1499,0,-provider_default
loopback-460,2026-09-24T22:39:24+05:45,loopback,measure,mldsa,P-256,18.233,1,prime256v1,mldsa65,0,14826,323,0,-provider_default
loopback-461,2026-09-24T22:39:24+05:45,loopback,measure,mldsa,P-256,17.379,1,prime256v1,mldsa65,0,14826,323,0,-provider_default
loopback-462,2026-09-24T22:39:24+05:45,loopback,measure,mldsa,X25519MLKEM768,16.856,1,X25519MLKEM768,mldsa65,0,15867,1466,0,-provider_default
loopback-463,2026-09-24T22:39:24+05:45,loopback,measure,mldsa,X25519,19.431,1,X25519,mldsa65,0,14793,290,0,-provider_default
loopback-464,2026-09-24T22:39:24+05:45,loopback,measure,mldsa,X25519MLKEM768,18.989,1,X25519MLKEM768,mldsa65,0,15867,1466,0,-provider_default
loopback-465,2026-09-24T22:39:24+05:45,loopback,measure,ecdsa,P-256,17.366,1,prime256v1,ecdsa_secp256r1_sha256,0,1339,323,0,-provider_default
loopback-466,2026-09-24T22:39:24+05:45,loopback,measure,mldsa,X25519MLKEM768,20.227,1,X25519MLKEM768,mldsa65,0,15867,1466,0,-provider_default
loopback-467,2026-09-24T22:39:24+05:45,loopback,measure,ecdsa,X25519MLKEM768,17.565,1,X25519MLKEM768,ecdsa_secp256r1_sha256,0,2380,1466,0,-provider_default
loopback-468,2026-09-24T22:39:25+05:45,loopback,measure,mldsa,X25519,18.322,1,X25519,mldsa65,0,14793,290,0,-provider_default
loopback-469,2026-09-24T22:39:25+05:45,loopback,measure,ecdsa,SecP256r1MLKEM768,17.091,1,SecP256r1MLKEM768,ecdsa_secp256r1_sha256,0,2427,1499,0,-provider_default
loopback-470,2026-09-24T22:39:25+05:45,loopback,measure,ecdsa,X25519,16.332,1,X25519,ecdsa_secp256r1_sha256,0,1306,290,0,-provider_default
loopback-471,2026-09-24T22:39:25+05:45,loopback,measure,ecdsa,P-256,17.136,1,prime256v1,ecdsa_secp256r1_sha256,0,1338,323,0,-provider_default
loopback-472,2026-09-24T22:39:25+05:45,loopback,measure,ecdsa,P-256,16.320,1,prime256v1,ecdsa_secp256r1_sha256,0,1340,323,0,-provider_default
loopback-473,2026-09-24T22:39:25+05:45,loopback,measure,ecdsa,SecP256r1MLKEM768,16.772,1,SecP256r1MLKEM768,ecdsa_secp256r1_sha256,0,2426,1499,0,-provider_default
loopback-474,2026-09-24T22:39:25+05:45,loopback,measure,mldsa,SecP256r1MLKEM768,18.927,1,SecP256r1MLKEM768,mldsa65,0,15914,1499,0,-provider_default
loopback-475,2026-09-24T22:39:25+05:45,loopback,measure,mldsa,X25519,16.858,1,X25519,mldsa65,0,14793,290,0,-provider_default
loopback-476,2026-09-24T22:39:25+05:45,loopback,measure,ecdsa,P-256,16.067,1,prime256v1,ecdsa_secp256r1_sha256,0,1340,323,0,-provider_default
loopback-477,2026-09-24T22:39:25+05:45,loopback,measure,ecdsa,SecP256r1MLKEM768,16.492,1,SecP256r1MLKEM768,ecdsa_secp256r1_sha256,0,2428,1499,0,-provider_default
loopback-478,2026-09-24T22:39:25+05:45,loopback,measure,ecdsa,SecP256r1MLKEM768,16.801,1,SecP256r1MLKEM768,ecdsa_secp256r1_sha256,0,2427,1499,0,-provider_default
loopback-479,2026-09-24T22:39:25+05:45,loopback,measure,mldsa,P-256,16.891,1,prime256v1,mldsa65,0,14826,323,0,-provider_default
loopback-480,2026-09-24T22:39:25+05:45,loopback,measure,mldsa,X25519MLKEM768,18.867,1,X25519MLKEM768,mldsa65,0,15867,1466,0,-provider_default
loopback-481,2026-09-24T22:39:25+05:45,loopback,measure,ecdsa,SecP256r1MLKEM768,17.141,1,SecP256r1MLKEM768,ecdsa_secp256r1_sha256,0,2427,1499,0,-provider_default
loopback-482,2026-09-24T22:39:25+05:45,loopback,measure,ecdsa,P-256,16.895,1,prime256v1,ecdsa_secp256r1_sha256,0,1340,323,0,-provider_default
loopback-483,2026-09-24T22:39:25+05:45,loopback,measure,mldsa,X25519MLKEM768,18.865,1,X25519MLKEM768,mldsa65,0,15867,1466,0,-provider_default
loopback-484,2026-09-24T22:39:25+05:45,loopback,measure,ecdsa,X25519,17.736,1,X25519,ecdsa_secp256r1_sha256,0,1306,290,0,-provider_default
loopback-485,2026-09-24T22:39:26+05:45,loopback,measure,ecdsa,X25519MLKEM768,16.646,1,X25519MLKEM768,ecdsa_secp256r1_sha256,0,2379,1466,0,-provider_default
loopback-486,2026-09-24T22:39:26+05:45,loopback,measure,ecdsa,X25519MLKEM768,16.929,1,X25519MLKEM768,ecdsa_secp256r1_sha256,0,2379,1466,0,-provider_default
loopback-487,2026-09-24T22:39:26+05:45,loopback,measure,ecdsa,X25519MLKEM768,16.449,1,X25519MLKEM768,ecdsa_secp256r1_sha256,0,2381,1466,0,-provider_default
loopback-488,2026-09-24T22:39:26+05:45,loopback,measure,ecdsa,P-256,16.026,1,prime256v1,ecdsa_secp256r1_sha256,0,1339,323,0,-provider_default
loopback-489,2026-09-24T22:39:26+05:45,loopback,measure,ecdsa,P-256,15.699,1,prime256v1,ecdsa_secp256r1_sha256,0,1339,323,0,-provider_default
loopback-490,2026-09-24T22:39:26+05:45,loopback,measure,ecdsa,X25519MLKEM768,16.170,1,X25519MLKEM768,ecdsa_secp256r1_sha256,0,2380,1466,0,-provider_default
loopback-491,2026-09-24T22:39:26+05:45,loopback,measure,mldsa,X25519MLKEM768,19.273,1,X25519MLKEM768,mldsa65,0,15867,1466,0,-provider_default
loopback-492,2026-09-24T22:39:26+05:45,loopback,measure,mldsa,X25519,18.740,1,X25519,mldsa65,0,14793,290,0,-provider_default
loopback-493,2026-09-24T22:39:26+05:45,loopback,measure,ecdsa,SecP256r1MLKEM768,15.896,1,SecP256r1MLKEM768,ecdsa_secp256r1_sha256,0,2428,1499,0,-provider_default
loopback-494,2026-09-24T22:39:26+05:45,loopback,measure,ecdsa,X25519MLKEM768,16.074,1,X25519MLKEM768,ecdsa_secp256r1_sha256,0,2381,1466,0,-provider_default
loopback-495,2026-09-24T22:39:26+05:45,loopback,measure,mldsa,SecP256r1MLKEM768,17.036,1,SecP256r1MLKEM768,mldsa65,0,15914,1499,0,-provider_default
loopback-496,2026-09-24T22:39:26+05:45,loopback,measure,ecdsa,SecP256r1MLKEM768,17.232,1,SecP256r1MLKEM768,ecdsa_secp256r1_sha256,0,2426,1499,0,-provider_default
loopback-497,2026-09-24T22:39:26+05:45,loopback,measure,ecdsa,X25519MLKEM768,18.199,1,X25519MLKEM768,ecdsa_secp256r1_sha256,0,2380,1466,0,-provider_default
loopback-498,2026-09-24T22:39:26+05:45,loopback,measure,mldsa,P-256,23.146,1,prime256v1,mldsa65,0,14826,323,0,-provider_default
loopback-499,2026-09-24T22:39:26+05:45,loopback,measure,mldsa,SecP256r1MLKEM768,26.913,1,SecP256r1MLKEM768,mldsa65,0,15914,1499,0,-provider_default
loopback-500,2026-09-24T22:39:26+05:45,loopback,measure,mldsa,P-256,25.970,1,prime256v1,mldsa65,0,14826,323,0,-provider_default
loopback-501,2026-09-24T22:39:27+05:45,loopback,measure,ecdsa,X25519,19.198,1,X25519,ecdsa_secp256r1_sha256,0,1306,290,0,-provider_default
loopback-502,2026-09-24T22:39:27+05:45,loopback,measure,mldsa,SecP256r1MLKEM768,20.797,1,SecP256r1MLKEM768,mldsa65,0,15914,1499,0,-provider_default
loopback-503,2026-09-24T22:39:27+05:45,loopback,measure,mldsa,P-256,21.808,1,prime256v1,mldsa65,0,14826,323,0,-provider_default
loopback-504,2026-09-24T22:39:27+05:45,loopback,measure,mldsa,SecP256r1MLKEM768,19.338,1,SecP256r1MLKEM768,mldsa65,0,15914,1499,0,-provider_default
loopback-505,2026-09-24T22:39:27+05:45,loopback,measure,ecdsa,P-256,17.403,1,prime256v1,ecdsa_secp256r1_sha256,0,1338,323,0,-provider_default
loopback-506,2026-09-24T22:39:27+05:45,loopback,measure,ecdsa,X25519MLKEM768,19.357,1,X25519MLKEM768,ecdsa_secp256r1_sha256,0,2380,1466,0,-provider_default
loopback-507,2026-09-24T22:39:27+05:45,loopback,measure,mldsa,X25519,24.200,1,X25519,mldsa65,0,14793,290,0,-provider_default
loopback-508,2026-09-24T22:39:27+05:45,loopback,measure,mldsa,P-256,18.982,1,prime256v1,mldsa65,0,14826,323,0,-provider_default
loopback-509,2026-09-24T22:39:27+05:45,loopback,measure,mldsa,X25519MLKEM768,19.356,1,X25519MLKEM768,mldsa65,0,15867,1466,0,-provider_default
loopback-510,2026-09-24T22:39:27+05:45,loopback,measure,ecdsa,P-256,16.845,1,prime256v1,ecdsa_secp256r1_sha256,0,1339,323,0,-provider_default
loopback-511,2026-09-24T22:39:27+05:45,loopback,measure,mldsa,X25519MLKEM768,19.250,1,X25519MLKEM768,mldsa65,0,15867,1466,0,-provider_default
loopback-512,2026-09-24T22:39:27+05:45,loopback,measure,ecdsa,P-256,16.857,1,prime256v1,ecdsa_secp256r1_sha256,0,1338,323,0,-provider_default
loopback-513,2026-09-24T22:39:27+05:45,loopback,measure,mldsa,P-256,18.822,1,prime256v1,mldsa65,0,14826,323,0,-provider_default
loopback-514,2026-09-24T22:39:27+05:45,loopback,measure,ecdsa,SecP256r1MLKEM768,18.431,1,SecP256r1MLKEM768,ecdsa_secp256r1_sha256,0,2427,1499,0,-provider_default
loopback-515,2026-09-24T22:39:27+05:45,loopback,measure,ecdsa,X25519,17.897,1,X25519,ecdsa_secp256r1_sha256,0,1306,290,0,-provider_default
loopback-516,2026-09-24T22:39:27+05:45,loopback,measure,mldsa,P-256,18.825,1,prime256v1,mldsa65,0,14826,323,0,-provider_default
loopback-517,2026-09-24T22:39:28+05:45,loopback,measure,mldsa,P-256,19.631,1,prime256v1,mldsa65,0,14826,323,0,-provider_default
loopback-518,2026-09-24T22:39:28+05:45,loopback,measure,ecdsa,SecP256r1MLKEM768,18.032,1,SecP256r1MLKEM768,ecdsa_secp256r1_sha256,0,2427,1499,0,-provider_default
loopback-519,2026-09-24T22:39:28+05:45,loopback,measure,mldsa,SecP256r1MLKEM768,18.723,1,SecP256r1MLKEM768,mldsa65,0,15914,1499,0,-provider_default
loopback-520,2026-09-24T22:39:28+05:45,loopback,measure,mldsa,SecP256r1MLKEM768,20.119,1,SecP256r1MLKEM768,mldsa65,0,15914,1499,0,-provider_default
loopback-521,2026-09-24T22:39:28+05:45,loopback,measure,ecdsa,P-256,17.679,1,prime256v1,ecdsa_secp256r1_sha256,0,1339,323,0,-provider_default
loopback-522,2026-09-24T22:39:28+05:45,loopback,measure,mldsa,SecP256r1MLKEM768,18.420,1,SecP256r1MLKEM768,mldsa65,0,15914,1499,0,-provider_default
loopback-523,2026-09-24T22:39:28+05:45,loopback,measure,ecdsa,X25519,17.573,1,X25519,ecdsa_secp256r1_sha256,0,1306,290,0,-provider_default
loopback-524,2026-09-24T22:39:28+05:45,loopback,measure,ecdsa,P-256,17.493,1,prime256v1,ecdsa_secp256r1_sha256,0,1340,323,0,-provider_default
loopback-525,2026-09-24T22:39:28+05:45,loopback,measure,ecdsa,SecP256r1MLKEM768,17.843,1,SecP256r1MLKEM768,ecdsa_secp256r1_sha256,0,2428,1499,0,-provider_default
loopback-526,2026-09-24T22:39:28+05:45,loopback,measure,mldsa,SecP256r1MLKEM768,19.948,1,SecP256r1MLKEM768,mldsa65,0,15914,1499,0,-provider_default
loopback-527,2026-09-24T22:39:28+05:45,loopback,measure,mldsa,X25519MLKEM768,19.259,1,X25519MLKEM768,mldsa65,0,15867,1466,0,-provider_default
loopback-528,2026-09-24T22:39:28+05:45,loopback,measure,mldsa,X25519,18.257,1,X25519,mldsa65,0,14793,290,0,-provider_default
loopback-529,2026-09-24T22:39:28+05:45,loopback,measure,ecdsa,X25519,16.695,1,X25519,ecdsa_secp256r1_sha256,0,1306,290,0,-provider_default
loopback-530,2026-09-24T22:39:28+05:45,loopback,measure,ecdsa,P-256,17.166,1,prime256v1,ecdsa_secp256r1_sha256,0,1339,323,0,-provider_default
loopback-531,2026-09-24T22:39:28+05:45,loopback,measure,ecdsa,SecP256r1MLKEM768,17.945,1,SecP256r1MLKEM768,ecdsa_secp256r1_sha256,0,2428,1499,0,-provider_default
loopback-532,2026-09-24T22:39:28+05:45,loopback,measure,mldsa,X25519MLKEM768,18.872,1,X25519MLKEM768,mldsa65,0,15867,1466,0,-provider_default
loopback-533,2026-09-24T22:39:29+05:45,loopback,measure,mldsa,X25519MLKEM768,21.072,1,X25519MLKEM768,mldsa65,0,15867,1466,0,-provider_default
loopback-534,2026-09-24T22:39:29+05:45,loopback,measure,ecdsa,X25519MLKEM768,18.980,1,X25519MLKEM768,ecdsa_secp256r1_sha256,0,2380,1466,0,-provider_default
loopback-535,2026-09-24T22:39:29+05:45,loopback,measure,mldsa,P-256,19.772,1,prime256v1,mldsa65,0,14826,323,0,-provider_default
loopback-536,2026-09-24T22:39:29+05:45,loopback,measure,mldsa,SecP256r1MLKEM768,20.026,1,SecP256r1MLKEM768,mldsa65,0,15914,1499,0,-provider_default
loopback-537,2026-09-24T22:39:29+05:45,loopback,measure,ecdsa,SecP256r1MLKEM768,19.529,1,SecP256r1MLKEM768,ecdsa_secp256r1_sha256,0,2428,1499,0,-provider_default
loopback-538,2026-09-24T22:39:29+05:45,loopback,measure,mldsa,X25519,20.069,1,X25519,mldsa65,0,14793,290,0,-provider_default
loopback-539,2026-09-24T22:39:29+05:45,loopback,measure,mldsa,X25519,19.106,1,X25519,mldsa65,0,14793,290,0,-provider_default
loopback-540,2026-09-24T22:39:29+05:45,loopback,measure,ecdsa,SecP256r1MLKEM768,19.108,1,SecP256r1MLKEM768,ecdsa_secp256r1_sha256,0,2427,1499,0,-provider_default
loopback-541,2026-09-24T22:39:29+05:45,loopback,measure,mldsa,SecP256r1MLKEM768,21.536,1,SecP256r1MLKEM768,mldsa65,0,15914,1499,0,-provider_default
loopback-542,2026-09-24T22:39:29+05:45,loopback,measure,mldsa,P-256,20.880,1,prime256v1,mldsa65,0,14826,323,0,-provider_default
loopback-543,2026-09-24T22:39:29+05:45,loopback,measure,mldsa,P-256,21.330,1,prime256v1,mldsa65,0,14826,323,0,-provider_default
loopback-544,2026-09-24T22:39:29+05:45,loopback,measure,mldsa,P-256,20.023,1,prime256v1,mldsa65,0,14826,323,0,-provider_default
loopback-545,2026-09-24T22:39:29+05:45,loopback,measure,ecdsa,X25519MLKEM768,18.337,1,X25519MLKEM768,ecdsa_secp256r1_sha256,0,2380,1466,0,-provider_default
loopback-546,2026-09-24T22:39:29+05:45,loopback,measure,mldsa,X25519,18.669,1,X25519,mldsa65,0,14793,290,0,-provider_default
loopback-547,2026-09-24T22:39:29+05:45,loopback,measure,ecdsa,P-256,17.030,1,prime256v1,ecdsa_secp256r1_sha256,0,1340,323,0,-provider_default
loopback-548,2026-09-24T22:39:30+05:45,loopback,measure,mldsa,X25519MLKEM768,19.206,1,X25519MLKEM768,mldsa65,0,15867,1466,0,-provider_default
loopback-549,2026-09-24T22:39:30+05:45,loopback,measure,ecdsa,X25519,17.943,1,X25519,ecdsa_secp256r1_sha256,0,1307,290,0,-provider_default
loopback-550,2026-09-24T22:39:30+05:45,loopback,measure,mldsa,X25519MLKEM768,18.311,1,X25519MLKEM768,mldsa65,0,15867,1466,0,-provider_default
loopback-551,2026-09-24T22:39:30+05:45,loopback,measure,mldsa,P-256,18.373,1,prime256v1,mldsa65,0,14826,323,0,-provider_default
loopback-552,2026-09-24T22:39:30+05:45,loopback,measure,mldsa,X25519,18.365,1,X25519,mldsa65,0,14793,290,0,-provider_default
loopback-553,2026-09-24T22:39:30+05:45,loopback,measure,mldsa,X25519MLKEM768,21.751,1,X25519MLKEM768,mldsa65,0,15867,1466,0,-provider_default
loopback-554,2026-09-24T22:39:30+05:45,loopback,measure,ecdsa,X25519MLKEM768,17.406,1,X25519MLKEM768,ecdsa_secp256r1_sha256,0,2380,1466,0,-provider_default
loopback-555,2026-09-24T22:39:30+05:45,loopback,measure,ecdsa,SecP256r1MLKEM768,18.556,1,SecP256r1MLKEM768,ecdsa_secp256r1_sha256,0,2427,1499,0,-provider_default
loopback-556,2026-09-24T22:39:30+05:45,loopback,measure,ecdsa,X25519MLKEM768,18.552,1,X25519MLKEM768,ecdsa_secp256r1_sha256,0,2380,1466,0,-provider_default
loopback-557,2026-09-24T22:39:30+05:45,loopback,measure,ecdsa,X25519,17.057,1,X25519,ecdsa_secp256r1_sha256,0,1306,290,0,-provider_default
loopback-558,2026-09-24T22:39:30+05:45,loopback,measure,ecdsa,X25519,17.101,1,X25519,ecdsa_secp256r1_sha256,0,1307,290,0,-provider_default
loopback-559,2026-09-24T22:39:30+05:45,loopback,measure,ecdsa,SecP256r1MLKEM768,18.593,1,SecP256r1MLKEM768,ecdsa_secp256r1_sha256,0,2428,1499,0,-provider_default
loopback-560,2026-09-24T22:39:30+05:45,loopback,measure,ecdsa,P-256,18.612,1,prime256v1,ecdsa_secp256r1_sha256,0,1338,323,0,-provider_default
loopback-561,2026-09-24T22:39:30+05:45,loopback,measure,mldsa,P-256,18.303,1,prime256v1,mldsa65,0,14826,323,0,-provider_default
loopback-562,2026-09-24T22:39:30+05:45,loopback,measure,mldsa,X25519MLKEM768,18.814,1,X25519MLKEM768,mldsa65,0,15867,1466,0,-provider_default
loopback-563,2026-09-24T22:39:30+05:45,loopback,measure,mldsa,X25519MLKEM768,18.866,1,X25519MLKEM768,mldsa65,0,15867,1466,0,-provider_default
loopback-564,2026-09-24T22:39:31+05:45,loopback,measure,mldsa,X25519,19.574,1,X25519,mldsa65,0,14793,290,0,-provider_default
loopback-565,2026-09-24T22:39:31+05:45,loopback,measure,ecdsa,P-256,18.875,1,prime256v1,ecdsa_secp256r1_sha256,0,1339,323,0,-provider_default
loopback-566,2026-09-24T22:39:31+05:45,loopback,measure,mldsa,SecP256r1MLKEM768,19.805,1,SecP256r1MLKEM768,mldsa65,0,15914,1499,0,-provider_default
loopback-567,2026-09-24T22:39:31+05:45,loopback,measure,mldsa,X25519MLKEM768,20.647,1,X25519MLKEM768,mldsa65,0,15867,1466,0,-provider_default
loopback-568,2026-09-24T22:39:31+05:45,loopback,measure,mldsa,SecP256r1MLKEM768,18.437,1,SecP256r1MLKEM768,mldsa65,0,15914,1499,0,-provider_default
loopback-569,2026-09-24T22:39:31+05:45,loopback,measure,ecdsa,X25519MLKEM768,18.518,1,X25519MLKEM768,ecdsa_secp256r1_sha256,0,2379,1466,0,-provider_default
loopback-570,2026-09-24T22:39:31+05:45,loopback,measure,ecdsa,SecP256r1MLKEM768,18.145,1,SecP256r1MLKEM768,ecdsa_secp256r1_sha256,0,2426,1499,0,-provider_default
loopback-571,2026-09-24T22:39:31+05:45,loopback,measure,mldsa,X25519,17.563,1,X25519,mldsa65,0,14793,290,0,-provider_default
loopback-572,2026-09-24T22:39:31+05:45,loopback,measure,ecdsa,X25519MLKEM768,17.389,1,X25519MLKEM768,ecdsa_secp256r1_sha256,0,2380,1466,0,-provider_default
loopback-573,2026-09-24T22:39:31+05:45,loopback,measure,mldsa,X25519,17.754,1,X25519,mldsa65,0,14793,290,0,-provider_default
loopback-574,2026-09-24T22:39:31+05:45,loopback,measure,mldsa,P-256,19.076,1,prime256v1,mldsa65,0,14826,323,0,-provider_default
loopback-575,2026-09-24T22:39:31+05:45,loopback,measure,mldsa,SecP256r1MLKEM768,20.715,1,SecP256r1MLKEM768,mldsa65,0,15914,1499,0,-provider_default
loopback-576,2026-09-24T22:39:31+05:45,loopback,measure,ecdsa,X25519,16.718,1,X25519,ecdsa_secp256r1_sha256,0,1307,290,0,-provider_default
loopback-577,2026-09-24T22:39:31+05:45,loopback,measure,mldsa,SecP256r1MLKEM768,18.559,1,SecP256r1MLKEM768,mldsa65,0,15914,1499,0,-provider_default
loopback-578,2026-09-24T22:39:31+05:45,loopback,measure,ecdsa,X25519,17.570,1,X25519,ecdsa_secp256r1_sha256,0,1306,290,0,-provider_default
loopback-579,2026-09-24T22:39:31+05:45,loopback,measure,ecdsa,X25519MLKEM768,17.371,1,X25519MLKEM768,ecdsa_secp256r1_sha256,0,2380,1466,0,-provider_default
loopback-580,2026-09-24T22:39:31+05:45,loopback,measure,ecdsa,X25519MLKEM768,18.399,1,X25519MLKEM768,ecdsa_secp256r1_sha256,0,2381,1466,0,-provider_default
loopback-581,2026-09-24T22:39:32+05:45,loopback,measure,mldsa,X25519MLKEM768,22.965,1,X25519MLKEM768,mldsa65,0,15867,1466,0,-provider_default
loopback-582,2026-09-24T22:39:32+05:45,loopback,measure,ecdsa,P-256,17.168,1,prime256v1,ecdsa_secp256r1_sha256,0,1340,323,0,-provider_default
loopback-583,2026-09-24T22:39:32+05:45,loopback,measure,ecdsa,P-256,17.636,1,prime256v1,ecdsa_secp256r1_sha256,0,1340,323,0,-provider_default
loopback-584,2026-09-24T22:39:32+05:45,loopback,measure,ecdsa,P-256,18.138,1,prime256v1,ecdsa_secp256r1_sha256,0,1338,323,0,-provider_default
loopback-585,2026-09-24T22:39:32+05:45,loopback,measure,ecdsa,SecP256r1MLKEM768,18.408,1,SecP256r1MLKEM768,ecdsa_secp256r1_sha256,0,2427,1499,0,-provider_default
loopback-586,2026-09-24T22:39:32+05:45,loopback,measure,mldsa,P-256,19.247,1,prime256v1,mldsa65,0,14826,323,0,-provider_default
loopback-587,2026-09-24T22:39:32+05:45,loopback,measure,mldsa,SecP256r1MLKEM768,18.364,1,SecP256r1MLKEM768,mldsa65,0,15914,1499,0,-provider_default
loopback-588,2026-09-24T22:39:32+05:45,loopback,measure,ecdsa,P-256,17.965,1,prime256v1,ecdsa_secp256r1_sha256,0,1340,323,0,-provider_default
loopback-589,2026-09-24T22:39:32+05:45,loopback,measure,mldsa,SecP256r1MLKEM768,19.142,1,SecP256r1MLKEM768,mldsa65,0,15914,1499,0,-provider_default
loopback-590,2026-09-24T22:39:32+05:45,loopback,measure,ecdsa,X25519,16.963,1,X25519,ecdsa_secp256r1_sha256,0,1307,290,0,-provider_default
loopback-591,2026-09-24T22:39:32+05:45,loopback,measure,ecdsa,P-256,17.609,1,prime256v1,ecdsa_secp256r1_sha256,0,1340,323,0,-provider_default
loopback-592,2026-09-24T22:39:32+05:45,loopback,measure,mldsa,X25519,20.224,1,X25519,mldsa65,0,14793,290,0,-provider_default
loopback-593,2026-09-24T22:39:32+05:45,loopback,measure,ecdsa,X25519MLKEM768,17.684,1,X25519MLKEM768,ecdsa_secp256r1_sha256,0,2379,1466,0,-provider_default
loopback-594,2026-09-24T22:39:32+05:45,loopback,measure,mldsa,X25519,19.009,1,X25519,mldsa65,0,14793,290,0,-provider_default
loopback-595,2026-09-24T22:39:32+05:45,loopback,measure,mldsa,P-256,19.607,1,prime256v1,mldsa65,0,14826,323,0,-provider_default
loopback-596,2026-09-24T22:39:32+05:45,loopback,measure,ecdsa,X25519,16.882,1,X25519,ecdsa_secp256r1_sha256,0,1307,290,0,-provider_default
loopback-597,2026-09-24T22:39:33+05:45,loopback,measure,ecdsa,X25519,18.000,1,X25519,ecdsa_secp256r1_sha256,0,1305,290,0,-provider_default
loopback-598,2026-09-24T22:39:33+05:45,loopback,measure,mldsa,SecP256r1MLKEM768,25.482,1,SecP256r1MLKEM768,mldsa65,0,15914,1499,0,-provider_default
loopback-599,2026-09-24T22:39:33+05:45,loopback,measure,ecdsa,SecP256r1MLKEM768,17.716,1,SecP256r1MLKEM768,ecdsa_secp256r1_sha256,0,2428,1499,0,-provider_default
loopback-600,2026-09-24T22:39:33+05:45,loopback,measure,ecdsa,X25519MLKEM768,17.182,1,X25519MLKEM768,ecdsa_secp256r1_sha256,0,2381,1466,0,-provider_default
loopback-601,2026-09-24T22:39:33+05:45,loopback,measure,mldsa,P-256,18.481,1,prime256v1,mldsa65,0,14826,323,0,-provider_default
loopback-602,2026-09-24T22:39:33+05:45,loopback,measure,mldsa,SecP256r1MLKEM768,20.888,1,SecP256r1MLKEM768,mldsa65,0,15914,1499,0,-provider_default
loopback-603,2026-09-24T22:39:33+05:45,loopback,measure,ecdsa,X25519,16.760,1,X25519,ecdsa_secp256r1_sha256,0,1307,290,0,-provider_default
loopback-604,2026-09-24T22:39:33+05:45,loopback,measure,ecdsa,SecP256r1MLKEM768,17.934,1,SecP256r1MLKEM768,ecdsa_secp256r1_sha256,0,2426,1499,0,-provider_default
loopback-605,2026-09-24T22:39:33+05:45,loopback,measure,ecdsa,X25519MLKEM768,17.331,1,X25519MLKEM768,ecdsa_secp256r1_sha256,0,2379,1466,0,-provider_default
loopback-606,2026-09-24T22:39:33+05:45,loopback,measure,ecdsa,SecP256r1MLKEM768,17.520,1,SecP256r1MLKEM768,ecdsa_secp256r1_sha256,0,2426,1499,0,-provider_default
loopback-607,2026-09-24T22:39:33+05:45,loopback,measure,mldsa,X25519MLKEM768,18.634,1,X25519MLKEM768,mldsa65,0,15867,1466,0,-provider_default
loopback-608,2026-09-24T22:39:33+05:45,loopback,measure,mldsa,X25519MLKEM768,18.136,1,X25519MLKEM768,mldsa65,0,15867,1466,0,-provider_default
loopback-609,2026-09-24T22:39:33+05:45,loopback,measure,ecdsa,SecP256r1MLKEM768,18.212,1,SecP256r1MLKEM768,ecdsa_secp256r1_sha256,0,2428,1499,0,-provider_default
loopback-610,2026-09-24T22:39:33+05:45,loopback,measure,ecdsa,X25519,16.851,1,X25519,ecdsa_secp256r1_sha256,0,1305,290,0,-provider_default
loopback-611,2026-09-24T22:39:33+05:45,loopback,measure,mldsa,X25519MLKEM768,21.581,1,X25519MLKEM768,mldsa65,0,15867,1466,0,-provider_default
loopback-612,2026-09-24T22:39:33+05:45,loopback,measure,mldsa,X25519,20.824,1,X25519,mldsa65,0,14793,290,0,-provider_default
loopback-613,2026-09-24T22:39:34+05:45,loopback,measure,mldsa,X25519MLKEM768,23.567,1,X25519MLKEM768,mldsa65,0,15867,1466,0,-provider_default
loopback-614,2026-09-24T22:39:34+05:45,loopback,measure,mldsa,SecP256r1MLKEM768,20.001,1,SecP256r1MLKEM768,mldsa65,0,15914,1499,0,-provider_default
loopback-615,2026-09-24T22:39:34+05:45,loopback,measure,mldsa,X25519MLKEM768,19.455,1,X25519MLKEM768,mldsa65,0,15867,1466,0,-provider_default
loopback-616,2026-09-24T22:39:34+05:45,loopback,measure,mldsa,X25519,19.547,1,X25519,mldsa65,0,14793,290,0,-provider_default
loopback-617,2026-09-24T22:39:34+05:45,loopback,measure,ecdsa,SecP256r1MLKEM768,18.446,1,SecP256r1MLKEM768,ecdsa_secp256r1_sha256,0,2426,1499,0,-provider_default
loopback-618,2026-09-24T22:39:34+05:45,loopback,measure,ecdsa,X25519MLKEM768,18.082,1,X25519MLKEM768,ecdsa_secp256r1_sha256,0,2380,1466,0,-provider_default
loopback-619,2026-09-24T22:39:34+05:45,loopback,measure,mldsa,SecP256r1MLKEM768,19.086,1,SecP256r1MLKEM768,mldsa65,0,15914,1499,0,-provider_default
loopback-620,2026-09-24T22:39:34+05:45,loopback,measure,ecdsa,X25519MLKEM768,18.046,1,X25519MLKEM768,ecdsa_secp256r1_sha256,0,2380,1466,0,-provider_default
loopback-621,2026-09-24T22:39:34+05:45,loopback,measure,ecdsa,X25519,17.612,1,X25519,ecdsa_secp256r1_sha256,0,1306,290,0,-provider_default
loopback-622,2026-09-24T22:39:34+05:45,loopback,measure,mldsa,X25519MLKEM768,21.626,1,X25519MLKEM768,mldsa65,0,15867,1466,0,-provider_default
loopback-623,2026-09-24T22:39:34+05:45,loopback,measure,mldsa,X25519,18.438,1,X25519,mldsa65,0,14793,290,0,-provider_default
loopback-624,2026-09-24T22:39:34+05:45,loopback,measure,mldsa,SecP256r1MLKEM768,21.576,1,SecP256r1MLKEM768,mldsa65,0,15914,1499,0,-provider_default
loopback-625,2026-09-24T22:39:34+05:45,loopback,measure,mldsa,X25519,18.664,1,X25519,mldsa65,0,14793,290,0,-provider_default
loopback-626,2026-09-24T22:39:34+05:45,loopback,measure,mldsa,X25519,18.760,1,X25519,mldsa65,0,14793,290,0,-provider_default
loopback-627,2026-09-24T22:39:34+05:45,loopback,measure,ecdsa,P-256,17.721,1,prime256v1,ecdsa_secp256r1_sha256,0,1338,323,0,-provider_default
loopback-628,2026-09-24T22:39:34+05:45,loopback,measure,ecdsa,P-256,17.293,1,prime256v1,ecdsa_secp256r1_sha256,0,1338,323,0,-provider_default
loopback-629,2026-09-24T22:39:35+05:45,loopback,measure,mldsa,P-256,20.571,1,prime256v1,mldsa65,0,14826,323,0,-provider_default
loopback-630,2026-09-24T22:39:35+05:45,loopback,measure,mldsa,X25519,18.341,1,X25519,mldsa65,0,14793,290,0,-provider_default
loopback-631,2026-09-24T22:39:35+05:45,loopback,measure,ecdsa,X25519MLKEM768,17.979,1,X25519MLKEM768,ecdsa_secp256r1_sha256,0,2381,1466,0,-provider_default
loopback-632,2026-09-24T22:39:35+05:45,loopback,measure,ecdsa,SecP256r1MLKEM768,18.441,1,SecP256r1MLKEM768,ecdsa_secp256r1_sha256,0,2427,1499,0,-provider_default
loopback-633,2026-09-24T22:39:35+05:45,loopback,measure,mldsa,SecP256r1MLKEM768,19.035,1,SecP256r1MLKEM768,mldsa65,0,15914,1499,0,-provider_default
loopback-634,2026-09-24T22:39:35+05:45,loopback,measure,mldsa,X25519MLKEM768,18.671,1,X25519MLKEM768,mldsa65,0,15867,1466,0,-provider_default
loopback-635,2026-09-24T22:39:35+05:45,loopback,measure,mldsa,X25519MLKEM768,19.400,1,X25519MLKEM768,mldsa65,0,15867,1466,0,-provider_default
loopback-636,2026-09-24T22:39:35+05:45,loopback,measure,ecdsa,P-256,18.215,1,prime256v1,ecdsa_secp256r1_sha256,0,1338,323,0,-provider_default
loopback-637,2026-09-24T22:39:35+05:45,loopback,measure,mldsa,X25519MLKEM768,18.551,1,X25519MLKEM768,mldsa65,0,15867,1466,0,-provider_default
loopback-638,2026-09-24T22:39:35+05:45,loopback,measure,ecdsa,P-256,17.964,1,prime256v1,ecdsa_secp256r1_sha256,0,1339,323,0,-provider_default
loopback-639,2026-09-24T22:39:35+05:45,loopback,measure,ecdsa,X25519,17.651,1,X25519,ecdsa_secp256r1_sha256,0,1305,290,0,-provider_default
loopback-640,2026-09-24T22:39:35+05:45,loopback,measure,mldsa,X25519,19.017,1,X25519,mldsa65,0,14793,290,0,-provider_default
loopback-641,2026-09-24T22:39:35+05:45,loopback,measure,mldsa,SecP256r1MLKEM768,24.006,1,SecP256r1MLKEM768,mldsa65,0,15914,1499,0,-provider_default
loopback-642,2026-09-24T22:39:35+05:45,loopback,measure,ecdsa,SecP256r1MLKEM768,18.021,1,SecP256r1MLKEM768,ecdsa_secp256r1_sha256,0,2427,1499,0,-provider_default
loopback-643,2026-09-24T22:39:35+05:45,loopback,measure,ecdsa,SecP256r1MLKEM768,17.538,1,SecP256r1MLKEM768,ecdsa_secp256r1_sha256,0,2427,1499,0,-provider_default
loopback-644,2026-09-24T22:39:35+05:45,loopback,measure,ecdsa,P-256,17.531,1,prime256v1,ecdsa_secp256r1_sha256,0,1339,323,0,-provider_default
loopback-645,2026-09-24T22:39:36+05:45,loopback,measure,ecdsa,X25519MLKEM768,18.512,1,X25519MLKEM768,ecdsa_secp256r1_sha256,0,2380,1466,0,-provider_default
loopback-646,2026-09-24T22:39:36+05:45,loopback,measure,mldsa,X25519MLKEM768,19.600,1,X25519MLKEM768,mldsa65,0,15867,1466,0,-provider_default
loopback-647,2026-09-24T22:39:36+05:45,loopback,measure,mldsa,X25519,17.686,1,X25519,mldsa65,0,14793,290,0,-provider_default
loopback-648,2026-09-24T22:39:36+05:45,loopback,measure,mldsa,X25519MLKEM768,19.114,1,X25519MLKEM768,mldsa65,0,15867,1466,0,-provider_default
loopback-649,2026-09-24T22:39:36+05:45,loopback,measure,ecdsa,X25519,18.013,1,X25519,ecdsa_secp256r1_sha256,0,1306,290,0,-provider_default
loopback-650,2026-09-24T22:39:36+05:45,loopback,measure,ecdsa,SecP256r1MLKEM768,18.981,1,SecP256r1MLKEM768,ecdsa_secp256r1_sha256,0,2426,1499,0,-provider_default
loopback-651,2026-09-24T22:39:36+05:45,loopback,measure,mldsa,X25519MLKEM768,19.489,1,X25519MLKEM768,mldsa65,0,15867,1466,0,-provider_default
loopback-652,2026-09-24T22:39:36+05:45,loopback,measure,mldsa,SecP256r1MLKEM768,19.773,1,SecP256r1MLKEM768,mldsa65,0,15914,1499,0,-provider_default
loopback-653,2026-09-24T22:39:36+05:45,loopback,measure,ecdsa,P-256,17.815,1,prime256v1,ecdsa_secp256r1_sha256,0,1340,323,0,-provider_default
loopback-654,2026-09-24T22:39:36+05:45,loopback,measure,ecdsa,SecP256r1MLKEM768,18.138,1,SecP256r1MLKEM768,ecdsa_secp256r1_sha256,0,2427,1499,0,-provider_default
loopback-655,2026-09-24T22:39:36+05:45,loopback,measure,mldsa,X25519,20.237,1,X25519,mldsa65,0,14793,290,0,-provider_default
loopback-656,2026-09-24T22:39:36+05:45,loopback,measure,ecdsa,X25519MLKEM768,18.733,1,X25519MLKEM768,ecdsa_secp256r1_sha256,0,2380,1466,0,-provider_default
loopback-657,2026-09-24T22:39:36+05:45,loopback,measure,mldsa,X25519MLKEM768,21.253,1,X25519MLKEM768,mldsa65,0,15867,1466,0,-provider_default
loopback-658,2026-09-24T22:39:36+05:45,loopback,measure,ecdsa,X25519,17.541,1,X25519,ecdsa_secp256r1_sha256,0,1306,290,0,-provider_default
loopback-659,2026-09-24T22:39:36+05:45,loopback,measure,ecdsa,X25519MLKEM768,18.202,1,X25519MLKEM768,ecdsa_secp256r1_sha256,0,2381,1466,0,-provider_default
loopback-660,2026-09-24T22:39:36+05:45,loopback,measure,ecdsa,X25519,17.726,1,X25519,ecdsa_secp256r1_sha256,0,1306,290,0,-provider_default
loopback-661,2026-09-24T22:39:37+05:45,loopback,measure,mldsa,X25519,21.272,1,X25519,mldsa65,0,14793,290,0,-provider_default
loopback-662,2026-09-24T22:39:37+05:45,loopback,measure,ecdsa,X25519,17.830,1,X25519,ecdsa_secp256r1_sha256,0,1307,290,0,-provider_default
loopback-663,2026-09-24T22:39:37+05:45,loopback,measure,ecdsa,P-256,17.210,1,prime256v1,ecdsa_secp256r1_sha256,0,1339,323,0,-provider_default
loopback-664,2026-09-24T22:39:37+05:45,loopback,measure,mldsa,SecP256r1MLKEM768,19.519,1,SecP256r1MLKEM768,mldsa65,0,15914,1499,0,-provider_default
loopback-665,2026-09-24T22:39:37+05:45,loopback,measure,ecdsa,X25519,18.123,1,X25519,ecdsa_secp256r1_sha256,0,1306,290,0,-provider_default
loopback-666,2026-09-24T22:39:37+05:45,loopback,measure,mldsa,X25519MLKEM768,19.826,1,X25519MLKEM768,mldsa65,0,15867,1466,0,-provider_default
loopback-667,2026-09-24T22:39:37+05:45,loopback,measure,mldsa,X25519,17.514,1,X25519,mldsa65,0,14793,290,0,-provider_default
loopback-668,2026-09-24T22:39:37+05:45,loopback,measure,mldsa,SecP256r1MLKEM768,18.573,1,SecP256r1MLKEM768,mldsa65,0,15914,1499,0,-provider_default
loopback-669,2026-09-24T22:39:37+05:45,loopback,measure,mldsa,P-256,17.839,1,prime256v1,mldsa65,0,14826,323,0,-provider_default
loopback-670,2026-09-24T22:39:37+05:45,loopback,measure,mldsa,X25519MLKEM768,19.025,1,X25519MLKEM768,mldsa65,0,15867,1466,0,-provider_default
loopback-671,2026-09-24T22:39:37+05:45,loopback,measure,mldsa,X25519,18.636,1,X25519,mldsa65,0,14793,290,0,-provider_default
loopback-672,2026-09-24T22:39:37+05:45,loopback,measure,mldsa,X25519,18.680,1,X25519,mldsa65,0,14793,290,0,-provider_default
loopback-673,2026-09-24T22:39:37+05:45,loopback,measure,mldsa,SecP256r1MLKEM768,19.985,1,SecP256r1MLKEM768,mldsa65,0,15914,1499,0,-provider_default
loopback-674,2026-09-24T22:39:37+05:45,loopback,measure,mldsa,P-256,19.497,1,prime256v1,mldsa65,0,14826,323,0,-provider_default
loopback-675,2026-09-24T22:39:37+05:45,loopback,measure,ecdsa,SecP256r1MLKEM768,17.929,1,SecP256r1MLKEM768,ecdsa_secp256r1_sha256,0,2428,1499,0,-provider_default
loopback-676,2026-09-24T22:39:37+05:45,loopback,measure,ecdsa,X25519,16.891,1,X25519,ecdsa_secp256r1_sha256,0,1305,290,0,-provider_default
loopback-677,2026-09-24T22:39:38+05:45,loopback,measure,ecdsa,X25519,17.716,1,X25519,ecdsa_secp256r1_sha256,0,1307,290,0,-provider_default
loopback-678,2026-09-24T22:39:38+05:45,loopback,measure,mldsa,X25519MLKEM768,22.178,1,X25519MLKEM768,mldsa65,0,15867,1466,0,-provider_default
loopback-679,2026-09-24T22:39:38+05:45,loopback,measure,ecdsa,P-256,16.892,1,prime256v1,ecdsa_secp256r1_sha256,0,1340,323,0,-provider_default
loopback-680,2026-09-24T22:39:38+05:45,loopback,measure,mldsa,X25519MLKEM768,20.983,1,X25519MLKEM768,mldsa65,0,15867,1466,0,-provider_default
loopback-681,2026-09-24T22:39:38+05:45,loopback,measure,ecdsa,P-256,17.718,1,prime256v1,ecdsa_secp256r1_sha256,0,1339,323,0,-provider_default
loopback-682,2026-09-24T22:39:38+05:45,loopback,measure,mldsa,X25519,19.774,1,X25519,mldsa65,0,14793,290,0,-provider_default
loopback-683,2026-09-24T22:39:38+05:45,loopback,measure,ecdsa,P-256,17.181,1,prime256v1,ecdsa_secp256r1_sha256,0,1338,323,0,-provider_default
loopback-684,2026-09-24T22:39:38+05:45,loopback,measure,ecdsa,X25519MLKEM768,17.732,1,X25519MLKEM768,ecdsa_secp256r1_sha256,0,2381,1466,0,-provider_default
loopback-685,2026-09-24T22:39:38+05:45,loopback,measure,mldsa,X25519MLKEM768,18.236,1,X25519MLKEM768,mldsa65,0,15867,1466,0,-provider_default
loopback-686,2026-09-24T22:39:38+05:45,loopback,measure,ecdsa,SecP256r1MLKEM768,18.381,1,SecP256r1MLKEM768,ecdsa_secp256r1_sha256,0,2427,1499,0,-provider_default
loopback-687,2026-09-24T22:39:38+05:45,loopback,measure,mldsa,SecP256r1MLKEM768,18.944,1,SecP256r1MLKEM768,mldsa65,0,15914,1499,0,-provider_default
loopback-688,2026-09-24T22:39:38+05:45,loopback,measure,mldsa,P-256,19.022,1,prime256v1,mldsa65,0,14826,323,0,-provider_default
loopback-689,2026-09-24T22:39:38+05:45,loopback,measure,ecdsa,X25519MLKEM768,18.386,1,X25519MLKEM768,ecdsa_secp256r1_sha256,0,2380,1466,0,-provider_default
loopback-690,2026-09-24T22:39:38+05:45,loopback,measure,mldsa,X25519,20.501,1,X25519,mldsa65,0,14793,290,0,-provider_default
loopback-691,2026-09-24T22:39:38+05:45,loopback,measure,ecdsa,P-256,18.167,1,prime256v1,ecdsa_secp256r1_sha256,0,1340,323,0,-provider_default
loopback-692,2026-09-24T22:39:38+05:45,loopback,measure,mldsa,SecP256r1MLKEM768,20.009,1,SecP256r1MLKEM768,mldsa65,0,15914,1499,0,-provider_default
loopback-693,2026-09-24T22:39:39+05:45,loopback,measure,mldsa,P-256,18.272,1,prime256v1,mldsa65,0,14826,323,0,-provider_default
loopback-694,2026-09-24T22:39:39+05:45,loopback,measure,ecdsa,P-256,16.991,1,prime256v1,ecdsa_secp256r1_sha256,0,1340,323,0,-provider_default
loopback-695,2026-09-24T22:39:39+05:45,loopback,measure,ecdsa,X25519,17.575,1,X25519,ecdsa_secp256r1_sha256,0,1306,290,0,-provider_default
loopback-696,2026-09-24T22:39:39+05:45,loopback,measure,mldsa,X25519MLKEM768,20.076,1,X25519MLKEM768,mldsa65,0,15867,1466,0,-provider_default
loopback-697,2026-09-24T22:39:39+05:45,loopback,measure,mldsa,X25519MLKEM768,18.931,1,X25519MLKEM768,mldsa65,0,15867,1466,0,-provider_default
loopback-698,2026-09-24T22:39:39+05:45,loopback,measure,mldsa,X25519,19.020,1,X25519,mldsa65,0,14793,290,0,-provider_default
loopback-699,2026-09-24T22:39:39+05:45,loopback,measure,mldsa,X25519MLKEM768,18.423,1,X25519MLKEM768,mldsa65,0,15867,1466,0,-provider_default
loopback-700,2026-09-24T22:39:39+05:45,loopback,measure,ecdsa,P-256,17.113,1,prime256v1,ecdsa_secp256r1_sha256,0,1339,323,0,-provider_default
loopback-701,2026-09-24T22:39:39+05:45,loopback,measure,mldsa,X25519,18.337,1,X25519,mldsa65,0,14793,290,0,-provider_default
loopback-702,2026-09-24T22:39:39+05:45,loopback,measure,ecdsa,X25519,17.082,1,X25519,ecdsa_secp256r1_sha256,0,1306,290,0,-provider_default
loopback-703,2026-09-24T22:39:39+05:45,loopback,measure,mldsa,SecP256r1MLKEM768,19.359,1,SecP256r1MLKEM768,mldsa65,0,15914,1499,0,-provider_default
loopback-704,2026-09-24T22:39:39+05:45,loopback,measure,ecdsa,X25519,16.949,1,X25519,ecdsa_secp256r1_sha256,0,1306,290,0,-provider_default
loopback-705,2026-09-24T22:39:39+05:45,loopback,measure,mldsa,X25519,20.410,1,X25519,mldsa65,0,14793,290,0,-provider_default
loopback-706,2026-09-24T22:39:39+05:45,loopback,measure,ecdsa,X25519MLKEM768,17.549,1,X25519MLKEM768,ecdsa_secp256r1_sha256,0,2380,1466,0,-provider_default
loopback-707,2026-09-24T22:39:39+05:45,loopback,measure,mldsa,X25519,20.089,1,X25519,mldsa65,0,14793,290,0,-provider_default
loopback-708,2026-09-24T22:39:39+05:45,loopback,measure,ecdsa,SecP256r1MLKEM768,18.105,1,SecP256r1MLKEM768,ecdsa_secp256r1_sha256,0,2428,1499,0,-provider_default
loopback-709,2026-09-24T22:39:40+05:45,loopback,measure,mldsa,X25519MLKEM768,19.203,1,X25519MLKEM768,mldsa65,0,15867,1466,0,-provider_default
loopback-710,2026-09-24T22:39:40+05:45,loopback,measure,mldsa,SecP256r1MLKEM768,21.192,1,SecP256r1MLKEM768,mldsa65,0,15914,1499,0,-provider_default
loopback-711,2026-09-24T22:39:40+05:45,loopback,measure,ecdsa,X25519MLKEM768,18.303,1,X25519MLKEM768,ecdsa_secp256r1_sha256,0,2379,1466,0,-provider_default
loopback-712,2026-09-24T22:39:40+05:45,loopback,measure,mldsa,X25519,19.569,1,X25519,mldsa65,0,14793,290,0,-provider_default
loopback-713,2026-09-24T22:39:40+05:45,loopback,measure,ecdsa,SecP256r1MLKEM768,18.697,1,SecP256r1MLKEM768,ecdsa_secp256r1_sha256,0,2427,1499,0,-provider_default
loopback-714,2026-09-24T22:39:40+05:45,loopback,measure,mldsa,P-256,20.163,1,prime256v1,mldsa65,0,14826,323,0,-provider_default
loopback-715,2026-09-24T22:39:40+05:45,loopback,measure,mldsa,P-256,18.236,1,prime256v1,mldsa65,0,14826,323,0,-provider_default
loopback-716,2026-09-24T22:39:40+05:45,loopback,measure,mldsa,X25519MLKEM768,19.936,1,X25519MLKEM768,mldsa65,0,15867,1466,0,-provider_default
loopback-717,2026-09-24T22:39:40+05:45,loopback,measure,mldsa,SecP256r1MLKEM768,20.266,1,SecP256r1MLKEM768,mldsa65,0,15914,1499,0,-provider_default
loopback-718,2026-09-24T22:39:40+05:45,loopback,measure,ecdsa,P-256,16.546,1,prime256v1,ecdsa_secp256r1_sha256,0,1339,323,0,-provider_default
loopback-719,2026-09-24T22:39:40+05:45,loopback,measure,ecdsa,X25519MLKEM768,17.018,1,X25519MLKEM768,ecdsa_secp256r1_sha256,0,2381,1466,0,-provider_default
loopback-720,2026-09-24T22:39:40+05:45,loopback,measure,ecdsa,SecP256r1MLKEM768,18.498,1,SecP256r1MLKEM768,ecdsa_secp256r1_sha256,0,2426,1499,0,-provider_default
loopback-721,2026-09-24T22:39:40+05:45,loopback,measure,ecdsa,X25519,16.913,1,X25519,ecdsa_secp256r1_sha256,0,1306,290,0,-provider_default
loopback-722,2026-09-24T22:39:40+05:45,loopback,measure,mldsa,P-256,20.282,1,prime256v1,mldsa65,0,14826,323,0,-provider_default
loopback-723,2026-09-24T22:39:40+05:45,loopback,measure,ecdsa,P-256,17.472,1,prime256v1,ecdsa_secp256r1_sha256,0,1339,323,0,-provider_default
loopback-724,2026-09-24T22:39:40+05:45,loopback,measure,ecdsa,SecP256r1MLKEM768,18.327,1,SecP256r1MLKEM768,ecdsa_secp256r1_sha256,0,2426,1499,0,-provider_default
loopback-725,2026-09-24T22:39:41+05:45,loopback,measure,mldsa,X25519MLKEM768,21.011,1,X25519MLKEM768,mldsa65,0,15867,1466,0,-provider_default
loopback-726,2026-09-24T22:39:41+05:45,loopback,measure,ecdsa,X25519MLKEM768,18.032,1,X25519MLKEM768,ecdsa_secp256r1_sha256,0,2380,1466,0,-provider_default
loopback-727,2026-09-24T22:39:41+05:45,loopback,measure,ecdsa,P-256,17.890,1,prime256v1,ecdsa_secp256r1_sha256,0,1338,323,0,-provider_default
loopback-728,2026-09-24T22:39:41+05:45,loopback,measure,ecdsa,SecP256r1MLKEM768,17.640,1,SecP256r1MLKEM768,ecdsa_secp256r1_sha256,0,2428,1499,0,-provider_default
loopback-729,2026-09-24T22:39:41+05:45,loopback,measure,mldsa,SecP256r1MLKEM768,19.849,1,SecP256r1MLKEM768,mldsa65,0,15914,1499,0,-provider_default
loopback-730,2026-09-24T22:39:41+05:45,loopback,measure,mldsa,X25519MLKEM768,19.316,1,X25519MLKEM768,mldsa65,0,15867,1466,0,-provider_default
loopback-731,2026-09-24T22:39:41+05:45,loopback,measure,ecdsa,P-256,17.825,1,prime256v1,ecdsa_secp256r1_sha256,0,1339,323,0,-provider_default
loopback-732,2026-09-24T22:39:41+05:45,loopback,measure,mldsa,SecP256r1MLKEM768,18.838,1,SecP256r1MLKEM768,mldsa65,0,15914,1499,0,-provider_default
loopback-733,2026-09-24T22:39:41+05:45,loopback,measure,ecdsa,X25519MLKEM768,17.569,1,X25519MLKEM768,ecdsa_secp256r1_sha256,0,2380,1466,0,-provider_default
loopback-734,2026-09-24T22:39:41+05:45,loopback,measure,mldsa,P-256,18.855,1,prime256v1,mldsa65,0,14826,323,0,-provider_default
loopback-735,2026-09-24T22:39:41+05:45,loopback,measure,mldsa,X25519MLKEM768,19.766,1,X25519MLKEM768,mldsa65,0,15867,1466,0,-provider_default
loopback-736,2026-09-24T22:39:41+05:45,loopback,measure,mldsa,SecP256r1MLKEM768,21.407,1,SecP256r1MLKEM768,mldsa65,0,15914,1499,0,-provider_default
loopback-737,2026-09-24T22:39:41+05:45,loopback,measure,ecdsa,X25519MLKEM768,18.617,1,X25519MLKEM768,ecdsa_secp256r1_sha256,0,2381,1466,0,-provider_default
loopback-738,2026-09-24T22:39:41+05:45,loopback,measure,mldsa,SecP256r1MLKEM768,18.601,1,SecP256r1MLKEM768,mldsa65,0,15914,1499,0,-provider_default
loopback-739,2026-09-24T22:39:41+05:45,loopback,measure,ecdsa,P-256,17.116,1,prime256v1,ecdsa_secp256r1_sha256,0,1339,323,0,-provider_default
loopback-740,2026-09-24T22:39:41+05:45,loopback,measure,mldsa,P-256,19.176,1,prime256v1,mldsa65,0,14826,323,0,-provider_default
loopback-741,2026-09-24T22:39:42+05:45,loopback,measure,ecdsa,P-256,17.645,1,prime256v1,ecdsa_secp256r1_sha256,0,1339,323,0,-provider_default
loopback-742,2026-09-24T22:39:42+05:45,loopback,measure,mldsa,P-256,19.563,1,prime256v1,mldsa65,0,14826,323,0,-provider_default
loopback-743,2026-09-24T22:39:42+05:45,loopback,measure,ecdsa,P-256,16.903,1,prime256v1,ecdsa_secp256r1_sha256,0,1338,323,0,-provider_default
loopback-744,2026-09-24T22:39:42+05:45,loopback,measure,ecdsa,X25519MLKEM768,18.045,1,X25519MLKEM768,ecdsa_secp256r1_sha256,0,2380,1466,0,-provider_default
loopback-745,2026-09-24T22:39:42+05:45,loopback,measure,mldsa,P-256,23.033,1,prime256v1,mldsa65,0,14826,323,0,-provider_default
loopback-746,2026-09-24T22:39:42+05:45,loopback,measure,ecdsa,SecP256r1MLKEM768,17.885,1,SecP256r1MLKEM768,ecdsa_secp256r1_sha256,0,2427,1499,0,-provider_default
loopback-747,2026-09-24T22:39:42+05:45,loopback,measure,ecdsa,X25519,17.630,1,X25519,ecdsa_secp256r1_sha256,0,1307,290,0,-provider_default
loopback-748,2026-09-24T22:39:42+05:45,loopback,measure,mldsa,X25519,19.690,1,X25519,mldsa65,0,14793,290,0,-provider_default
loopback-749,2026-09-24T22:39:42+05:45,loopback,measure,ecdsa,X25519MLKEM768,17.164,1,X25519MLKEM768,ecdsa_secp256r1_sha256,0,2380,1466,0,-provider_default
loopback-750,2026-09-24T22:39:42+05:45,loopback,measure,mldsa,P-256,18.831,1,prime256v1,mldsa65,0,14826,323,0,-provider_default
loopback-751,2026-09-24T22:39:42+05:45,loopback,measure,mldsa,X25519MLKEM768,19.582,1,X25519MLKEM768,mldsa65,0,15867,1466,0,-provider_default
loopback-752,2026-09-24T22:39:42+05:45,loopback,measure,ecdsa,X25519,17.041,1,X25519,ecdsa_secp256r1_sha256,0,1305,290,0,-provider_default
loopback-753,2026-09-24T22:39:42+05:45,loopback,measure,ecdsa,SecP256r1MLKEM768,18.399,1,SecP256r1MLKEM768,ecdsa_secp256r1_sha256,0,2427,1499,0,-provider_default
loopback-754,2026-09-24T22:39:42+05:45,loopback,measure,ecdsa,SecP256r1MLKEM768,17.601,1,SecP256r1MLKEM768,ecdsa_secp256r1_sha256,0,2426,1499,0,-provider_default
loopback-755,2026-09-24T22:39:42+05:45,loopback,measure,ecdsa,P-256,17.956,1,prime256v1,ecdsa_secp256r1_sha256,0,1339,323,0,-provider_default
loopback-756,2026-09-24T22:39:42+05:45,loopback,measure,mldsa,X25519,19.288,1,X25519,mldsa65,0,14793,290,0,-provider_default
loopback-757,2026-09-24T22:39:43+05:45,loopback,measure,mldsa,X25519,17.238,1,X25519,mldsa65,0,14793,290,0,-provider_default
loopback-758,2026-09-24T22:39:43+05:45,loopback,measure,mldsa,P-256,18.257,1,prime256v1,mldsa65,0,14826,323,0,-provider_default
loopback-759,2026-09-24T22:39:43+05:45,loopback,measure,ecdsa,P-256,17.068,1,prime256v1,ecdsa_secp256r1_sha256,0,1340,323,0,-provider_default
loopback-760,2026-09-24T22:39:43+05:45,loopback,measure,mldsa,X25519,18.894,1,X25519,mldsa65,0,14793,290,0,-provider_default
loopback-761,2026-09-24T22:39:43+05:45,loopback,measure,mldsa,X25519MLKEM768,18.052,1,X25519MLKEM768,mldsa65,0,15867,1466,0,-provider_default
loopback-762,2026-09-24T22:39:43+05:45,loopback,measure,mldsa,X25519,18.831,1,X25519,mldsa65,0,14793,290,0,-provider_default
loopback-763,2026-09-24T22:39:43+05:45,loopback,measure,ecdsa,X25519,17.208,1,X25519,ecdsa_secp256r1_sha256,0,1307,290,0,-provider_default
loopback-764,2026-09-24T22:39:43+05:45,loopback,measure,mldsa,P-256,21.663,1,prime256v1,mldsa65,0,14826,323,0,-provider_default
loopback-765,2026-09-24T22:39:43+05:45,loopback,measure,mldsa,X25519,18.130,1,X25519,mldsa65,0,14793,290,0,-provider_default
loopback-766,2026-09-24T22:39:43+05:45,loopback,measure,mldsa,X25519,18.922,1,X25519,mldsa65,0,14793,290,0,-provider_default
loopback-767,2026-09-24T22:39:43+05:45,loopback,measure,mldsa,P-256,19.739,1,prime256v1,mldsa65,0,14826,323,0,-provider_default
loopback-768,2026-09-24T22:39:43+05:45,loopback,measure,ecdsa,SecP256r1MLKEM768,18.429,1,SecP256r1MLKEM768,ecdsa_secp256r1_sha256,0,2428,1499,0,-provider_default
loopback-769,2026-09-24T22:39:43+05:45,loopback,measure,ecdsa,X25519,17.470,1,X25519,ecdsa_secp256r1_sha256,0,1306,290,0,-provider_default
loopback-770,2026-09-24T22:39:43+05:45,loopback,measure,mldsa,X25519MLKEM768,18.949,1,X25519MLKEM768,mldsa65,0,15867,1466,0,-provider_default
loopback-771,2026-09-24T22:39:43+05:45,loopback,measure,ecdsa,X25519MLKEM768,17.362,1,X25519MLKEM768,ecdsa_secp256r1_sha256,0,2381,1466,0,-provider_default
loopback-772,2026-09-24T22:39:43+05:45,loopback,measure,ecdsa,SecP256r1MLKEM768,18.163,1,SecP256r1MLKEM768,ecdsa_secp256r1_sha256,0,2428,1499,0,-provider_default
loopback-773,2026-09-24T22:39:44+05:45,loopback,measure,ecdsa,X25519,17.258,1,X25519,ecdsa_secp256r1_sha256,0,1306,290,0,-provider_default
loopback-774,2026-09-24T22:39:44+05:45,loopback,measure,ecdsa,X25519,18.258,1,X25519,ecdsa_secp256r1_sha256,0,1306,290,0,-provider_default
loopback-775,2026-09-24T22:39:44+05:45,loopback,measure,mldsa,SecP256r1MLKEM768,20.786,1,SecP256r1MLKEM768,mldsa65,0,15914,1499,0,-provider_default
loopback-776,2026-09-24T22:39:44+05:45,loopback,measure,mldsa,X25519,18.832,1,X25519,mldsa65,0,14793,290,0,-provider_default
loopback-777,2026-09-24T22:39:44+05:45,loopback,measure,ecdsa,X25519MLKEM768,18.905,1,X25519MLKEM768,ecdsa_secp256r1_sha256,0,2380,1466,0,-provider_default
loopback-778,2026-09-24T22:39:44+05:45,loopback,measure,ecdsa,P-256,18.906,1,prime256v1,ecdsa_secp256r1_sha256,0,1340,323,0,-provider_default
loopback-779,2026-09-24T22:39:44+05:45,loopback,measure,ecdsa,SecP256r1MLKEM768,17.424,1,SecP256r1MLKEM768,ecdsa_secp256r1_sha256,0,2426,1499,0,-provider_default
loopback-780,2026-09-24T22:39:44+05:45,loopback,measure,ecdsa,X25519,17.234,1,X25519,ecdsa_secp256r1_sha256,0,1305,290,0,-provider_default
loopback-781,2026-09-24T22:39:44+05:45,loopback,measure,mldsa,SecP256r1MLKEM768,19.544,1,SecP256r1MLKEM768,mldsa65,0,15914,1499,0,-provider_default
loopback-782,2026-09-24T22:39:44+05:45,loopback,measure,ecdsa,X25519,16.884,1,X25519,ecdsa_secp256r1_sha256,0,1307,290,0,-provider_default
loopback-783,2026-09-24T22:39:44+05:45,loopback,measure,mldsa,P-256,18.028,1,prime256v1,mldsa65,0,14826,323,0,-provider_default
loopback-784,2026-09-24T22:39:44+05:45,loopback,measure,ecdsa,X25519MLKEM768,17.843,1,X25519MLKEM768,ecdsa_secp256r1_sha256,0,2380,1466,0,-provider_default
loopback-785,2026-09-24T22:39:44+05:45,loopback,measure,mldsa,P-256,19.978,1,prime256v1,mldsa65,0,14826,323,0,-provider_default
loopback-786,2026-09-24T22:39:44+05:45,loopback,measure,mldsa,X25519MLKEM768,18.900,1,X25519MLKEM768,mldsa65,0,15867,1466,0,-provider_default
loopback-787,2026-09-24T22:39:44+05:45,loopback,measure,ecdsa,X25519,17.366,1,X25519,ecdsa_secp256r1_sha256,0,1307,290,0,-provider_default
loopback-788,2026-09-24T22:39:44+05:45,loopback,measure,ecdsa,X25519MLKEM768,18.033,1,X25519MLKEM768,ecdsa_secp256r1_sha256,0,2379,1466,0,-provider_default
loopback-789,2026-09-24T22:39:45+05:45,loopback,measure,ecdsa,X25519MLKEM768,19.313,1,X25519MLKEM768,ecdsa_secp256r1_sha256,0,2380,1466,0,-provider_default
loopback-790,2026-09-24T22:39:45+05:45,loopback,measure,mldsa,X25519,24.181,1,X25519,mldsa65,0,14793,290,0,-provider_default
loopback-791,2026-09-24T22:39:45+05:45,loopback,measure,mldsa,X25519,18.899,1,X25519,mldsa65,0,14793,290,0,-provider_default
loopback-792,2026-09-24T22:39:45+05:45,loopback,measure,mldsa,SecP256r1MLKEM768,21.018,1,SecP256r1MLKEM768,mldsa65,0,15914,1499,0,-provider_default
loopback-793,2026-09-24T22:39:45+05:45,loopback,measure,ecdsa,X25519,16.966,1,X25519,ecdsa_secp256r1_sha256,0,1307,290,0,-provider_default
loopback-794,2026-09-24T22:39:45+05:45,loopback,measure,ecdsa,P-256,17.137,1,prime256v1,ecdsa_secp256r1_sha256,0,1339,323,0,-provider_default
loopback-795,2026-09-24T22:39:45+05:45,loopback,measure,mldsa,X25519,20.743,1,X25519,mldsa65,0,14793,290,0,-provider_default
loopback-796,2026-09-24T22:39:45+05:45,loopback,measure,ecdsa,X25519,17.373,1,X25519,ecdsa_secp256r1_sha256,0,1307,290,0,-provider_default
loopback-797,2026-09-24T22:39:45+05:45,loopback,measure,mldsa,X25519,18.159,1,X25519,mldsa65,0,14793,290,0,-provider_default
loopback-798,2026-09-24T22:39:45+05:45,loopback,measure,mldsa,X25519,18.093,1,X25519,mldsa65,0,14793,290,0,-provider_default
loopback-799,2026-09-24T22:39:45+05:45,loopback,measure,mldsa,X25519,28.270,1,X25519,mldsa65,0,14793,290,0,-provider_default
loopback-800,2026-09-24T22:39:45+05:45,loopback,measure,ecdsa,SecP256r1MLKEM768,18.070,1,SecP256r1MLKEM768,ecdsa_secp256r1_sha256,0,2427,1499,0,-provider_default
50ms_0.5pct-w1,2026-09-24T22:39:57+05:45,50ms_0.5pct,warmup,ecdsa,X25519,480.896,1,X25519,ecdsa_secp256r1_sha256,0,1307,290,0,-provider_default
50ms_0.5pct-w2,2026-09-24T22:39:57+05:45,50ms_0.5pct,warmup,ecdsa,X25519,197.335,1,X25519,ecdsa_secp256r1_sha256,0,1306,290,0,-provider_default
50ms_0.5pct-w3,2026-09-24T22:39:57+05:45,50ms_0.5pct,warmup,ecdsa,X25519,200.573,1,X25519,ecdsa_secp256r1_sha256,0,1307,290,0,-provider_default
50ms_0.5pct-w4,2026-09-24T22:39:58+05:45,50ms_0.5pct,warmup,ecdsa,X25519,191.294,1,X25519,ecdsa_secp256r1_sha256,0,1307,290,0,-provider_default
50ms_0.5pct-w5,2026-09-24T22:39:58+05:45,50ms_0.5pct,warmup,ecdsa,X25519,836.247,1,X25519,ecdsa_secp256r1_sha256,0,1306,290,0,-provider_default
50ms_0.5pct-w6,2026-09-24T22:40:00+05:45,50ms_0.5pct,warmup,ecdsa,X25519,1242.204,1,X25519,ecdsa_secp256r1_sha256,0,1306,290,1,-provider_default
50ms_0.5pct-w7,2026-09-24T22:40:01+05:45,50ms_0.5pct,warmup,ecdsa,X25519,1245.593,1,X25519,ecdsa_secp256r1_sha256,0,1306,290,1,-provider_default
50ms_0.5pct-w8,2026-09-24T22:40:02+05:45,50ms_0.5pct,warmup,ecdsa,X25519,349.880,1,X25519,ecdsa_secp256r1_sha256,0,1307,290,0,-provider_default
50ms_0.5pct-w9,2026-09-24T22:40:02+05:45,50ms_0.5pct,warmup,ecdsa,X25519,350.021,1,X25519,ecdsa_secp256r1_sha256,0,1306,290,0,-provider_default
50ms_0.5pct-w10,2026-09-24T22:40:02+05:45,50ms_0.5pct,warmup,ecdsa,X25519,237.030,1,X25519,ecdsa_secp256r1_sha256,0,1305,290,0,-provider_default
50ms_0.5pct-w11,2026-09-24T22:40:02+05:45,50ms_0.5pct,warmup,ecdsa,P-256,209.042,1,prime256v1,ecdsa_secp256r1_sha256,0,1339,323,0,-provider_default
50ms_0.5pct-w12,2026-09-24T22:40:03+05:45,50ms_0.5pct,warmup,ecdsa,P-256,360.394,1,prime256v1,ecdsa_secp256r1_sha256,0,1339,323,0,-provider_default
50ms_0.5pct-w13,2026-09-24T22:40:04+05:45,50ms_0.5pct,warmup,ecdsa,P-256,714.850,1,prime256v1,ecdsa_secp256r1_sha256,0,1340,323,0,-provider_default
50ms_0.5pct-w14,2026-09-24T22:40:05+05:45,50ms_0.5pct,warmup,ecdsa,P-256,877.247,1,prime256v1,ecdsa_secp256r1_sha256,0,1340,323,0,-provider_default
50ms_0.5pct-w15,2026-09-24T22:40:05+05:45,50ms_0.5pct,warmup,ecdsa,P-256,308.719,1,prime256v1,ecdsa_secp256r1_sha256,0,1340,323,0,-provider_default
50ms_0.5pct-w16,2026-09-24T22:40:05+05:45,50ms_0.5pct,warmup,ecdsa,P-256,181.030,1,prime256v1,ecdsa_secp256r1_sha256,0,1339,323,0,-provider_default
50ms_0.5pct-w17,2026-09-24T22:40:05+05:45,50ms_0.5pct,warmup,ecdsa,P-256,217.530,1,prime256v1,ecdsa_secp256r1_sha256,0,1339,323,0,-provider_default
50ms_0.5pct-w18,2026-09-24T22:40:06+05:45,50ms_0.5pct,warmup,ecdsa,P-256,295.098,1,prime256v1,ecdsa_secp256r1_sha256,0,1339,323,0,-provider_default
50ms_0.5pct-w19,2026-09-24T22:40:06+05:45,50ms_0.5pct,warmup,ecdsa,P-256,179.138,1,prime256v1,ecdsa_secp256r1_sha256,0,1339,323,0,-provider_default
50ms_0.5pct-w20,2026-09-24T22:40:06+05:45,50ms_0.5pct,warmup,ecdsa,P-256,354.831,1,prime256v1,ecdsa_secp256r1_sha256,0,1338,323,0,-provider_default
50ms_0.5pct-w21,2026-09-24T22:40:07+05:45,50ms_0.5pct,warmup,ecdsa,X25519MLKEM768,326.279,1,X25519MLKEM768,ecdsa_secp256r1_sha256,0,2380,1466,0,-provider_default
50ms_0.5pct-w22,2026-09-24T22:40:07+05:45,50ms_0.5pct,warmup,ecdsa,X25519MLKEM768,251.110,1,X25519MLKEM768,ecdsa_secp256r1_sha256,0,2380,1466,0,-provider_default
50ms_0.5pct-w23,2026-09-24T22:40:07+05:45,50ms_0.5pct,warmup,ecdsa,X25519MLKEM768,196.605,1,X25519MLKEM768,ecdsa_secp256r1_sha256,0,2380,1466,0,-provider_default
50ms_0.5pct-w24,2026-09-24T22:40:08+05:45,50ms_0.5pct,warmup,ecdsa,X25519MLKEM768,367.295,1,X25519MLKEM768,ecdsa_secp256r1_sha256,0,2381,1466,0,-provider_default
50ms_0.5pct-w25,2026-09-24T22:40:08+05:45,50ms_0.5pct,warmup,ecdsa,X25519MLKEM768,383.158,1,X25519MLKEM768,ecdsa_secp256r1_sha256,0,2381,1466,0,-provider_default
50ms_0.5pct-w26,2026-09-24T22:40:08+05:45,50ms_0.5pct,warmup,ecdsa,X25519MLKEM768,176.344,1,X25519MLKEM768,ecdsa_secp256r1_sha256,0,2379,1466,0,-provider_default
50ms_0.5pct-w27,2026-09-24T22:40:09+05:45,50ms_0.5pct,warmup,ecdsa,X25519MLKEM768,189.948,1,X25519MLKEM768,ecdsa_secp256r1_sha256,0,2380,1466,0,-provider_default
50ms_0.5pct-w28,2026-09-24T22:40:09+05:45,50ms_0.5pct,warmup,ecdsa,X25519MLKEM768,276.887,1,X25519MLKEM768,ecdsa_secp256r1_sha256,0,2381,1466,0,-provider_default
50ms_0.5pct-w29,2026-09-24T22:40:09+05:45,50ms_0.5pct,warmup,ecdsa,X25519MLKEM768,194.660,1,X25519MLKEM768,ecdsa_secp256r1_sha256,0,2380,1466,0,-provider_default
50ms_0.5pct-w30,2026-09-24T22:40:10+05:45,50ms_0.5pct,warmup,ecdsa,X25519MLKEM768,305.681,1,X25519MLKEM768,ecdsa_secp256r1_sha256,0,2380,1466,0,-provider_default
50ms_0.5pct-w31,2026-09-24T22:40:10+05:45,50ms_0.5pct,warmup,ecdsa,SecP256r1MLKEM768,178.858,1,SecP256r1MLKEM768,ecdsa_secp256r1_sha256,0,2427,1499,0,-provider_default
50ms_0.5pct-w32,2026-09-24T22:40:10+05:45,50ms_0.5pct,warmup,ecdsa,SecP256r1MLKEM768,256.690,1,SecP256r1MLKEM768,ecdsa_secp256r1_sha256,0,2428,1499,0,-provider_default
50ms_0.5pct-w33,2026-09-24T22:40:10+05:45,50ms_0.5pct,warmup,ecdsa,SecP256r1MLKEM768,243.506,1,SecP256r1MLKEM768,ecdsa_secp256r1_sha256,0,2427,1499,0,-provider_default
50ms_0.5pct-w34,2026-09-24T22:40:11+05:45,50ms_0.5pct,warmup,ecdsa,SecP256r1MLKEM768,397.073,1,SecP256r1MLKEM768,ecdsa_secp256r1_sha256,0,2428,1499,1,-provider_default
50ms_0.5pct-w35,2026-09-24T22:40:11+05:45,50ms_0.5pct,warmup,ecdsa,SecP256r1MLKEM768,186.600,1,SecP256r1MLKEM768,ecdsa_secp256r1_sha256,0,2427,1499,0,-provider_default
50ms_0.5pct-w36,2026-09-24T22:40:11+05:45,50ms_0.5pct,warmup,ecdsa,SecP256r1MLKEM768,176.099,1,SecP256r1MLKEM768,ecdsa_secp256r1_sha256,0,2426,1499,0,-provider_default
50ms_0.5pct-w37,2026-09-24T22:40:12+05:45,50ms_0.5pct,warmup,ecdsa,SecP256r1MLKEM768,193.084,1,SecP256r1MLKEM768,ecdsa_secp256r1_sha256,0,2426,1499,0,-provider_default
50ms_0.5pct-w38,2026-09-24T22:40:12+05:45,50ms_0.5pct,warmup,ecdsa,SecP256r1MLKEM768,214.213,1,SecP256r1MLKEM768,ecdsa_secp256r1_sha256,0,2427,1499,0,-provider_default
50ms_0.5pct-w39,2026-09-24T22:40:12+05:45,50ms_0.5pct,warmup,ecdsa,SecP256r1MLKEM768,291.404,1,SecP256r1MLKEM768,ecdsa_secp256r1_sha256,0,2426,1499,0,-provider_default
50ms_0.5pct-w40,2026-09-24T22:40:13+05:45,50ms_0.5pct,warmup,ecdsa,SecP256r1MLKEM768,235.658,1,SecP256r1MLKEM768,ecdsa_secp256r1_sha256,0,2426,1499,0,-provider_default
50ms_0.5pct-w41,2026-09-24T22:40:13+05:45,50ms_0.5pct,warmup,mldsa,X25519,412.684,1,X25519,mldsa65,0,14793,290,0,-provider_default
50ms_0.5pct-w42,2026-09-24T22:40:13+05:45,50ms_0.5pct,warmup,mldsa,X25519,217.766,1,X25519,mldsa65,0,14793,290,0,-provider_default
50ms_0.5pct-w43,2026-09-24T22:40:14+05:45,50ms_0.5pct,warmup,mldsa,X25519,374.607,1,X25519,mldsa65,0,14793,290,0,-provider_default
50ms_0.5pct-w44,2026-09-24T22:40:14+05:45,50ms_0.5pct,warmup,mldsa,X25519,422.426,1,X25519,mldsa65,0,14793,290,0,-provider_default
50ms_0.5pct-w45,2026-09-24T22:40:15+05:45,50ms_0.5pct,warmup,mldsa,X25519,278.294,1,X25519,mldsa65,0,14793,290,0,-provider_default
50ms_0.5pct-w46,2026-09-24T22:40:15+05:45,50ms_0.5pct,warmup,mldsa,X25519,386.569,1,X25519,mldsa65,0,14793,290,0,-provider_default
50ms_0.5pct-w47,2026-09-24T22:40:16+05:45,50ms_0.5pct,warmup,mldsa,X25519,808.649,1,X25519,mldsa65,0,14793,290,0,-provider_default
50ms_0.5pct-w48,2026-09-24T22:40:16+05:45,50ms_0.5pct,warmup,mldsa,X25519,593.231,1,X25519,mldsa65,0,14793,290,0,-provider_default
50ms_0.5pct-w49,2026-09-24T22:40:17+05:45,50ms_0.5pct,warmup,mldsa,X25519,232.031,1,X25519,mldsa65,0,14793,290,0,-provider_default
50ms_0.5pct-w50,2026-09-24T22:40:17+05:45,50ms_0.5pct,warmup,mldsa,X25519,424.889,1,X25519,mldsa65,0,14793,290,0,-provider_default
50ms_0.5pct-w51,2026-09-24T22:40:18+05:45,50ms_0.5pct,warmup,mldsa,P-256,329.456,1,prime256v1,mldsa65,0,14826,323,0,-provider_default
50ms_0.5pct-w52,2026-09-24T22:40:18+05:45,50ms_0.5pct,warmup,mldsa,P-256,366.126,1,prime256v1,mldsa65,0,14826,323,0,-provider_default
50ms_0.5pct-w53,2026-09-24T22:40:19+05:45,50ms_0.5pct,warmup,mldsa,P-256,364.995,1,prime256v1,mldsa65,0,14826,323,0,-provider_default
50ms_0.5pct-w54,2026-09-24T22:40:19+05:45,50ms_0.5pct,warmup,mldsa,P-256,316.262,1,prime256v1,mldsa65,0,14826,323,0,-provider_default
50ms_0.5pct-w55,2026-09-24T22:40:19+05:45,50ms_0.5pct,warmup,mldsa,P-256,382.216,1,prime256v1,mldsa65,0,14826,323,0,-provider_default
50ms_0.5pct-w56,2026-09-24T22:40:20+05:45,50ms_0.5pct,warmup,mldsa,P-256,239.021,1,prime256v1,mldsa65,0,14826,323,0,-provider_default
50ms_0.5pct-w57,2026-09-24T22:40:20+05:45,50ms_0.5pct,warmup,mldsa,P-256,325.326,1,prime256v1,mldsa65,0,14826,323,0,-provider_default
50ms_0.5pct-w58,2026-09-24T22:40:20+05:45,50ms_0.5pct,warmup,mldsa,P-256,366.677,1,prime256v1,mldsa65,0,14826,323,0,-provider_default
50ms_0.5pct-w59,2026-09-24T22:40:21+05:45,50ms_0.5pct,warmup,mldsa,P-256,700.369,1,prime256v1,mldsa65,0,14826,323,0,-provider_default
50ms_0.5pct-w60,2026-09-24T22:40:22+05:45,50ms_0.5pct,warmup,mldsa,P-256,354.924,1,prime256v1,mldsa65,0,14826,323,1,-provider_default
50ms_0.5pct-w61,2026-09-24T22:40:22+05:45,50ms_0.5pct,warmup,mldsa,X25519MLKEM768,279.200,1,X25519MLKEM768,mldsa65,0,15867,1466,0,-provider_default
50ms_0.5pct-w62,2026-09-24T22:40:23+05:45,50ms_0.5pct,warmup,mldsa,X25519MLKEM768,1125.824,1,X25519MLKEM768,mldsa65,0,15867,1466,0,-provider_default
50ms_0.5pct-w63,2026-09-24T22:40:24+05:45,50ms_0.5pct,warmup,mldsa,X25519MLKEM768,465.950,1,X25519MLKEM768,mldsa65,0,15867,1466,0,-provider_default
50ms_0.5pct-w64,2026-09-24T22:40:24+05:45,50ms_0.5pct,warmup,mldsa,X25519MLKEM768,379.436,1,X25519MLKEM768,mldsa65,0,15867,1466,0,-provider_default
50ms_0.5pct-w65,2026-09-24T22:40:25+05:45,50ms_0.5pct,warmup,mldsa,X25519MLKEM768,429.482,1,X25519MLKEM768,mldsa65,0,15867,1466,0,-provider_default
50ms_0.5pct-w66,2026-09-24T22:40:25+05:45,50ms_0.5pct,warmup,mldsa,X25519MLKEM768,255.715,1,X25519MLKEM768,mldsa65,0,15867,1466,0,-provider_default
50ms_0.5pct-w67,2026-09-24T22:40:25+05:45,50ms_0.5pct,warmup,mldsa,X25519MLKEM768,393.612,1,X25519MLKEM768,mldsa65,0,15867,1466,0,-provider_default
50ms_0.5pct-w68,2026-09-24T22:40:26+05:45,50ms_0.5pct,warmup,mldsa,X25519MLKEM768,657.039,1,X25519MLKEM768,mldsa65,0,15867,1466,0,-provider_default
50ms_0.5pct-w69,2026-09-24T22:40:26+05:45,50ms_0.5pct,warmup,mldsa,X25519MLKEM768,381.623,1,X25519MLKEM768,mldsa65,0,15867,1466,0,-provider_default
50ms_0.5pct-w70,2026-09-24T22:40:27+05:45,50ms_0.5pct,warmup,mldsa,X25519MLKEM768,460.545,1,X25519MLKEM768,mldsa65,0,15867,1466,0,-provider_default
50ms_0.5pct-w71,2026-09-24T22:40:27+05:45,50ms_0.5pct,warmup,mldsa,SecP256r1MLKEM768,383.469,1,SecP256r1MLKEM768,mldsa65,0,15914,1499,0,-provider_default
50ms_0.5pct-w72,2026-09-24T22:40:28+05:45,50ms_0.5pct,warmup,mldsa,SecP256r1MLKEM768,374.399,1,SecP256r1MLKEM768,mldsa65,0,15914,1499,0,-provider_default
50ms_0.5pct-w73,2026-09-24T22:40:28+05:45,50ms_0.5pct,warmup,mldsa,SecP256r1MLKEM768,444.244,1,SecP256r1MLKEM768,mldsa65,0,15914,1499,0,-provider_default
50ms_0.5pct-w74,2026-09-24T22:40:29+05:45,50ms_0.5pct,warmup,mldsa,SecP256r1MLKEM768,259.662,1,SecP256r1MLKEM768,mldsa65,0,15914,1499,0,-provider_default
50ms_0.5pct-w75,2026-09-24T22:40:29+05:45,50ms_0.5pct,warmup,mldsa,SecP256r1MLKEM768,280.552,1,SecP256r1MLKEM768,mldsa65,0,15914,1499,0,-provider_default
50ms_0.5pct-w76,2026-09-24T22:40:29+05:45,50ms_0.5pct,warmup,mldsa,SecP256r1MLKEM768,327.038,1,SecP256r1MLKEM768,mldsa65,0,15914,1499,0,-provider_default
50ms_0.5pct-w77,2026-09-24T22:40:30+05:45,50ms_0.5pct,warmup,mldsa,SecP256r1MLKEM768,442.319,1,SecP256r1MLKEM768,mldsa65,0,15914,1499,0,-provider_default
50ms_0.5pct-w78,2026-09-24T22:40:30+05:45,50ms_0.5pct,warmup,mldsa,SecP256r1MLKEM768,384.664,1,SecP256r1MLKEM768,mldsa65,0,15914,1499,0,-provider_default
50ms_0.5pct-w79,2026-09-24T22:40:31+05:45,50ms_0.5pct,warmup,mldsa,SecP256r1MLKEM768,310.175,1,SecP256r1MLKEM768,mldsa65,0,15914,1499,0,-provider_default
50ms_0.5pct-w80,2026-09-24T22:40:31+05:45,50ms_0.5pct,warmup,mldsa,SecP256r1MLKEM768,275.621,1,SecP256r1MLKEM768,mldsa65,0,15914,1499,0,-provider_default
50ms_0.5pct-1,2026-09-24T22:40:31+05:45,50ms_0.5pct,measure,mldsa,X25519MLKEM768,239.023,1,X25519MLKEM768,mldsa65,0,15867,1466,0,-provider_default
50ms_0.5pct-2,2026-09-24T22:40:33+05:45,50ms_0.5pct,measure,ecdsa,X25519,1318.087,1,X25519,ecdsa_secp256r1_sha256,0,1306,290,1,-provider_default
50ms_0.5pct-3,2026-09-24T22:40:33+05:45,50ms_0.5pct,measure,ecdsa,P-256,251.688,1,prime256v1,ecdsa_secp256r1_sha256,0,1338,323,0,-provider_default
50ms_0.5pct-4,2026-09-24T22:40:33+05:45,50ms_0.5pct,measure,mldsa,P-256,303.526,1,prime256v1,mldsa65,0,14826,323,0,-provider_default
50ms_0.5pct-5,2026-09-24T22:40:34+05:45,50ms_0.5pct,measure,mldsa,X25519,232.040,1,X25519,mldsa65,0,14793,290,0,-provider_default
50ms_0.5pct-6,2026-09-24T22:40:34+05:45,50ms_0.5pct,measure,mldsa,X25519,231.519,1,X25519,mldsa65,0,14793,290,0,-provider_default
50ms_0.5pct-7,2026-09-24T22:40:34+05:45,50ms_0.5pct,measure,ecdsa,SecP256r1MLKEM768,371.228,1,SecP256r1MLKEM768,ecdsa_secp256r1_sha256,0,2426,1499,0,-provider_default
50ms_0.5pct-8,2026-09-24T22:40:35+05:45,50ms_0.5pct,measure,ecdsa,X25519,259.263,1,X25519,ecdsa_secp256r1_sha256,0,1306,290,0,-provider_default
50ms_0.5pct-9,2026-09-24T22:40:35+05:45,50ms_0.5pct,measure,mldsa,SecP256r1MLKEM768,410.272,1,SecP256r1MLKEM768,mldsa65,0,15914,1499,0,-provider_default
50ms_0.5pct-10,2026-09-24T22:40:35+05:45,50ms_0.5pct,measure,mldsa,SecP256r1MLKEM768,257.670,1,SecP256r1MLKEM768,mldsa65,0,15914,1499,0,-provider_default
50ms_0.5pct-11,2026-09-24T22:40:36+05:45,50ms_0.5pct,measure,ecdsa,P-256,241.853,1,prime256v1,ecdsa_secp256r1_sha256,0,1339,323,0,-provider_default
50ms_0.5pct-12,2026-09-24T22:40:36+05:45,50ms_0.5pct,measure,ecdsa,P-256,228.712,1,prime256v1,ecdsa_secp256r1_sha256,0,1338,323,0,-provider_default
50ms_0.5pct-13,2026-09-24T22:40:36+05:45,50ms_0.5pct,measure,mldsa,X25519MLKEM768,265.863,1,X25519MLKEM768,mldsa65,0,15867,1466,0,-provider_default
50ms_0.5pct-14,2026-09-24T22:40:37+05:45,50ms_0.5pct,measure,mldsa,SecP256r1MLKEM768,306.304,1,SecP256r1MLKEM768,mldsa65,0,15914,1499,0,-provider_default
50ms_0.5pct-15,2026-09-24T22:40:37+05:45,50ms_0.5pct,measure,mldsa,P-256,240.470,1,prime256v1,mldsa65,0,14826,323,0,-provider_default
50ms_0.5pct-16,2026-09-24T22:40:37+05:45,50ms_0.5pct,measure,mldsa,P-256,276.814,1,prime256v1,mldsa65,0,14826,323,0,-provider_default
50ms_0.5pct-17,2026-09-24T22:40:38+05:45,50ms_0.5pct,measure,ecdsa,X25519,193.806,1,X25519,ecdsa_secp256r1_sha256,0,1306,290,0,-provider_default
50ms_0.5pct-18,2026-09-24T22:40:38+05:45,50ms_0.5pct,measure,ecdsa,X25519MLKEM768,204.461,1,X25519MLKEM768,ecdsa_secp256r1_sha256,0,2380,1466,0,-provider_default
50ms_0.5pct-19,2026-09-24T22:40:38+05:45,50ms_0.5pct,measure,ecdsa,P-256,187.674,1,prime256v1,ecdsa_secp256r1_sha256,0,1339,323,0,-provider_default
50ms_0.5pct-20,2026-09-24T22:40:38+05:45,50ms_0.5pct,measure,ecdsa,P-256,256.962,1,prime256v1,ecdsa_secp256r1_sha256,0,1340,323,0,-provider_default
50ms_0.5pct-21,2026-09-24T22:40:39+05:45,50ms_0.5pct,measure,mldsa,X25519MLKEM768,313.273,1,X25519MLKEM768,mldsa65,0,15867,1466,0,-provider_default
50ms_0.5pct-22,2026-09-24T22:40:39+05:45,50ms_0.5pct,measure,mldsa,X25519,320.874,1,X25519,mldsa65,0,14793,290,0,-provider_default
50ms_0.5pct-23,2026-09-24T22:40:40+05:45,50ms_0.5pct,measure,mldsa,X25519MLKEM768,266.041,1,X25519MLKEM768,mldsa65,0,15867,1466,0,-provider_default
50ms_0.5pct-24,2026-09-24T22:40:40+05:45,50ms_0.5pct,measure,mldsa,X25519,317.564,1,X25519,mldsa65,0,14793,290,0,-provider_default
50ms_0.5pct-25,2026-09-24T22:40:40+05:45,50ms_0.5pct,measure,mldsa,P-256,304.167,1,prime256v1,mldsa65,0,14826,323,0,-provider_default
50ms_0.5pct-26,2026-09-24T22:40:41+05:45,50ms_0.5pct,measure,mldsa,SecP256r1MLKEM768,278.959,1,SecP256r1MLKEM768,mldsa65,0,15914,1499,0,-provider_default
50ms_0.5pct-27,2026-09-24T22:40:41+05:45,50ms_0.5pct,measure,mldsa,P-256,279.135,1,prime256v1,mldsa65,0,14826,323,0,-provider_default
50ms_0.5pct-28,2026-09-24T22:40:41+05:45,50ms_0.5pct,measure,mldsa,SecP256r1MLKEM768,293.758,1,SecP256r1MLKEM768,mldsa65,0,15914,1499,0,-provider_default
50ms_0.5pct-29,2026-09-24T22:40:42+05:45,50ms_0.5pct,measure,ecdsa,X25519,206.908,1,X25519,ecdsa_secp256r1_sha256,0,1306,290,0,-provider_default
50ms_0.5pct-30,2026-09-24T22:40:42+05:45,50ms_0.5pct,measure,ecdsa,X25519,277.859,1,X25519,ecdsa_secp256r1_sha256,0,1305,290,0,-provider_default
50ms_0.5pct-31,2026-09-24T22:40:42+05:45,50ms_0.5pct,measure,ecdsa,SecP256r1MLKEM768,252.546,1,SecP256r1MLKEM768,ecdsa_secp256r1_sha256,0,2427,1499,0,-provider_default
50ms_0.5pct-32,2026-09-24T22:40:43+05:45,50ms_0.5pct,measure,ecdsa,X25519MLKEM768,222.295,1,X25519MLKEM768,ecdsa_secp256r1_sha256,0,2381,1466,0,-provider_default
50ms_0.5pct-33,2026-09-24T22:40:43+05:45,50ms_0.5pct,measure,mldsa,X25519,354.250,1,X25519,mldsa65,0,14793,290,0,-provider_default
50ms_0.5pct-34,2026-09-24T22:40:44+05:45,50ms_0.5pct,measure,ecdsa,P-256,719.103,1,prime256v1,ecdsa_secp256r1_sha256,0,1339,323,0,-provider_default
50ms_0.5pct-35,2026-09-24T22:40:44+05:45,50ms_0.5pct,measure,mldsa,P-256,249.037,1,prime256v1,mldsa65,0,14826,323,0,-provider_default
50ms_0.5pct-36,2026-09-24T22:40:45+05:45,50ms_0.5pct,measure,ecdsa,X25519MLKEM768,320.122,1,X25519MLKEM768,ecdsa_secp256r1_sha256,0,2381,1466,0,-provider_default
50ms_0.5pct-37,2026-09-24T22:40:45+05:45,50ms_0.5pct,measure,ecdsa,X25519MLKEM768,285.251,1,X25519MLKEM768,ecdsa_secp256r1_sha256,0,2379,1466,0,-provider_default
50ms_0.5pct-38,2026-09-24T22:40:46+05:45,50ms_0.5pct,measure,mldsa,X25519MLKEM768,549.574,1,X25519MLKEM768,mldsa65,0,15867,1466,1,-provider_default
50ms_0.5pct-39,2026-09-24T22:40:46+05:45,50ms_0.5pct,measure,ecdsa,P-256,534.461,1,prime256v1,ecdsa_secp256r1_sha256,0,1339,323,0,-provider_default
50ms_0.5pct-40,2026-09-24T22:40:47+05:45,50ms_0.5pct,measure,mldsa,SecP256r1MLKEM768,267.712,1,SecP256r1MLKEM768,mldsa65,0,15914,1499,0,-provider_default
50ms_0.5pct-41,2026-09-24T22:40:47+05:45,50ms_0.5pct,measure,mldsa,X25519,399.983,1,X25519,mldsa65,0,14793,290,0,-provider_default
50ms_0.5pct-42,2026-09-24T22:40:48+05:45,50ms_0.5pct,measure,mldsa,SecP256r1MLKEM768,289.248,1,SecP256r1MLKEM768,mldsa65,0,15914,1499,0,-provider_default
50ms_0.5pct-43,2026-09-24T22:40:48+05:45,50ms_0.5pct,measure,mldsa,X25519,245.961,1,X25519,mldsa65,0,14793,290,0,-provider_default
50ms_0.5pct-44,2026-09-24T22:40:48+05:45,50ms_0.5pct,measure,mldsa,P-256,558.008,1,prime256v1,mldsa65,0,14826,323,0,-provider_default
50ms_0.5pct-45,2026-09-24T22:40:51+05:45,50ms_0.5pct,measure,ecdsa,X25519MLKEM768,2101.630,1,X25519MLKEM768,ecdsa_secp256r1_sha256,0,2381,1466,0,-provider_default
50ms_0.5pct-46,2026-09-24T22:40:51+05:45,50ms_0.5pct,measure,ecdsa,X25519,402.522,1,X25519,ecdsa_secp256r1_sha256,0,1305,290,0,-provider_default
50ms_0.5pct-47,2026-09-24T22:40:54+05:45,50ms_0.5pct,measure,mldsa,P-256,2338.487,1,prime256v1,mldsa65,0,14826,323,1,-provider_default
50ms_0.5pct-48,2026-09-24T22:40:54+05:45,50ms_0.5pct,measure,ecdsa,SecP256r1MLKEM768,235.353,1,SecP256r1MLKEM768,ecdsa_secp256r1_sha256,0,2428,1499,0,-provider_default
50ms_0.5pct-49,2026-09-24T22:40:54+05:45,50ms_0.5pct,measure,mldsa,SecP256r1MLKEM768,328.716,1,SecP256r1MLKEM768,mldsa65,0,15914,1499,0,-provider_default
50ms_0.5pct-50,2026-09-24T22:40:55+05:45,50ms_0.5pct,measure,ecdsa,SecP256r1MLKEM768,286.503,1,SecP256r1MLKEM768,ecdsa_secp256r1_sha256,0,2427,1499,0,-provider_default
50ms_0.5pct-51,2026-09-24T22:40:55+05:45,50ms_0.5pct,measure,ecdsa,X25519,345.466,1,X25519,ecdsa_secp256r1_sha256,0,1306,290,0,-provider_default
50ms_0.5pct-52,2026-09-24T22:40:55+05:45,50ms_0.5pct,measure,ecdsa,X25519,381.360,1,X25519,ecdsa_secp256r1_sha256,0,1306,290,0,-provider_default
50ms_0.5pct-53,2026-09-24T22:40:56+05:45,50ms_0.5pct,measure,ecdsa,X25519,171.032,1,X25519,ecdsa_secp256r1_sha256,0,1306,290,0,-provider_default
50ms_0.5pct-54,2026-09-24T22:40:56+05:45,50ms_0.5pct,measure,mldsa,X25519,273.839,1,X25519,mldsa65,0,14793,290,0,-provider_default
50ms_0.5pct-55,2026-09-24T22:40:57+05:45,50ms_0.5pct,measure,ecdsa,X25519MLKEM768,536.643,1,X25519MLKEM768,ecdsa_secp256r1_sha256,0,2380,1466,0,-provider_default
50ms_0.5pct-56,2026-09-24T22:40:57+05:45,50ms_0.5pct,measure,mldsa,SecP256r1MLKEM768,587.513,1,SecP256r1MLKEM768,mldsa65,0,15914,1499,0,-provider_default
50ms_0.5pct-57,2026-09-24T22:40:57+05:45,50ms_0.5pct,measure,mldsa,P-256,260.276,1,prime256v1,mldsa65,0,14826,323,0,-provider_default
50ms_0.5pct-58,2026-09-24T22:40:58+05:45,50ms_0.5pct,measure,ecdsa,SecP256r1MLKEM768,440.679,1,SecP256r1MLKEM768,ecdsa_secp256r1_sha256,0,2427,1499,0,-provider_default
50ms_0.5pct-59,2026-09-24T22:40:58+05:45,50ms_0.5pct,measure,ecdsa,X25519MLKEM768,377.483,1,X25519MLKEM768,ecdsa_secp256r1_sha256,0,2379,1466,0,-provider_default
50ms_0.5pct-60,2026-09-24T22:40:59+05:45,50ms_0.5pct,measure,mldsa,X25519MLKEM768,254.434,1,X25519MLKEM768,mldsa65,0,15867,1466,0,-provider_default
50ms_0.5pct-61,2026-09-24T22:40:59+05:45,50ms_0.5pct,measure,ecdsa,SecP256r1MLKEM768,228.252,1,SecP256r1MLKEM768,ecdsa_secp256r1_sha256,0,2428,1499,0,-provider_default
50ms_0.5pct-62,2026-09-24T22:41:00+05:45,50ms_0.5pct,measure,mldsa,X25519,467.530,1,X25519,mldsa65,0,14793,290,0,-provider_default
50ms_0.5pct-63,2026-09-24T22:41:00+05:45,50ms_0.5pct,measure,mldsa,P-256,284.804,1,prime256v1,mldsa65,0,14826,323,0,-provider_default
50ms_0.5pct-64,2026-09-24T22:41:00+05:45,50ms_0.5pct,measure,mldsa,X25519MLKEM768,448.843,1,X25519MLKEM768,mldsa65,0,15867,1466,0,-provider_default
50ms_0.5pct-65,2026-09-24T22:41:01+05:45,50ms_0.5pct,measure,ecdsa,SecP256r1MLKEM768,178.000,1,SecP256r1MLKEM768,ecdsa_secp256r1_sha256,0,2426,1499,0,-provider_default
50ms_0.5pct-66,2026-09-24T22:41:01+05:45,50ms_0.5pct,measure,ecdsa,SecP256r1MLKEM768,206.309,1,SecP256r1MLKEM768,ecdsa_secp256r1_sha256,0,2428,1499,0,-provider_default
50ms_0.5pct-67,2026-09-24T22:41:01+05:45,50ms_0.5pct,measure,mldsa,X25519MLKEM768,285.388,1,X25519MLKEM768,mldsa65,0,15867,1466,0,-provider_default
50ms_0.5pct-68,2026-09-24T22:41:02+05:45,50ms_0.5pct,measure,ecdsa,P-256,229.159,1,prime256v1,ecdsa_secp256r1_sha256,0,1338,323,0,-provider_default
50ms_0.5pct-69,2026-09-24T22:41:02+05:45,50ms_0.5pct,measure,ecdsa,X25519,763.359,1,X25519,ecdsa_secp256r1_sha256,0,1306,290,0,-provider_default
50ms_0.5pct-70,2026-09-24T22:41:03+05:45,50ms_0.5pct,measure,ecdsa,SecP256r1MLKEM768,326.950,1,SecP256r1MLKEM768,ecdsa_secp256r1_sha256,0,2428,1499,0,-provider_default
50ms_0.5pct-71,2026-09-24T22:41:03+05:45,50ms_0.5pct,measure,mldsa,X25519MLKEM768,272.962,1,X25519MLKEM768,mldsa65,0,15867,1466,0,-provider_default
50ms_0.5pct-72,2026-09-24T22:41:03+05:45,50ms_0.5pct,measure,ecdsa,P-256,376.648,1,prime256v1,ecdsa_secp256r1_sha256,0,1339,323,0,-provider_default
50ms_0.5pct-73,2026-09-24T22:41:04+05:45,50ms_0.5pct,measure,mldsa,SecP256r1MLKEM768,617.545,1,SecP256r1MLKEM768,mldsa65,0,15914,1499,1,-provider_default
50ms_0.5pct-74,2026-09-24T22:41:04+05:45,50ms_0.5pct,measure,mldsa,X25519,221.674,1,X25519,mldsa65,0,14793,290,0,-provider_default
50ms_0.5pct-75,2026-09-24T22:41:05+05:45,50ms_0.5pct,measure,ecdsa,X25519MLKEM768,487.333,1,X25519MLKEM768,ecdsa_secp256r1_sha256,0,2379,1466,0,-provider_default
50ms_0.5pct-76,2026-09-24T22:41:05+05:45,50ms_0.5pct,measure,mldsa,SecP256r1MLKEM768,382.215,1,SecP256r1MLKEM768,mldsa65,0,15914,1499,0,-provider_default
50ms_0.5pct-77,2026-09-24T22:41:06+05:45,50ms_0.5pct,measure,mldsa,X25519,330.727,1,X25519,mldsa65,0,14793,290,0,-provider_default
50ms_0.5pct-78,2026-09-24T22:41:06+05:45,50ms_0.5pct,measure,mldsa,X25519MLKEM768,258.715,1,X25519MLKEM768,mldsa65,0,15867,1466,0,-provider_default
50ms_0.5pct-79,2026-09-24T22:41:06+05:45,50ms_0.5pct,measure,ecdsa,X25519MLKEM768,256.884,1,X25519MLKEM768,ecdsa_secp256r1_sha256,0,2379,1466,0,-provider_default
50ms_0.5pct-80,2026-09-24T22:41:07+05:45,50ms_0.5pct,measure,mldsa,X25519,277.966,1,X25519,mldsa65,0,14793,290,0,-provider_default
50ms_0.5pct-81,2026-09-24T22:41:07+05:45,50ms_0.5pct,measure,ecdsa,SecP256r1MLKEM768,213.880,1,SecP256r1MLKEM768,ecdsa_secp256r1_sha256,0,2426,1499,0,-provider_default
50ms_0.5pct-82,2026-09-24T22:41:07+05:45,50ms_0.5pct,measure,mldsa,P-256,272.499,1,prime256v1,mldsa65,0,14826,323,0,-provider_default
50ms_0.5pct-83,2026-09-24T22:41:08+05:45,50ms_0.5pct,measure,mldsa,SecP256r1MLKEM768,280.286,1,SecP256r1MLKEM768,mldsa65,0,15914,1499,0,-provider_default
50ms_0.5pct-84,2026-09-24T22:41:08+05:45,50ms_0.5pct,measure,ecdsa,X25519,223.643,1,X25519,ecdsa_secp256r1_sha256,0,1305,290,0,-provider_default
50ms_0.5pct-85,2026-09-24T22:41:09+05:45,50ms_0.5pct,measure,mldsa,SecP256r1MLKEM768,837.679,1,SecP256r1MLKEM768,mldsa65,0,15914,1499,0,-provider_default
50ms_0.5pct-86,2026-09-24T22:41:09+05:45,50ms_0.5pct,measure,ecdsa,SecP256r1MLKEM768,379.496,1,SecP256r1MLKEM768,ecdsa_secp256r1_sha256,0,2427,1499,1,-provider_default
50ms_0.5pct-87,2026-09-24T22:41:10+05:45,50ms_0.5pct,measure,mldsa,P-256,416.403,1,prime256v1,mldsa65,0,14826,323,0,-provider_default
50ms_0.5pct-88,2026-09-24T22:41:10+05:45,50ms_0.5pct,measure,ecdsa,SecP256r1MLKEM768,196.872,1,SecP256r1MLKEM768,ecdsa_secp256r1_sha256,0,2426,1499,0,-provider_default
50ms_0.5pct-89,2026-09-24T22:41:10+05:45,50ms_0.5pct,measure,ecdsa,P-256,250.302,1,prime256v1,ecdsa_secp256r1_sha256,0,1339,323,0,-provider_default
50ms_0.5pct-90,2026-09-24T22:41:11+05:45,50ms_0.5pct,measure,mldsa,X25519MLKEM768,748.296,1,X25519MLKEM768,mldsa65,0,15867,1466,0,-provider_default
50ms_0.5pct-91,2026-09-24T22:41:11+05:45,50ms_0.5pct,measure,mldsa,SecP256r1MLKEM768,358.986,1,SecP256r1MLKEM768,mldsa65,0,15914,1499,0,-provider_default
50ms_0.5pct-92,2026-09-24T22:41:12+05:45,50ms_0.5pct,measure,mldsa,X25519,325.356,1,X25519,mldsa65,0,14793,290,0,-provider_default
50ms_0.5pct-93,2026-09-24T22:41:12+05:45,50ms_0.5pct,measure,mldsa,SecP256r1MLKEM768,227.512,1,SecP256r1MLKEM768,mldsa65,0,15914,1499,0,-provider_default
50ms_0.5pct-94,2026-09-24T22:41:12+05:45,50ms_0.5pct,measure,mldsa,P-256,228.896,1,prime256v1,mldsa65,0,14826,323,0,-provider_default
50ms_0.5pct-95,2026-09-24T22:41:13+05:45,50ms_0.5pct,measure,mldsa,X25519MLKEM768,242.748,1,X25519MLKEM768,mldsa65,0,15867,1466,0,-provider_default
50ms_0.5pct-96,2026-09-24T22:41:13+05:45,50ms_0.5pct,measure,mldsa,SecP256r1MLKEM768,240.563,1,SecP256r1MLKEM768,mldsa65,0,15914,1499,0,-provider_default
50ms_0.5pct-97,2026-09-24T22:41:13+05:45,50ms_0.5pct,measure,mldsa,P-256,381.183,1,prime256v1,mldsa65,0,14826,323,0,-provider_default
50ms_0.5pct-98,2026-09-24T22:41:14+05:45,50ms_0.5pct,measure,mldsa,P-256,266.484,1,prime256v1,mldsa65,0,14826,323,0,-provider_default
50ms_0.5pct-99,2026-09-24T22:41:14+05:45,50ms_0.5pct,measure,ecdsa,X25519,204.341,1,X25519,ecdsa_secp256r1_sha256,0,1307,290,0,-provider_default
50ms_0.5pct-100,2026-09-24T22:41:14+05:45,50ms_0.5pct,measure,ecdsa,X25519MLKEM768,263.162,1,X25519MLKEM768,ecdsa_secp256r1_sha256,0,2380,1466,0,-provider_default
50ms_0.5pct-101,2026-09-24T22:41:15+05:45,50ms_0.5pct,measure,mldsa,P-256,425.825,1,prime256v1,mldsa65,0,14826,323,1,-provider_default
50ms_0.5pct-102,2026-09-24T22:41:15+05:45,50ms_0.5pct,measure,mldsa,X25519MLKEM768,553.196,1,X25519MLKEM768,mldsa65,0,15867,1466,0,-provider_default
50ms_0.5pct-103,2026-09-24T22:41:16+05:45,50ms_0.5pct,measure,ecdsa,SecP256r1MLKEM768,183.542,1,SecP256r1MLKEM768,ecdsa_secp256r1_sha256,0,2427,1499,0,-provider_default
50ms_0.5pct-104,2026-09-24T22:41:16+05:45,50ms_0.5pct,measure,ecdsa,SecP256r1MLKEM768,196.649,1,SecP256r1MLKEM768,ecdsa_secp256r1_sha256,0,2426,1499,0,-provider_default
50ms_0.5pct-105,2026-09-24T22:41:16+05:45,50ms_0.5pct,measure,mldsa,P-256,318.564,1,prime256v1,mldsa65,0,14826,323,0,-provider_default
50ms_0.5pct-106,2026-09-24T22:41:17+05:45,50ms_0.5pct,measure,mldsa,P-256,368.139,1,prime256v1,mldsa65,0,14826,323,0,-provider_default
50ms_0.5pct-107,2026-09-24T22:41:17+05:45,50ms_0.5pct,measure,mldsa,P-256,325.159,1,prime256v1,mldsa65,0,14826,323,0,-provider_default
50ms_0.5pct-108,2026-09-24T22:41:18+05:45,50ms_0.5pct,measure,mldsa,P-256,440.172,1,prime256v1,mldsa65,0,14826,323,0,-provider_default
50ms_0.5pct-109,2026-09-24T22:41:18+05:45,50ms_0.5pct,measure,ecdsa,P-256,359.436,1,prime256v1,ecdsa_secp256r1_sha256,0,1340,323,0,-provider_default
50ms_0.5pct-110,2026-09-24T22:41:19+05:45,50ms_0.5pct,measure,mldsa,X25519MLKEM768,680.819,1,X25519MLKEM768,mldsa65,0,15867,1466,0,-provider_default
50ms_0.5pct-111,2026-09-24T22:41:20+05:45,50ms_0.5pct,measure,mldsa,SecP256r1MLKEM768,894.120,1,SecP256r1MLKEM768,mldsa65,0,15914,1499,1,-provider_default
50ms_0.5pct-112,2026-09-24T22:41:20+05:45,50ms_0.5pct,measure,ecdsa,P-256,348.404,1,prime256v1,ecdsa_secp256r1_sha256,0,1339,323,0,-provider_default
50ms_0.5pct-113,2026-09-24T22:41:21+05:45,50ms_0.5pct,measure,ecdsa,X25519,558.307,1,X25519,ecdsa_secp256r1_sha256,0,1306,290,0,-provider_default
50ms_0.5pct-114,2026-09-24T22:41:21+05:45,50ms_0.5pct,measure,mldsa,X25519,244.736,1,X25519,mldsa65,0,14793,290,0,-provider_default
50ms_0.5pct-115,2026-09-24T22:41:22+05:45,50ms_0.5pct,measure,mldsa,X25519,352.469,1,X25519,mldsa65,0,14793,290,0,-provider_default
50ms_0.5pct-116,2026-09-24T22:41:22+05:45,50ms_0.5pct,measure,mldsa,X25519MLKEM768,257.105,1,X25519MLKEM768,mldsa65,0,15867,1466,0,-provider_default
50ms_0.5pct-117,2026-09-24T22:41:22+05:45,50ms_0.5pct,measure,mldsa,X25519MLKEM768,401.968,1,X25519MLKEM768,mldsa65,0,15867,1466,0,-provider_default
50ms_0.5pct-118,2026-09-24T22:41:23+05:45,50ms_0.5pct,measure,mldsa,X25519,365.978,1,X25519,mldsa65,0,14793,290,0,-provider_default
50ms_0.5pct-119,2026-09-24T22:41:23+05:45,50ms_0.5pct,measure,mldsa,SecP256r1MLKEM768,308.540,1,SecP256r1MLKEM768,mldsa65,0,15914,1499,0,-provider_default
50ms_0.5pct-120,2026-09-24T22:41:24+05:45,50ms_0.5pct,measure,ecdsa,SecP256r1MLKEM768,285.098,1,SecP256r1MLKEM768,ecdsa_secp256r1_sha256,0,2428,1499,0,-provider_default
50ms_0.5pct-121,2026-09-24T22:41:24+05:45,50ms_0.5pct,measure,ecdsa,SecP256r1MLKEM768,249.003,1,SecP256r1MLKEM768,ecdsa_secp256r1_sha256,0,2427,1499,0,-provider_default
50ms_0.5pct-122,2026-09-24T22:41:25+05:45,50ms_0.5pct,measure,ecdsa,X25519MLKEM768,646.436,1,X25519MLKEM768,ecdsa_secp256r1_sha256,0,2379,1466,0,-provider_default
50ms_0.5pct-123,2026-09-24T22:41:25+05:45,50ms_0.5pct,measure,mldsa,X25519,347.691,1,X25519,mldsa65,0,14793,290,0,-provider_default
50ms_0.5pct-124,2026-09-24T22:41:25+05:45,50ms_0.5pct,measure,ecdsa,X25519,214.711,1,X25519,ecdsa_secp256r1_sha256,0,1306,290,0,-provider_default
50ms_0.5pct-125,2026-09-24T22:41:26+05:45,50ms_0.5pct,measure,mldsa,X25519,340.456,1,X25519,mldsa65,0,14793,290,0,-provider_default
50ms_0.5pct-126,2026-09-24T22:41:26+05:45,50ms_0.5pct,measure,mldsa,X25519MLKEM768,345.349,1,X25519MLKEM768,mldsa65,0,15867,1466,0,-provider_default
50ms_0.5pct-127,2026-09-24T22:41:27+05:45,50ms_0.5pct,measure,ecdsa,SecP256r1MLKEM768,323.962,1,SecP256r1MLKEM768,ecdsa_secp256r1_sha256,0,2427,1499,0,-provider_default
50ms_0.5pct-128,2026-09-24T22:41:27+05:45,50ms_0.5pct,measure,ecdsa,X25519MLKEM768,332.136,1,X25519MLKEM768,ecdsa_secp256r1_sha256,0,2379,1466,0,-provider_default
50ms_0.5pct-129,2026-09-24T22:41:28+05:45,50ms_0.5pct,measure,mldsa,SecP256r1MLKEM768,577.739,1,SecP256r1MLKEM768,mldsa65,0,15914,1499,0,-provider_default
50ms_0.5pct-130,2026-09-24T22:41:28+05:45,50ms_0.5pct,measure,mldsa,X25519MLKEM768,229.143,1,X25519MLKEM768,mldsa65,0,15867,1466,0,-provider_default
50ms_0.5pct-131,2026-09-24T22:41:29+05:45,50ms_0.5pct,measure,mldsa,P-256,679.778,1,prime256v1,mldsa65,0,14826,323,0,-provider_default
50ms_0.5pct-132,2026-09-24T22:41:29+05:45,50ms_0.5pct,measure,mldsa,X25519,292.985,1,X25519,mldsa65,0,14793,290,0,-provider_default
50ms_0.5pct-133,2026-09-24T22:41:29+05:45,50ms_0.5pct,measure,ecdsa,X25519,260.903,1,X25519,ecdsa_secp256r1_sha256,0,1306,290,0,-provider_default
50ms_0.5pct-134,2026-09-24T22:41:30+05:45,50ms_0.5pct,measure,ecdsa,X25519MLKEM768,567.006,1,X25519MLKEM768,ecdsa_secp256r1_sha256,0,2381,1466,0,-provider_default
50ms_0.5pct-135,2026-09-24T22:41:31+05:45,50ms_0.5pct,measure,mldsa,X25519,558.583,1,X25519,mldsa65,0,14793,290,0,-provider_default
50ms_0.5pct-136,2026-09-24T22:41:31+05:45,50ms_0.5pct,measure,mldsa,P-256,332.473,1,prime256v1,mldsa65,0,14826,323,0,-provider_default
50ms_0.5pct-137,2026-09-24T22:41:31+05:45,50ms_0.5pct,measure,mldsa,X25519MLKEM768,331.960,1,X25519MLKEM768,mldsa65,0,15867,1466,0,-provider_default
50ms_0.5pct-138,2026-09-24T22:41:32+05:45,50ms_0.5pct,measure,mldsa,P-256,436.621,1,prime256v1,mldsa65,0,14826,323,0,-provider_default
50ms_0.5pct-139,2026-09-24T22:41:32+05:45,50ms_0.5pct,measure,ecdsa,SecP256r1MLKEM768,495.938,1,SecP256r1MLKEM768,ecdsa_secp256r1_sha256,0,2427,1499,0,-provider_default
50ms_0.5pct-140,2026-09-24T22:41:33+05:45,50ms_0.5pct,measure,mldsa,P-256,228.049,1,prime256v1,mldsa65,0,14826,323,0,-provider_default
50ms_0.5pct-141,2026-09-24T22:41:33+05:45,50ms_0.5pct,measure,mldsa,X25519,232.483,1,X25519,mldsa65,0,14793,290,0,-provider_default
50ms_0.5pct-142,2026-09-24T22:41:33+05:45,50ms_0.5pct,measure,mldsa,X25519MLKEM768,301.852,1,X25519MLKEM768,mldsa65,0,15867,1466,0,-provider_default
50ms_0.5pct-143,2026-09-24T22:41:34+05:45,50ms_0.5pct,measure,mldsa,X25519MLKEM768,295.565,1,X25519MLKEM768,mldsa65,0,15867,1466,0,-provider_default
50ms_0.5pct-144,2026-09-24T22:41:34+05:45,50ms_0.5pct,measure,ecdsa,X25519MLKEM768,225.791,1,X25519MLKEM768,ecdsa_secp256r1_sha256,0,2380,1466,0,-provider_default
50ms_0.5pct-145,2026-09-24T22:41:35+05:45,50ms_0.5pct,measure,mldsa,SecP256r1MLKEM768,330.447,1,SecP256r1MLKEM768,mldsa65,0,15914,1499,0,-provider_default
50ms_0.5pct-146,2026-09-24T22:41:35+05:45,50ms_0.5pct,measure,mldsa,SecP256r1MLKEM768,439.474,1,SecP256r1MLKEM768,mldsa65,0,15914,1499,0,-provider_default
50ms_0.5pct-147,2026-09-24T22:41:35+05:45,50ms_0.5pct,measure,mldsa,X25519,243.664,1,X25519,mldsa65,0,14793,290,0,-provider_default
50ms_0.5pct-148,2026-09-24T22:41:36+05:45,50ms_0.5pct,measure,mldsa,P-256,233.411,1,prime256v1,mldsa65,0,14826,323,0,-provider_default
50ms_0.5pct-149,2026-09-24T22:41:36+05:45,50ms_0.5pct,measure,ecdsa,X25519MLKEM768,245.698,1,X25519MLKEM768,ecdsa_secp256r1_sha256,0,2381,1466,0,-provider_default
50ms_0.5pct-150,2026-09-24T22:41:36+05:45,50ms_0.5pct,measure,ecdsa,X25519,226.604,1,X25519,ecdsa_secp256r1_sha256,0,1307,290,0,-provider_default
50ms_0.5pct-151,2026-09-24T22:41:37+05:45,50ms_0.5pct,measure,mldsa,X25519,429.225,1,X25519,mldsa65,0,14793,290,0,-provider_default
50ms_0.5pct-152,2026-09-24T22:41:37+05:45,50ms_0.5pct,measure,ecdsa,X25519MLKEM768,185.657,1,X25519MLKEM768,ecdsa_secp256r1_sha256,0,2380,1466,0,-provider_default
50ms_0.5pct-153,2026-09-24T22:41:37+05:45,50ms_0.5pct,measure,ecdsa,X25519MLKEM768,238.627,1,X25519MLKEM768,ecdsa_secp256r1_sha256,0,2379,1466,0,-provider_default
50ms_0.5pct-154,2026-09-24T22:41:38+05:45,50ms_0.5pct,measure,ecdsa,P-256,233.172,1,prime256v1,ecdsa_secp256r1_sha256,0,1338,323,0,-provider_default
50ms_0.5pct-155,2026-09-24T22:41:38+05:45,50ms_0.5pct,measure,mldsa,X25519,354.569,1,X25519,mldsa65,0,14793,290,0,-provider_default
50ms_0.5pct-156,2026-09-24T22:41:39+05:45,50ms_0.5pct,measure,mldsa,SecP256r1MLKEM768,258.441,1,SecP256r1MLKEM768,mldsa65,0,15914,1499,0,-provider_default
50ms_0.5pct-157,2026-09-24T22:41:39+05:45,50ms_0.5pct,measure,mldsa,SecP256r1MLKEM768,296.642,1,SecP256r1MLKEM768,mldsa65,0,15914,1499,0,-provider_default
50ms_0.5pct-158,2026-09-24T22:41:39+05:45,50ms_0.5pct,measure,ecdsa,P-256,191.666,1,prime256v1,ecdsa_secp256r1_sha256,0,1340,323,0,-provider_default
50ms_0.5pct-159,2026-09-24T22:41:40+05:45,50ms_0.5pct,measure,mldsa,SecP256r1MLKEM768,272.519,1,SecP256r1MLKEM768,mldsa65,0,15914,1499,0,-provider_default
50ms_0.5pct-160,2026-09-24T22:41:40+05:45,50ms_0.5pct,measure,mldsa,SecP256r1MLKEM768,306.126,1,SecP256r1MLKEM768,mldsa65,0,15914,1499,0,-provider_default
50ms_0.5pct-161,2026-09-24T22:41:40+05:45,50ms_0.5pct,measure,ecdsa,SecP256r1MLKEM768,263.265,1,SecP256r1MLKEM768,ecdsa_secp256r1_sha256,0,2428,1499,0,-provider_default
50ms_0.5pct-162,2026-09-24T22:41:41+05:45,50ms_0.5pct,measure,ecdsa,SecP256r1MLKEM768,345.463,1,SecP256r1MLKEM768,ecdsa_secp256r1_sha256,0,2427,1499,0,-provider_default
50ms_0.5pct-163,2026-09-24T22:41:41+05:45,50ms_0.5pct,measure,mldsa,X25519MLKEM768,223.098,1,X25519MLKEM768,mldsa65,0,15867,1466,0,-provider_default
50ms_0.5pct-164,2026-09-24T22:41:41+05:45,50ms_0.5pct,measure,ecdsa,X25519MLKEM768,361.075,1,X25519MLKEM768,ecdsa_secp256r1_sha256,0,2380,1466,0,-provider_default
50ms_0.5pct-165,2026-09-24T22:41:42+05:45,50ms_0.5pct,measure,ecdsa,X25519MLKEM768,698.999,1,X25519MLKEM768,ecdsa_secp256r1_sha256,0,2381,1466,0,-provider_default
50ms_0.5pct-166,2026-09-24T22:41:43+05:45,50ms_0.5pct,measure,mldsa,X25519,438.135,1,X25519,mldsa65,0,14793,290,0,-provider_default
50ms_0.5pct-167,2026-09-24T22:41:43+05:45,50ms_0.5pct,measure,ecdsa,X25519MLKEM768,335.100,1,X25519MLKEM768,ecdsa_secp256r1_sha256,0,2380,1466,0,-provider_default
50ms_0.5pct-168,2026-09-24T22:41:43+05:45,50ms_0.5pct,measure,ecdsa,P-256,336.273,1,prime256v1,ecdsa_secp256r1_sha256,0,1339,323,0,-provider_default
50ms_0.5pct-169,2026-09-24T22:41:44+05:45,50ms_0.5pct,measure,ecdsa,X25519MLKEM768,205.154,1,X25519MLKEM768,ecdsa_secp256r1_sha256,0,2381,1466,0,-provider_default
50ms_0.5pct-170,2026-09-24T22:41:44+05:45,50ms_0.5pct,measure,ecdsa,X25519,646.315,1,X25519,ecdsa_secp256r1_sha256,0,1307,290,0,-provider_default
50ms_0.5pct-171,2026-09-24T22:41:45+05:45,50ms_0.5pct,measure,ecdsa,X25519,908.892,1,X25519,ecdsa_secp256r1_sha256,0,1305,290,0,-provider_default
50ms_0.5pct-172,2026-09-24T22:41:46+05:45,50ms_0.5pct,measure,ecdsa,X25519MLKEM768,231.524,1,X25519MLKEM768,ecdsa_secp256r1_sha256,0,2381,1466,0,-provider_default
50ms_0.5pct-173,2026-09-24T22:41:46+05:45,50ms_0.5pct,measure,mldsa,X25519MLKEM768,404.409,1,X25519MLKEM768,mldsa65,0,15867,1466,0,-provider_default
50ms_0.5pct-174,2026-09-24T22:41:47+05:45,50ms_0.5pct,measure,ecdsa,P-256,347.148,1,prime256v1,ecdsa_secp256r1_sha256,0,1339,323,0,-provider_default
50ms_0.5pct-175,2026-09-24T22:41:48+05:45,50ms_0.5pct,measure,ecdsa,SecP256r1MLKEM768,1249.861,1,SecP256r1MLKEM768,ecdsa_secp256r1_sha256,0,2427,1499,1,-provider_default
50ms_0.5pct-176,2026-09-24T22:41:49+05:45,50ms_0.5pct,measure,ecdsa,P-256,884.930,1,prime256v1,ecdsa_secp256r1_sha256,0,1339,323,0,-provider_default
50ms_0.5pct-177,2026-09-24T22:41:49+05:45,50ms_0.5pct,measure,ecdsa,SecP256r1MLKEM768,375.633,1,SecP256r1MLKEM768,ecdsa_secp256r1_sha256,0,2427,1499,0,-provider_default
50ms_0.5pct-178,2026-09-24T22:41:50+05:45,50ms_0.5pct,measure,mldsa,SecP256r1MLKEM768,544.897,1,SecP256r1MLKEM768,mldsa65,0,15914,1499,0,-provider_default
50ms_0.5pct-179,2026-09-24T22:41:51+05:45,50ms_0.5pct,measure,mldsa,X25519,757.266,1,X25519,mldsa65,0,14793,290,0,-provider_default
50ms_0.5pct-180,2026-09-24T22:41:51+05:45,50ms_0.5pct,measure,mldsa,X25519,412.125,1,X25519,mldsa65,0,14793,290,0,-provider_default
50ms_0.5pct-181,2026-09-24T22:41:52+05:45,50ms_0.5pct,measure,mldsa,SecP256r1MLKEM768,287.900,1,SecP256r1MLKEM768,mldsa65,0,15914,1499,0,-provider_default
50ms_0.5pct-182,2026-09-24T22:41:52+05:45,50ms_0.5pct,measure,ecdsa,SecP256r1MLKEM768,428.354,1,SecP256r1MLKEM768,ecdsa_secp256r1_sha256,0,2426,1499,1,-provider_default
50ms_0.5pct-183,2026-09-24T22:41:52+05:45,50ms_0.5pct,measure,mldsa,P-256,249.654,1,prime256v1,mldsa65,0,14826,323,0,-provider_default
50ms_0.5pct-184,2026-09-24T22:41:53+05:45,50ms_0.5pct,measure,ecdsa,X25519,303.753,1,X25519,ecdsa_secp256r1_sha256,0,1305,290,0,-provider_default
50ms_0.5pct-185,2026-09-24T22:41:53+05:45,50ms_0.5pct,measure,mldsa,X25519,249.744,1,X25519,mldsa65,0,14793,290,0,-provider_default
50ms_0.5pct-186,2026-09-24T22:41:53+05:45,50ms_0.5pct,measure,ecdsa,P-256,188.919,1,prime256v1,ecdsa_secp256r1_sha256,0,1340,323,0,-provider_default
50ms_0.5pct-187,2026-09-24T22:41:54+05:45,50ms_0.5pct,measure,ecdsa,SecP256r1MLKEM768,338.548,1,SecP256r1MLKEM768,ecdsa_secp256r1_sha256,0,2427,1499,0,-provider_default
50ms_0.5pct-188,2026-09-24T22:41:54+05:45,50ms_0.5pct,measure,mldsa,P-256,251.868,1,prime256v1,mldsa65,0,14826,323,0,-provider_default
50ms_0.5pct-189,2026-09-24T22:41:55+05:45,50ms_0.5pct,measure,ecdsa,P-256,342.776,1,prime256v1,ecdsa_secp256r1_sha256,0,1339,323,0,-provider_default
50ms_0.5pct-190,2026-09-24T22:41:55+05:45,50ms_0.5pct,measure,mldsa,P-256,242.487,1,prime256v1,mldsa65,0,14826,323,0,-provider_default
50ms_0.5pct-191,2026-09-24T22:41:55+05:45,50ms_0.5pct,measure,mldsa,X25519MLKEM768,336.386,1,X25519MLKEM768,mldsa65,0,15867,1466,0,-provider_default
50ms_0.5pct-192,2026-09-24T22:41:56+05:45,50ms_0.5pct,measure,mldsa,SecP256r1MLKEM768,247.045,1,SecP256r1MLKEM768,mldsa65,0,15914,1499,0,-provider_default
50ms_0.5pct-193,2026-09-24T22:41:56+05:45,50ms_0.5pct,measure,ecdsa,P-256,228.730,1,prime256v1,ecdsa_secp256r1_sha256,0,1339,323,0,-provider_default
50ms_0.5pct-194,2026-09-24T22:41:56+05:45,50ms_0.5pct,measure,ecdsa,X25519,288.098,1,X25519,ecdsa_secp256r1_sha256,0,1307,290,0,-provider_default
50ms_0.5pct-195,2026-09-24T22:41:57+05:45,50ms_0.5pct,measure,ecdsa,SecP256r1MLKEM768,207.098,1,SecP256r1MLKEM768,ecdsa_secp256r1_sha256,0,2427,1499,0,-provider_default
50ms_0.5pct-196,2026-09-24T22:41:57+05:45,50ms_0.5pct,measure,ecdsa,X25519,174.321,1,X25519,ecdsa_secp256r1_sha256,0,1306,290,0,-provider_default
50ms_0.5pct-197,2026-09-24T22:41:57+05:45,50ms_0.5pct,measure,mldsa,X25519MLKEM768,321.778,1,X25519MLKEM768,mldsa65,0,15867,1466,0,-provider_default
50ms_0.5pct-198,2026-09-24T22:41:58+05:45,50ms_0.5pct,measure,ecdsa,X25519MLKEM768,222.661,1,X25519MLKEM768,ecdsa_secp256r1_sha256,0,2380,1466,0,-provider_default
50ms_0.5pct-199,2026-09-24T22:41:58+05:45,50ms_0.5pct,measure,mldsa,P-256,256.768,1,prime256v1,mldsa65,0,14826,323,0,-provider_default
50ms_0.5pct-200,2026-09-24T22:41:58+05:45,50ms_0.5pct,measure,mldsa,X25519MLKEM768,468.394,1,X25519MLKEM768,mldsa65,0,15867,1466,0,-provider_default
50ms_0.5pct-201,2026-09-24T22:41:59+05:45,50ms_0.5pct,measure,ecdsa,P-256,224.000,1,prime256v1,ecdsa_secp256r1_sha256,0,1339,323,0,-provider_default
50ms_0.5pct-202,2026-09-24T22:41:59+05:45,50ms_0.5pct,measure,ecdsa,P-256,220.247,1,prime256v1,ecdsa_secp256r1_sha256,0,1339,323,0,-provider_default
50ms_0.5pct-203,2026-09-24T22:41:59+05:45,50ms_0.5pct,measure,ecdsa,P-256,299.318,1,prime256v1,ecdsa_secp256r1_sha256,0,1339,323,0,-provider_default
50ms_0.5pct-204,2026-09-24T22:42:00+05:45,50ms_0.5pct,measure,mldsa,X25519MLKEM768,264.895,1,X25519MLKEM768,mldsa65,0,15867,1466,0,-provider_default
50ms_0.5pct-205,2026-09-24T22:42:00+05:45,50ms_0.5pct,measure,ecdsa,P-256,339.523,1,prime256v1,ecdsa_secp256r1_sha256,0,1339,323,0,-provider_default
50ms_0.5pct-206,2026-09-24T22:42:01+05:45,50ms_0.5pct,measure,ecdsa,X25519,303.951,1,X25519,ecdsa_secp256r1_sha256,0,1306,290,0,-provider_default
50ms_0.5pct-207,2026-09-24T22:42:01+05:45,50ms_0.5pct,measure,mldsa,X25519,567.516,1,X25519,mldsa65,0,14793,290,0,-provider_default
50ms_0.5pct-208,2026-09-24T22:42:02+05:45,50ms_0.5pct,measure,mldsa,SecP256r1MLKEM768,341.515,1,SecP256r1MLKEM768,mldsa65,0,15914,1499,0,-provider_default
50ms_0.5pct-209,2026-09-24T22:42:02+05:45,50ms_0.5pct,measure,ecdsa,SecP256r1MLKEM768,217.990,1,SecP256r1MLKEM768,ecdsa_secp256r1_sha256,0,2427,1499,0,-provider_default
50ms_0.5pct-210,2026-09-24T22:42:02+05:45,50ms_0.5pct,measure,ecdsa,SecP256r1MLKEM768,251.879,1,SecP256r1MLKEM768,ecdsa_secp256r1_sha256,0,2427,1499,0,-provider_default
50ms_0.5pct-211,2026-09-24T22:42:03+05:45,50ms_0.5pct,measure,ecdsa,SecP256r1MLKEM768,280.563,1,SecP256r1MLKEM768,ecdsa_secp256r1_sha256,0,2427,1499,0,-provider_default
50ms_0.5pct-212,2026-09-24T22:42:03+05:45,50ms_0.5pct,measure,mldsa,P-256,288.586,1,prime256v1,mldsa65,0,14826,323,0,-provider_default
50ms_0.5pct-213,2026-09-24T22:42:03+05:45,50ms_0.5pct,measure,mldsa,X25519,319.674,1,X25519,mldsa65,0,14793,290,0,-provider_default
50ms_0.5pct-214,2026-09-24T22:42:04+05:45,50ms_0.5pct,measure,ecdsa,X25519,177.917,1,X25519,ecdsa_secp256r1_sha256,0,1307,290,0,-provider_default
50ms_0.5pct-215,2026-09-24T22:42:04+05:45,50ms_0.5pct,measure,ecdsa,SecP256r1MLKEM768,240.810,1,SecP256r1MLKEM768,ecdsa_secp256r1_sha256,0,2426,1499,0,-provider_default
50ms_0.5pct-216,2026-09-24T22:42:04+05:45,50ms_0.5pct,measure,mldsa,X25519MLKEM768,368.637,1,X25519MLKEM768,mldsa65,0,15867,1466,0,-provider_default
50ms_0.5pct-217,2026-09-24T22:42:05+05:45,50ms_0.5pct,measure,ecdsa,SecP256r1MLKEM768,175.812,1,SecP256r1MLKEM768,ecdsa_secp256r1_sha256,0,2427,1499,0,-provider_default
50ms_0.5pct-218,2026-09-24T22:42:05+05:45,50ms_0.5pct,measure,ecdsa,X25519,286.873,1,X25519,ecdsa_secp256r1_sha256,0,1306,290,0,-provider_default
50ms_0.5pct-219,2026-09-24T22:42:05+05:45,50ms_0.5pct,measure,ecdsa,SecP256r1MLKEM768,229.682,1,SecP256r1MLKEM768,ecdsa_secp256r1_sha256,0,2427,1499,0,-provider_default
50ms_0.5pct-220,2026-09-24T22:42:06+05:45,50ms_0.5pct,measure,mldsa,X25519MLKEM768,259.418,1,X25519MLKEM768,mldsa65,0,15867,1466,0,-provider_default
50ms_0.5pct-221,2026-09-24T22:42:06+05:45,50ms_0.5pct,measure,mldsa,X25519,360.751,1,X25519,mldsa65,0,14793,290,0,-provider_default
50ms_0.5pct-222,2026-09-24T22:42:06+05:45,50ms_0.5pct,measure,ecdsa,SecP256r1MLKEM768,284.915,1,SecP256r1MLKEM768,ecdsa_secp256r1_sha256,0,2427,1499,0,-provider_default
50ms_0.5pct-223,2026-09-24T22:42:07+05:45,50ms_0.5pct,measure,mldsa,X25519,357.065,1,X25519,mldsa65,0,14793,290,0,-provider_default
50ms_0.5pct-224,2026-09-24T22:42:07+05:45,50ms_0.5pct,measure,ecdsa,SecP256r1MLKEM768,193.505,1,SecP256r1MLKEM768,ecdsa_secp256r1_sha256,0,2426,1499,0,-provider_default
50ms_0.5pct-225,2026-09-24T22:42:07+05:45,50ms_0.5pct,measure,mldsa,P-256,304.494,1,prime256v1,mldsa65,0,14826,323,0,-provider_default
50ms_0.5pct-226,2026-09-24T22:42:08+05:45,50ms_0.5pct,measure,ecdsa,P-256,183.998,1,prime256v1,ecdsa_secp256r1_sha256,0,1338,323,0,-provider_default
50ms_0.5pct-227,2026-09-24T22:42:08+05:45,50ms_0.5pct,measure,ecdsa,X25519,173.671,1,X25519,ecdsa_secp256r1_sha256,0,1305,290,0,-provider_default
50ms_0.5pct-228,2026-09-24T22:42:08+05:45,50ms_0.5pct,measure,mldsa,X25519,290.588,1,X25519,mldsa65,0,14793,290,0,-provider_default
50ms_0.5pct-229,2026-09-24T22:42:09+05:45,50ms_0.5pct,measure,ecdsa,P-256,237.570,1,prime256v1,ecdsa_secp256r1_sha256,0,1338,323,0,-provider_default
50ms_0.5pct-230,2026-09-24T22:42:09+05:45,50ms_0.5pct,measure,ecdsa,P-256,200.258,1,prime256v1,ecdsa_secp256r1_sha256,0,1339,323,0,-provider_default
50ms_0.5pct-231,2026-09-24T22:42:09+05:45,50ms_0.5pct,measure,ecdsa,X25519MLKEM768,184.310,1,X25519MLKEM768,ecdsa_secp256r1_sha256,0,2380,1466,0,-provider_default
50ms_0.5pct-232,2026-09-24T22:42:09+05:45,50ms_0.5pct,measure,ecdsa,SecP256r1MLKEM768,203.656,1,SecP256r1MLKEM768,ecdsa_secp256r1_sha256,0,2426,1499,0,-provider_default
50ms_0.5pct-233,2026-09-24T22:42:10+05:45,50ms_0.5pct,measure,ecdsa,SecP256r1MLKEM768,214.987,1,SecP256r1MLKEM768,ecdsa_secp256r1_sha256,0,2426,1499,0,-provider_default
50ms_0.5pct-234,2026-09-24T22:42:10+05:45,50ms_0.5pct,measure,mldsa,P-256,426.812,1,prime256v1,mldsa65,0,14826,323,1,-provider_default
50ms_0.5pct-235,2026-09-24T22:42:10+05:45,50ms_0.5pct,measure,ecdsa,X25519,228.824,1,X25519,ecdsa_secp256r1_sha256,0,1306,290,0,-provider_default
50ms_0.5pct-236,2026-09-24T22:42:11+05:45,50ms_0.5pct,measure,ecdsa,SecP256r1MLKEM768,185.718,1,SecP256r1MLKEM768,ecdsa_secp256r1_sha256,0,2428,1499,0,-provider_default
50ms_0.5pct-237,2026-09-24T22:42:11+05:45,50ms_0.5pct,measure,ecdsa,P-256,305.695,1,prime256v1,ecdsa_secp256r1_sha256,0,1338,323,0,-provider_default
50ms_0.5pct-238,2026-09-24T22:42:11+05:45,50ms_0.5pct,measure,mldsa,X25519MLKEM768,384.385,1,X25519MLKEM768,mldsa65,0,15867,1466,0,-provider_default
50ms_0.5pct-239,2026-09-24T22:42:12+05:45,50ms_0.5pct,measure,ecdsa,X25519,327.210,1,X25519,ecdsa_secp256r1_sha256,0,1307,290,0,-provider_default
50ms_0.5pct-240,2026-09-24T22:42:12+05:45,50ms_0.5pct,measure,mldsa,X25519MLKEM768,331.986,1,X25519MLKEM768,mldsa65,0,15867,1466,0,-provider_default
50ms_0.5pct-241,2026-09-24T22:42:13+05:45,50ms_0.5pct,measure,mldsa,P-256,303.013,1,prime256v1,mldsa65,0,14826,323,0,-provider_default
50ms_0.5pct-242,2026-09-24T22:42:13+05:45,50ms_0.5pct,measure,mldsa,X25519,313.856,1,X25519,mldsa65,0,14793,290,0,-provider_default
50ms_0.5pct-243,2026-09-24T22:42:13+05:45,50ms_0.5pct,measure,mldsa,SecP256r1MLKEM768,337.977,1,SecP256r1MLKEM768,mldsa65,0,15914,1499,0,-provider_default
50ms_0.5pct-244,2026-09-24T22:42:14+05:45,50ms_0.5pct,measure,mldsa,SecP256r1MLKEM768,283.146,1,SecP256r1MLKEM768,mldsa65,0,15914,1499,0,-provider_default
50ms_0.5pct-245,2026-09-24T22:42:14+05:45,50ms_0.5pct,measure,ecdsa,SecP256r1MLKEM768,182.893,1,SecP256r1MLKEM768,ecdsa_secp256r1_sha256,0,2427,1499,0,-provider_default
50ms_0.5pct-246,2026-09-24T22:42:14+05:45,50ms_0.5pct,measure,ecdsa,P-256,233.837,1,prime256v1,ecdsa_secp256r1_sha256,0,1340,323,0,-provider_default
50ms_0.5pct-247,2026-09-24T22:42:15+05:45,50ms_0.5pct,measure,mldsa,X25519MLKEM768,346.818,1,X25519MLKEM768,mldsa65,0,15867,1466,0,-provider_default
50ms_0.5pct-248,2026-09-24T22:42:15+05:45,50ms_0.5pct,measure,ecdsa,X25519,237.938,1,X25519,ecdsa_secp256r1_sha256,0,1304,290,0,-provider_default
50ms_0.5pct-249,2026-09-24T22:42:15+05:45,50ms_0.5pct,measure,ecdsa,P-256,210.311,1,prime256v1,ecdsa_secp256r1_sha256,0,1338,323,0,-provider_default
50ms_0.5pct-250,2026-09-24T22:42:16+05:45,50ms_0.5pct,measure,mldsa,SecP256r1MLKEM768,349.346,1,SecP256r1MLKEM768,mldsa65,0,15914,1499,0,-provider_default
50ms_0.5pct-251,2026-09-24T22:42:16+05:45,50ms_0.5pct,measure,ecdsa,X25519MLKEM768,315.461,1,X25519MLKEM768,ecdsa_secp256r1_sha256,0,2380,1466,0,-provider_default
50ms_0.5pct-252,2026-09-24T22:42:16+05:45,50ms_0.5pct,measure,mldsa,X25519,411.500,1,X25519,mldsa65,0,14793,290,0,-provider_default
50ms_0.5pct-253,2026-09-24T22:42:17+05:45,50ms_0.5pct,measure,mldsa,SecP256r1MLKEM768,270.151,1,SecP256r1MLKEM768,mldsa65,0,15914,1499,0,-provider_default
50ms_0.5pct-254,2026-09-24T22:42:17+05:45,50ms_0.5pct,measure,ecdsa,X25519MLKEM768,291.224,1,X25519MLKEM768,ecdsa_secp256r1_sha256,0,2381,1466,0,-provider_default
50ms_0.5pct-255,2026-09-24T22:42:18+05:45,50ms_0.5pct,measure,mldsa,X25519MLKEM768,254.018,1,X25519MLKEM768,mldsa65,0,15867,1466,0,-provider_default
50ms_0.5pct-256,2026-09-24T22:42:18+05:45,50ms_0.5pct,measure,mldsa,X25519,290.374,1,X25519,mldsa65,0,14793,290,0,-provider_default
50ms_0.5pct-257,2026-09-24T22:42:18+05:45,50ms_0.5pct,measure,ecdsa,X25519MLKEM768,227.174,1,X25519MLKEM768,ecdsa_secp256r1_sha256,0,2381,1466,0,-provider_default
50ms_0.5pct-258,2026-09-24T22:42:18+05:45,50ms_0.5pct,measure,ecdsa,X25519MLKEM768,213.611,1,X25519MLKEM768,ecdsa_secp256r1_sha256,0,2379,1466,0,-provider_default
50ms_0.5pct-259,2026-09-24T22:42:19+05:45,50ms_0.5pct,measure,ecdsa,P-256,251.596,1,prime256v1,ecdsa_secp256r1_sha256,0,1339,323,0,-provider_default
50ms_0.5pct-260,2026-09-24T22:42:19+05:45,50ms_0.5pct,measure,ecdsa,P-256,183.139,1,prime256v1,ecdsa_secp256r1_sha256,0,1339,323,0,-provider_default
50ms_0.5pct-261,2026-09-24T22:42:19+05:45,50ms_0.5pct,measure,mldsa,X25519MLKEM768,308.671,1,X25519MLKEM768,mldsa65,0,15867,1466,0,-provider_default
50ms_0.5pct-262,2026-09-24T22:42:20+05:45,50ms_0.5pct,measure,ecdsa,X25519,239.339,1,X25519,ecdsa_secp256r1_sha256,0,1306,290,0,-provider_default
50ms_0.5pct-263,2026-09-24T22:42:20+05:45,50ms_0.5pct,measure,mldsa,X25519MLKEM768,330.475,1,X25519MLKEM768,mldsa65,0,15867,1466,0,-provider_default
50ms_0.5pct-264,2026-09-24T22:42:20+05:45,50ms_0.5pct,measure,ecdsa,P-256,208.736,1,prime256v1,ecdsa_secp256r1_sha256,0,1339,323,0,-provider_default
50ms_0.5pct-265,2026-09-24T22:42:21+05:45,50ms_0.5pct,measure,mldsa,X25519,367.781,1,X25519,mldsa65,0,14793,290,1,-provider_default
50ms_0.5pct-266,2026-09-24T22:42:21+05:45,50ms_0.5pct,measure,ecdsa,P-256,220.525,1,prime256v1,ecdsa_secp256r1_sha256,0,1339,323,0,-provider_default
50ms_0.5pct-267,2026-09-24T22:42:21+05:45,50ms_0.5pct,measure,ecdsa,X25519MLKEM768,246.339,1,X25519MLKEM768,ecdsa_secp256r1_sha256,0,2380,1466,0,-provider_default
50ms_0.5pct-268,2026-09-24T22:42:22+05:45,50ms_0.5pct,measure,ecdsa,SecP256r1MLKEM768,253.142,1,SecP256r1MLKEM768,ecdsa_secp256r1_sha256,0,2426,1499,0,-provider_default
50ms_0.5pct-269,2026-09-24T22:42:22+05:45,50ms_0.5pct,measure,mldsa,SecP256r1MLKEM768,297.181,1,SecP256r1MLKEM768,mldsa65,0,15914,1499,0,-provider_default
50ms_0.5pct-270,2026-09-24T22:42:22+05:45,50ms_0.5pct,measure,ecdsa,X25519MLKEM768,188.352,1,X25519MLKEM768,ecdsa_secp256r1_sha256,0,2381,1466,0,-provider_default
50ms_0.5pct-271,2026-09-24T22:42:23+05:45,50ms_0.5pct,measure,ecdsa,X25519MLKEM768,233.380,1,X25519MLKEM768,ecdsa_secp256r1_sha256,0,2381,1466,0,-provider_default
50ms_0.5pct-272,2026-09-24T22:42:23+05:45,50ms_0.5pct,measure,ecdsa,SecP256r1MLKEM768,209.020,1,SecP256r1MLKEM768,ecdsa_secp256r1_sha256,0,2427,1499,0,-provider_default
50ms_0.5pct-273,2026-09-24T22:42:23+05:45,50ms_0.5pct,measure,ecdsa,X25519MLKEM768,242.724,1,X25519MLKEM768,ecdsa_secp256r1_sha256,0,2380,1466,0,-provider_default
50ms_0.5pct-274,2026-09-24T22:42:24+05:45,50ms_0.5pct,measure,ecdsa,X25519,202.633,1,X25519,ecdsa_secp256r1_sha256,0,1306,290,0,-provider_default
50ms_0.5pct-275,2026-09-24T22:42:24+05:45,50ms_0.5pct,measure,mldsa,X25519MLKEM768,321.281,1,X25519MLKEM768,mldsa65,0,15867,1466,0,-provider_default
50ms_0.5pct-276,2026-09-24T22:42:24+05:45,50ms_0.5pct,measure,ecdsa,X25519MLKEM768,460.600,1,X25519MLKEM768,ecdsa_secp256r1_sha256,0,2380,1466,0,-provider_default
50ms_0.5pct-277,2026-09-24T22:42:25+05:45,50ms_0.5pct,measure,mldsa,X25519,509.254,1,X25519,mldsa65,0,14793,290,0,-provider_default
50ms_0.5pct-278,2026-09-24T22:42:25+05:45,50ms_0.5pct,measure,ecdsa,X25519,205.131,1,X25519,ecdsa_secp256r1_sha256,0,1305,290,0,-provider_default
50ms_0.5pct-279,2026-09-24T22:42:26+05:45,50ms_0.5pct,measure,ecdsa,X25519,348.756,1,X25519,ecdsa_secp256r1_sha256,0,1306,290,0,-provider_default
50ms_0.5pct-280,2026-09-24T22:42:26+05:45,50ms_0.5pct,measure,ecdsa,X25519MLKEM768,315.387,1,X25519MLKEM768,ecdsa_secp256r1_sha256,0,2380,1466,0,-provider_default
50ms_0.5pct-281,2026-09-24T22:42:26+05:45,50ms_0.5pct,measure,ecdsa,P-256,245.885,1,prime256v1,ecdsa_secp256r1_sha256,0,1339,323,0,-provider_default
50ms_0.5pct-282,2026-09-24T22:42:27+05:45,50ms_0.5pct,measure,mldsa,X25519,415.580,1,X25519,mldsa65,0,14793,290,0,-provider_default
50ms_0.5pct-283,2026-09-24T22:42:27+05:45,50ms_0.5pct,measure,ecdsa,P-256,233.927,1,prime256v1,ecdsa_secp256r1_sha256,0,1338,323,0,-provider_default
50ms_0.5pct-284,2026-09-24T22:42:27+05:45,50ms_0.5pct,measure,ecdsa,SecP256r1MLKEM768,207.265,1,SecP256r1MLKEM768,ecdsa_secp256r1_sha256,0,2427,1499,0,-provider_default
50ms_0.5pct-285,2026-09-24T22:42:28+05:45,50ms_0.5pct,measure,ecdsa,X25519,504.855,1,X25519,ecdsa_secp256r1_sha256,0,1306,290,0,-provider_default
50ms_0.5pct-286,2026-09-24T22:42:28+05:45,50ms_0.5pct,measure,ecdsa,SecP256r1MLKEM768,274.682,1,SecP256r1MLKEM768,ecdsa_secp256r1_sha256,0,2427,1499,0,-provider_default
50ms_0.5pct-287,2026-09-24T22:42:29+05:45,50ms_0.5pct,measure,ecdsa,X25519,186.977,1,X25519,ecdsa_secp256r1_sha256,0,1305,290,0,-provider_default
50ms_0.5pct-288,2026-09-24T22:42:29+05:45,50ms_0.5pct,measure,ecdsa,P-256,246.613,1,prime256v1,ecdsa_secp256r1_sha256,0,1339,323,0,-provider_default
50ms_0.5pct-289,2026-09-24T22:42:29+05:45,50ms_0.5pct,measure,mldsa,P-256,364.432,1,prime256v1,mldsa65,0,14826,323,0,-provider_default
50ms_0.5pct-290,2026-09-24T22:42:30+05:45,50ms_0.5pct,measure,mldsa,SecP256r1MLKEM768,457.971,1,SecP256r1MLKEM768,mldsa65,0,15914,1499,0,-provider_default
50ms_0.5pct-291,2026-09-24T22:42:30+05:45,50ms_0.5pct,measure,mldsa,X25519MLKEM768,395.127,1,X25519MLKEM768,mldsa65,0,15867,1466,0,-provider_default
50ms_0.5pct-292,2026-09-24T22:42:31+05:45,50ms_0.5pct,measure,mldsa,X25519MLKEM768,315.541,1,X25519MLKEM768,mldsa65,0,15867,1466,0,-provider_default
50ms_0.5pct-293,2026-09-24T22:42:31+05:45,50ms_0.5pct,measure,ecdsa,X25519,205.054,1,X25519,ecdsa_secp256r1_sha256,0,1306,290,0,-provider_default
50ms_0.5pct-294,2026-09-24T22:42:31+05:45,50ms_0.5pct,measure,mldsa,X25519,306.276,1,X25519,mldsa65,0,14793,290,0,-provider_default
50ms_0.5pct-295,2026-09-24T22:42:32+05:45,50ms_0.5pct,measure,ecdsa,SecP256r1MLKEM768,296.122,1,SecP256r1MLKEM768,ecdsa_secp256r1_sha256,0,2428,1499,0,-provider_default
50ms_0.5pct-296,2026-09-24T22:42:32+05:45,50ms_0.5pct,measure,mldsa,P-256,285.327,1,prime256v1,mldsa65,0,14826,323,0,-provider_default
50ms_0.5pct-297,2026-09-24T22:42:33+05:45,50ms_0.5pct,measure,mldsa,P-256,376.177,1,prime256v1,mldsa65,0,14826,323,0,-provider_default
50ms_0.5pct-298,2026-09-24T22:42:33+05:45,50ms_0.5pct,measure,ecdsa,SecP256r1MLKEM768,193.686,1,SecP256r1MLKEM768,ecdsa_secp256r1_sha256,0,2427,1499,0,-provider_default
50ms_0.5pct-299,2026-09-24T22:42:33+05:45,50ms_0.5pct,measure,mldsa,X25519,320.162,1,X25519,mldsa65,0,14793,290,0,-provider_default
50ms_0.5pct-300,2026-09-24T22:42:34+05:45,50ms_0.5pct,measure,mldsa,P-256,259.868,1,prime256v1,mldsa65,0,14826,323,0,-provider_default
50ms_0.5pct-301,2026-09-24T22:42:34+05:45,50ms_0.5pct,measure,mldsa,SecP256r1MLKEM768,458.690,1,SecP256r1MLKEM768,mldsa65,0,15914,1499,1,-provider_default
50ms_0.5pct-302,2026-09-24T22:42:35+05:45,50ms_0.5pct,measure,mldsa,X25519,340.410,1,X25519,mldsa65,0,14793,290,0,-provider_default
50ms_0.5pct-303,2026-09-24T22:42:35+05:45,50ms_0.5pct,measure,mldsa,X25519,379.092,1,X25519,mldsa65,0,14793,290,0,-provider_default
50ms_0.5pct-304,2026-09-24T22:42:35+05:45,50ms_0.5pct,measure,mldsa,X25519MLKEM768,251.341,1,X25519MLKEM768,mldsa65,0,15867,1466,0,-provider_default
50ms_0.5pct-305,2026-09-24T22:42:36+05:45,50ms_0.5pct,measure,mldsa,P-256,248.653,1,prime256v1,mldsa65,0,14826,323,0,-provider_default
50ms_0.5pct-306,2026-09-24T22:42:36+05:45,50ms_0.5pct,measure,ecdsa,X25519MLKEM768,215.445,1,X25519MLKEM768,ecdsa_secp256r1_sha256,0,2379,1466,0,-provider_default
50ms_0.5pct-307,2026-09-24T22:42:36+05:45,50ms_0.5pct,measure,ecdsa,X25519MLKEM768,403.945,1,X25519MLKEM768,ecdsa_secp256r1_sha256,0,2379,1466,0,-provider_default
50ms_0.5pct-308,2026-09-24T22:42:37+05:45,50ms_0.5pct,measure,mldsa,X25519,457.200,1,X25519,mldsa65,0,14793,290,0,-provider_default
50ms_0.5pct-309,2026-09-24T22:42:37+05:45,50ms_0.5pct,measure,ecdsa,X25519MLKEM768,209.657,1,X25519MLKEM768,ecdsa_secp256r1_sha256,0,2379,1466,0,-provider_default
50ms_0.5pct-310,2026-09-24T22:42:37+05:45,50ms_0.5pct,measure,ecdsa,X25519MLKEM768,201.441,1,X25519MLKEM768,ecdsa_secp256r1_sha256,0,2380,1466,0,-provider_default
50ms_0.5pct-311,2026-09-24T22:42:38+05:45,50ms_0.5pct,measure,mldsa,SecP256r1MLKEM768,322.740,1,SecP256r1MLKEM768,mldsa65,0,15914,1499,0,-provider_default
50ms_0.5pct-312,2026-09-24T22:42:38+05:45,50ms_0.5pct,measure,mldsa,SecP256r1MLKEM768,411.805,1,SecP256r1MLKEM768,mldsa65,0,15914,1499,0,-provider_default
50ms_0.5pct-313,2026-09-24T22:42:39+05:45,50ms_0.5pct,measure,mldsa,X25519,315.303,1,X25519,mldsa65,0,14793,290,0,-provider_default
50ms_0.5pct-314,2026-09-24T22:42:39+05:45,50ms_0.5pct,measure,ecdsa,X25519,189.867,1,X25519,ecdsa_secp256r1_sha256,0,1307,290,0,-provider_default
50ms_0.5pct-315,2026-09-24T22:42:39+05:45,50ms_0.5pct,measure,mldsa,X25519,286.719,1,X25519,mldsa65,0,14793,290,0,-provider_default
50ms_0.5pct-316,2026-09-24T22:42:40+05:45,50ms_0.5pct,measure,ecdsa,X25519MLKEM768,298.181,1,X25519MLKEM768,ecdsa_secp256r1_sha256,0,2381,1466,0,-provider_default
50ms_0.5pct-317,2026-09-24T22:42:40+05:45,50ms_0.5pct,measure,ecdsa,SecP256r1MLKEM768,215.770,1,SecP256r1MLKEM768,ecdsa_secp256r1_sha256,0,2427,1499,0,-provider_default
50ms_0.5pct-318,2026-09-24T22:42:40+05:45,50ms_0.5pct,measure,mldsa,P-256,406.543,1,prime256v1,mldsa65,0,14826,323,0,-provider_default
50ms_0.5pct-319,2026-09-24T22:42:41+05:45,50ms_0.5pct,measure,ecdsa,P-256,189.773,1,prime256v1,ecdsa_secp256r1_sha256,0,1340,323,0,-provider_default
50ms_0.5pct-320,2026-09-24T22:42:41+05:45,50ms_0.5pct,measure,ecdsa,SecP256r1MLKEM768,191.798,1,SecP256r1MLKEM768,ecdsa_secp256r1_sha256,0,2427,1499,0,-provider_default
50ms_0.5pct-321,2026-09-24T22:42:41+05:45,50ms_0.5pct,measure,ecdsa,X25519MLKEM768,214.601,1,X25519MLKEM768,ecdsa_secp256r1_sha256,0,2379,1466,0,-provider_default
50ms_0.5pct-322,2026-09-24T22:42:42+05:45,50ms_0.5pct,measure,ecdsa,SecP256r1MLKEM768,274.556,1,SecP256r1MLKEM768,ecdsa_secp256r1_sha256,0,2427,1499,0,-provider_default
50ms_0.5pct-323,2026-09-24T22:42:42+05:45,50ms_0.5pct,measure,ecdsa,X25519,226.944,1,X25519,ecdsa_secp256r1_sha256,0,1306,290,0,-provider_default
50ms_0.5pct-324,2026-09-24T22:42:42+05:45,50ms_0.5pct,measure,ecdsa,P-256,357.532,1,prime256v1,ecdsa_secp256r1_sha256,0,1340,323,0,-provider_default
50ms_0.5pct-325,2026-09-24T22:42:43+05:45,50ms_0.5pct,measure,ecdsa,X25519,187.268,1,X25519,ecdsa_secp256r1_sha256,0,1306,290,0,-provider_default
50ms_0.5pct-326,2026-09-24T22:42:43+05:45,50ms_0.5pct,measure,mldsa,P-256,292.710,1,prime256v1,mldsa65,0,14826,323,0,-provider_default
50ms_0.5pct-327,2026-09-24T22:42:43+05:45,50ms_0.5pct,measure,ecdsa,SecP256r1MLKEM768,200.923,1,SecP256r1MLKEM768,ecdsa_secp256r1_sha256,0,2427,1499,0,-provider_default
50ms_0.5pct-328,2026-09-24T22:42:44+05:45,50ms_0.5pct,measure,mldsa,X25519,283.238,1,X25519,mldsa65,0,14793,290,0,-provider_default
50ms_0.5pct-329,2026-09-24T22:42:44+05:45,50ms_0.5pct,measure,ecdsa,X25519,192.771,1,X25519,ecdsa_secp256r1_sha256,0,1306,290,0,-provider_default
50ms_0.5pct-330,2026-09-24T22:42:45+05:45,50ms_0.5pct,measure,mldsa,P-256,754.643,1,prime256v1,mldsa65,0,14826,323,0,-provider_default
50ms_0.5pct-331,2026-09-24T22:42:45+05:45,50ms_0.5pct,measure,ecdsa,X25519,279.880,1,X25519,ecdsa_secp256r1_sha256,0,1306,290,0,-provider_default
50ms_0.5pct-332,2026-09-24T22:42:46+05:45,50ms_0.5pct,measure,mldsa,X25519MLKEM768,384.932,1,X25519MLKEM768,mldsa65,0,15867,1466,0,-provider_default
50ms_0.5pct-333,2026-09-24T22:42:46+05:45,50ms_0.5pct,measure,ecdsa,X25519MLKEM768,504.413,1,X25519MLKEM768,ecdsa_secp256r1_sha256,0,2380,1466,0,-provider_default
50ms_0.5pct-334,2026-09-24T22:42:47+05:45,50ms_0.5pct,measure,ecdsa,SecP256r1MLKEM768,204.207,1,SecP256r1MLKEM768,ecdsa_secp256r1_sha256,0,2428,1499,0,-provider_default
50ms_0.5pct-335,2026-09-24T22:42:47+05:45,50ms_0.5pct,measure,ecdsa,X25519,210.506,1,X25519,ecdsa_secp256r1_sha256,0,1306,290,0,-provider_default
50ms_0.5pct-336,2026-09-24T22:42:47+05:45,50ms_0.5pct,measure,mldsa,SecP256r1MLKEM768,372.726,1,SecP256r1MLKEM768,mldsa65,0,15914,1499,0,-provider_default
50ms_0.5pct-337,2026-09-24T22:42:48+05:45,50ms_0.5pct,measure,ecdsa,SecP256r1MLKEM768,286.323,1,SecP256r1MLKEM768,ecdsa_secp256r1_sha256,0,2427,1499,0,-provider_default
50ms_0.5pct-338,2026-09-24T22:42:48+05:45,50ms_0.5pct,measure,ecdsa,X25519MLKEM768,213.064,1,X25519MLKEM768,ecdsa_secp256r1_sha256,0,2380,1466,0,-provider_default
50ms_0.5pct-339,2026-09-24T22:42:48+05:45,50ms_0.5pct,measure,ecdsa,P-256,199.915,1,prime256v1,ecdsa_secp256r1_sha256,0,1339,323,0,-provider_default
50ms_0.5pct-340,2026-09-24T22:42:48+05:45,50ms_0.5pct,measure,ecdsa,X25519,180.167,1,X25519,ecdsa_secp256r1_sha256,0,1305,290,0,-provider_default
50ms_0.5pct-341,2026-09-24T22:42:49+05:45,50ms_0.5pct,measure,mldsa,SecP256r1MLKEM768,274.791,1,SecP256r1MLKEM768,mldsa65,0,15914,1499,0,-provider_default
50ms_0.5pct-342,2026-09-24T22:42:49+05:45,50ms_0.5pct,measure,ecdsa,X25519,350.544,1,X25519,ecdsa_secp256r1_sha256,0,1306,290,0,-provider_default
50ms_0.5pct-343,2026-09-24T22:42:50+05:45,50ms_0.5pct,measure,mldsa,SecP256r1MLKEM768,378.487,1,SecP256r1MLKEM768,mldsa65,0,15914,1499,0,-provider_default
50ms_0.5pct-344,2026-09-24T22:42:50+05:45,50ms_0.5pct,measure,mldsa,P-256,349.858,1,prime256v1,mldsa65,0,14826,323,0,-provider_default
50ms_0.5pct-345,2026-09-24T22:42:50+05:45,50ms_0.5pct,measure,mldsa,X25519MLKEM768,326.057,1,X25519MLKEM768,mldsa65,0,15867,1466,0,-provider_default
50ms_0.5pct-346,2026-09-24T22:42:51+05:45,50ms_0.5pct,measure,mldsa,P-256,337.719,1,prime256v1,mldsa65,0,14826,323,0,-provider_default
50ms_0.5pct-347,2026-09-24T22:42:51+05:45,50ms_0.5pct,measure,mldsa,P-256,321.695,1,prime256v1,mldsa65,0,14826,323,0,-provider_default
50ms_0.5pct-348,2026-09-24T22:42:52+05:45,50ms_0.5pct,measure,ecdsa,SecP256r1MLKEM768,273.229,1,SecP256r1MLKEM768,ecdsa_secp256r1_sha256,0,2427,1499,0,-provider_default
50ms_0.5pct-349,2026-09-24T22:42:52+05:45,50ms_0.5pct,measure,ecdsa,X25519,469.262,1,X25519,ecdsa_secp256r1_sha256,0,1307,290,1,-provider_default
50ms_0.5pct-350,2026-09-24T22:42:52+05:45,50ms_0.5pct,measure,mldsa,X25519,283.741,1,X25519,mldsa65,0,14793,290,0,-provider_default
50ms_0.5pct-351,2026-09-24T22:42:53+05:45,50ms_0.5pct,measure,ecdsa,SecP256r1MLKEM768,187.772,1,SecP256r1MLKEM768,ecdsa_secp256r1_sha256,0,2427,1499,0,-provider_default
50ms_0.5pct-352,2026-09-24T22:42:53+05:45,50ms_0.5pct,measure,mldsa,X25519,271.402,1,X25519,mldsa65,0,14793,290,0,-provider_default
50ms_0.5pct-353,2026-09-24T22:42:54+05:45,50ms_0.5pct,measure,ecdsa,X25519,572.399,1,X25519,ecdsa_secp256r1_sha256,0,1306,290,0,-provider_default
50ms_0.5pct-354,2026-09-24T22:42:55+05:45,50ms_0.5pct,measure,mldsa,X25519MLKEM768,1260.919,1,X25519MLKEM768,mldsa65,0,15867,1466,1,-provider_default
50ms_0.5pct-355,2026-09-24T22:42:56+05:45,50ms_0.5pct,measure,ecdsa,SecP256r1MLKEM768,1425.030,1,SecP256r1MLKEM768,ecdsa_secp256r1_sha256,0,2426,1499,1,-provider_default
50ms_0.5pct-356,2026-09-24T22:42:57+05:45,50ms_0.5pct,measure,mldsa,X25519,354.898,1,X25519,mldsa65,0,14793,290,0,-provider_default
50ms_0.5pct-357,2026-09-24T22:42:57+05:45,50ms_0.5pct,measure,mldsa,X25519,287.428,1,X25519,mldsa65,0,14793,290,0,-provider_default
50ms_0.5pct-358,2026-09-24T22:42:59+05:45,50ms_0.5pct,measure,ecdsa,P-256,1266.546,1,prime256v1,ecdsa_secp256r1_sha256,0,1339,323,1,-provider_default
50ms_0.5pct-359,2026-09-24T22:42:59+05:45,50ms_0.5pct,measure,mldsa,X25519,295.265,1,X25519,mldsa65,0,14793,290,0,-provider_default
50ms_0.5pct-360,2026-09-24T22:42:59+05:45,50ms_0.5pct,measure,ecdsa,P-256,193.174,1,prime256v1,ecdsa_secp256r1_sha256,0,1340,323,0,-provider_default
50ms_0.5pct-361,2026-09-24T22:42:59+05:45,50ms_0.5pct,measure,ecdsa,X25519MLKEM768,251.360,1,X25519MLKEM768,ecdsa_secp256r1_sha256,0,2380,1466,0,-provider_default
50ms_0.5pct-362,2026-09-24T22:43:00+05:45,50ms_0.5pct,measure,ecdsa,SecP256r1MLKEM768,200.722,1,SecP256r1MLKEM768,ecdsa_secp256r1_sha256,0,2427,1499,0,-provider_default
50ms_0.5pct-363,2026-09-24T22:43:00+05:45,50ms_0.5pct,measure,mldsa,SecP256r1MLKEM768,481.082,1,SecP256r1MLKEM768,mldsa65,0,15914,1499,0,-provider_default
50ms_0.5pct-364,2026-09-24T22:43:01+05:45,50ms_0.5pct,measure,ecdsa,P-256,188.046,1,prime256v1,ecdsa_secp256r1_sha256,0,1339,323,0,-provider_default
50ms_0.5pct-365,2026-09-24T22:43:01+05:45,50ms_0.5pct,measure,ecdsa,P-256,368.941,1,prime256v1,ecdsa_secp256r1_sha256,0,1338,323,0,-provider_default
50ms_0.5pct-366,2026-09-24T22:43:02+05:45,50ms_0.5pct,measure,mldsa,X25519MLKEM768,472.553,1,X25519MLKEM768,mldsa65,0,15867,1466,0,-provider_default
50ms_0.5pct-367,2026-09-24T22:43:02+05:45,50ms_0.5pct,measure,mldsa,SecP256r1MLKEM768,495.702,1,SecP256r1MLKEM768,mldsa65,0,15914,1499,0,-provider_default
50ms_0.5pct-368,2026-09-24T22:43:02+05:45,50ms_0.5pct,measure,mldsa,SecP256r1MLKEM768,265.495,1,SecP256r1MLKEM768,mldsa65,0,15914,1499,0,-provider_default
50ms_0.5pct-369,2026-09-24T22:43:03+05:45,50ms_0.5pct,measure,mldsa,SecP256r1MLKEM768,257.623,1,SecP256r1MLKEM768,mldsa65,0,15914,1499,0,-provider_default
50ms_0.5pct-370,2026-09-24T22:43:03+05:45,50ms_0.5pct,measure,ecdsa,P-256,218.844,1,prime256v1,ecdsa_secp256r1_sha256,0,1339,323,0,-provider_default
50ms_0.5pct-371,2026-09-24T22:43:03+05:45,50ms_0.5pct,measure,mldsa,X25519MLKEM768,295.614,1,X25519MLKEM768,mldsa65,0,15867,1466,0,-provider_default
50ms_0.5pct-372,2026-09-24T22:43:04+05:45,50ms_0.5pct,measure,ecdsa,X25519,232.846,1,X25519,ecdsa_secp256r1_sha256,0,1305,290,0,-provider_default
50ms_0.5pct-373,2026-09-24T22:43:04+05:45,50ms_0.5pct,measure,mldsa,X25519,303.509,1,X25519,mldsa65,0,14793,290,0,-provider_default
50ms_0.5pct-374,2026-09-24T22:43:04+05:45,50ms_0.5pct,measure,mldsa,P-256,300.336,1,prime256v1,mldsa65,0,14826,323,0,-provider_default
50ms_0.5pct-375,2026-09-24T22:43:05+05:45,50ms_0.5pct,measure,mldsa,P-256,324.817,1,prime256v1,mldsa65,0,14826,323,0,-provider_default
50ms_0.5pct-376,2026-09-24T22:43:05+05:45,50ms_0.5pct,measure,ecdsa,SecP256r1MLKEM768,201.863,1,SecP256r1MLKEM768,ecdsa_secp256r1_sha256,0,2426,1499,0,-provider_default
50ms_0.5pct-377,2026-09-24T22:43:05+05:45,50ms_0.5pct,measure,mldsa,X25519,278.378,1,X25519,mldsa65,0,14793,290,0,-provider_default
50ms_0.5pct-378,2026-09-24T22:43:06+05:45,50ms_0.5pct,measure,mldsa,P-256,276.837,1,prime256v1,mldsa65,0,14826,323,0,-provider_default
50ms_0.5pct-379,2026-09-24T22:43:06+05:45,50ms_0.5pct,measure,mldsa,X25519MLKEM768,346.496,1,X25519MLKEM768,mldsa65,0,15867,1466,0,-provider_default
50ms_0.5pct-380,2026-09-24T22:43:08+05:45,50ms_0.5pct,measure,mldsa,P-256,1285.931,1,prime256v1,mldsa65,0,14826,323,1,-provider_default
50ms_0.5pct-381,2026-09-24T22:43:08+05:45,50ms_0.5pct,measure,ecdsa,X25519,335.600,1,X25519,ecdsa_secp256r1_sha256,0,1305,290,0,-provider_default
50ms_0.5pct-382,2026-09-24T22:43:08+05:45,50ms_0.5pct,measure,mldsa,X25519,234.073,1,X25519,mldsa65,0,14793,290,0,-provider_default
50ms_0.5pct-383,2026-09-24T22:43:09+05:45,50ms_0.5pct,measure,ecdsa,X25519MLKEM768,267.845,1,X25519MLKEM768,ecdsa_secp256r1_sha256,0,2379,1466,0,-provider_default
50ms_0.5pct-384,2026-09-24T22:43:09+05:45,50ms_0.5pct,measure,ecdsa,X25519MLKEM768,264.037,1,X25519MLKEM768,ecdsa_secp256r1_sha256,0,2381,1466,0,-provider_default
50ms_0.5pct-385,2026-09-24T22:43:09+05:45,50ms_0.5pct,measure,mldsa,X25519MLKEM768,435.190,1,X25519MLKEM768,mldsa65,0,15867,1466,0,-provider_default
50ms_0.5pct-386,2026-09-24T22:43:10+05:45,50ms_0.5pct,measure,mldsa,X25519,298.512,1,X25519,mldsa65,0,14793,290,0,-provider_default
50ms_0.5pct-387,2026-09-24T22:43:10+05:45,50ms_0.5pct,measure,mldsa,P-256,224.850,1,prime256v1,mldsa65,0,14826,323,0,-provider_default
50ms_0.5pct-388,2026-09-24T22:43:10+05:45,50ms_0.5pct,measure,mldsa,SecP256r1MLKEM768,239.502,1,SecP256r1MLKEM768,mldsa65,0,15914,1499,0,-provider_default
50ms_0.5pct-389,2026-09-24T22:43:12+05:45,50ms_0.5pct,measure,ecdsa,X25519MLKEM768,1328.684,1,X25519MLKEM768,ecdsa_secp256r1_sha256,0,2380,1466,1,-provider_default
50ms_0.5pct-390,2026-09-24T22:43:12+05:45,50ms_0.5pct,measure,mldsa,SecP256r1MLKEM768,305.217,1,SecP256r1MLKEM768,mldsa65,0,15914,1499,0,-provider_default
50ms_0.5pct-391,2026-09-24T22:43:13+05:45,50ms_0.5pct,measure,ecdsa,P-256,220.484,1,prime256v1,ecdsa_secp256r1_sha256,0,1339,323,0,-provider_default
50ms_0.5pct-392,2026-09-24T22:43:13+05:45,50ms_0.5pct,measure,ecdsa,X25519MLKEM768,197.508,1,X25519MLKEM768,ecdsa_secp256r1_sha256,0,2379,1466,0,-provider_default
50ms_0.5pct-393,2026-09-24T22:43:14+05:45,50ms_0.5pct,measure,mldsa,P-256,920.649,1,prime256v1,mldsa65,0,14826,323,0,-provider_default
50ms_0.5pct-394,2026-09-24T22:43:14+05:45,50ms_0.5pct,measure,mldsa,X25519,256.279,1,X25519,mldsa65,0,14793,290,0,-provider_default
50ms_0.5pct-395,2026-09-24T22:43:14+05:45,50ms_0.5pct,measure,ecdsa,SecP256r1MLKEM768,237.085,1,SecP256r1MLKEM768,ecdsa_secp256r1_sha256,0,2427,1499,0,-provider_default
50ms_0.5pct-396,2026-09-24T22:43:15+05:45,50ms_0.5pct,measure,mldsa,SecP256r1MLKEM768,318.006,1,SecP256r1MLKEM768,mldsa65,0,15914,1499,0,-provider_default
50ms_0.5pct-397,2026-09-24T22:43:15+05:45,50ms_0.5pct,measure,mldsa,X25519MLKEM768,247.228,1,X25519MLKEM768,mldsa65,0,15867,1466,0,-provider_default
50ms_0.5pct-398,2026-09-24T22:43:15+05:45,50ms_0.5pct,measure,ecdsa,P-256,376.008,1,prime256v1,ecdsa_secp256r1_sha256,0,1339,323,0,-provider_default
50ms_0.5pct-399,2026-09-24T22:43:16+05:45,50ms_0.5pct,measure,ecdsa,SecP256r1MLKEM768,452.498,1,SecP256r1MLKEM768,ecdsa_secp256r1_sha256,0,2426,1499,0,-provider_default
50ms_0.5pct-400,2026-09-24T22:43:16+05:45,50ms_0.5pct,measure,ecdsa,X25519,197.780,1,X25519,ecdsa_secp256r1_sha256,0,1306,290,0,-provider_default
50ms_0.5pct-401,2026-09-24T22:43:17+05:45,50ms_0.5pct,measure,ecdsa,P-256,612.020,1,prime256v1,ecdsa_secp256r1_sha256,0,1340,323,0,-provider_default
50ms_0.5pct-402,2026-09-24T22:43:17+05:45,50ms_0.5pct,measure,ecdsa,X25519,445.151,1,X25519,ecdsa_secp256r1_sha256,0,1305,290,0,-provider_default
50ms_0.5pct-403,2026-09-24T22:43:18+05:45,50ms_0.5pct,measure,ecdsa,SecP256r1MLKEM768,361.713,1,SecP256r1MLKEM768,ecdsa_secp256r1_sha256,0,2427,1499,0,-provider_default
50ms_0.5pct-404,2026-09-24T22:43:18+05:45,50ms_0.5pct,measure,ecdsa,SecP256r1MLKEM768,230.541,1,SecP256r1MLKEM768,ecdsa_secp256r1_sha256,0,2428,1499,0,-provider_default
50ms_0.5pct-405,2026-09-24T22:43:18+05:45,50ms_0.5pct,measure,mldsa,SecP256r1MLKEM768,269.352,1,SecP256r1MLKEM768,mldsa65,0,15914,1499,0,-provider_default
50ms_0.5pct-406,2026-09-24T22:43:19+05:45,50ms_0.5pct,measure,ecdsa,SecP256r1MLKEM768,225.383,1,SecP256r1MLKEM768,ecdsa_secp256r1_sha256,0,2427,1499,0,-provider_default
50ms_0.5pct-407,2026-09-24T22:43:19+05:45,50ms_0.5pct,measure,ecdsa,P-256,246.499,1,prime256v1,ecdsa_secp256r1_sha256,0,1339,323,0,-provider_default
50ms_0.5pct-408,2026-09-24T22:43:19+05:45,50ms_0.5pct,measure,ecdsa,X25519,196.970,1,X25519,ecdsa_secp256r1_sha256,0,1306,290,0,-provider_default
50ms_0.5pct-409,2026-09-24T22:43:20+05:45,50ms_0.5pct,measure,mldsa,SecP256r1MLKEM768,228.859,1,SecP256r1MLKEM768,mldsa65,0,15914,1499,0,-provider_default
50ms_0.5pct-410,2026-09-24T22:43:20+05:45,50ms_0.5pct,measure,ecdsa,SecP256r1MLKEM768,494.171,1,SecP256r1MLKEM768,ecdsa_secp256r1_sha256,0,2427,1499,0,-provider_default
50ms_0.5pct-411,2026-09-24T22:43:21+05:45,50ms_0.5pct,measure,mldsa,SecP256r1MLKEM768,340.571,1,SecP256r1MLKEM768,mldsa65,0,15914,1499,0,-provider_default
50ms_0.5pct-412,2026-09-24T22:43:21+05:45,50ms_0.5pct,measure,mldsa,P-256,258.953,1,prime256v1,mldsa65,0,14826,323,0,-provider_default
50ms_0.5pct-413,2026-09-24T22:43:21+05:45,50ms_0.5pct,measure,ecdsa,X25519,249.240,1,X25519,ecdsa_secp256r1_sha256,0,1306,290,0,-provider_default
50ms_0.5pct-414,2026-09-24T22:43:22+05:45,50ms_0.5pct,measure,ecdsa,SecP256r1MLKEM768,389.611,1,SecP256r1MLKEM768,ecdsa_secp256r1_sha256,0,2427,1499,0,-provider_default
50ms_0.5pct-415,2026-09-24T22:43:22+05:45,50ms_0.5pct,measure,ecdsa,P-256,192.974,1,prime256v1,ecdsa_secp256r1_sha256,0,1339,323,0,-provider_default
50ms_0.5pct-416,2026-09-24T22:43:22+05:45,50ms_0.5pct,measure,ecdsa,SecP256r1MLKEM768,318.032,1,SecP256r1MLKEM768,ecdsa_secp256r1_sha256,0,2428,1499,0,-provider_default
50ms_0.5pct-417,2026-09-24T22:43:23+05:45,50ms_0.5pct,measure,mldsa,P-256,278.345,1,prime256v1,mldsa65,0,14826,323,0,-provider_default
50ms_0.5pct-418,2026-09-24T22:43:23+05:45,50ms_0.5pct,measure,mldsa,X25519,455.823,1,X25519,mldsa65,0,14793,290,0,-provider_default
50ms_0.5pct-419,2026-09-24T22:43:24+05:45,50ms_0.5pct,measure,ecdsa,X25519MLKEM768,186.942,1,X25519MLKEM768,ecdsa_secp256r1_sha256,0,2379,1466,0,-provider_default
50ms_0.5pct-420,2026-09-24T22:43:24+05:45,50ms_0.5pct,measure,mldsa,SecP256r1MLKEM768,296.154,1,SecP256r1MLKEM768,mldsa65,0,15914,1499,0,-provider_default
50ms_0.5pct-421,2026-09-24T22:43:26+05:45,50ms_0.5pct,measure,mldsa,X25519MLKEM768,1528.010,1,X25519MLKEM768,mldsa65,0,15867,1466,0,-provider_default
50ms_0.5pct-422,2026-09-24T22:43:26+05:45,50ms_0.5pct,measure,ecdsa,SecP256r1MLKEM768,640.406,1,SecP256r1MLKEM768,ecdsa_secp256r1_sha256,0,2426,1499,0,-provider_default
50ms_0.5pct-423,2026-09-24T22:43:27+05:45,50ms_0.5pct,measure,ecdsa,X25519MLKEM768,202.971,1,X25519MLKEM768,ecdsa_secp256r1_sha256,0,2380,1466,0,-provider_default
50ms_0.5pct-424,2026-09-24T22:43:27+05:45,50ms_0.5pct,measure,ecdsa,X25519,270.370,1,X25519,ecdsa_secp256r1_sha256,0,1305,290,0,-provider_default
50ms_0.5pct-425,2026-09-24T22:43:27+05:45,50ms_0.5pct,measure,ecdsa,P-256,188.866,1,prime256v1,ecdsa_secp256r1_sha256,0,1339,323,0,-provider_default
50ms_0.5pct-426,2026-09-24T22:43:27+05:45,50ms_0.5pct,measure,mldsa,X25519MLKEM768,293.396,1,X25519MLKEM768,mldsa65,0,15867,1466,0,-provider_default
50ms_0.5pct-427,2026-09-24T22:43:28+05:45,50ms_0.5pct,measure,ecdsa,X25519,273.093,1,X25519,ecdsa_secp256r1_sha256,0,1306,290,0,-provider_default
50ms_0.5pct-428,2026-09-24T22:43:28+05:45,50ms_0.5pct,measure,mldsa,X25519,479.952,1,X25519,mldsa65,0,14793,290,0,-provider_default
50ms_0.5pct-429,2026-09-24T22:43:29+05:45,50ms_0.5pct,measure,mldsa,P-256,312.737,1,prime256v1,mldsa65,0,14826,323,0,-provider_default
50ms_0.5pct-430,2026-09-24T22:43:29+05:45,50ms_0.5pct,measure,ecdsa,P-256,350.854,1,prime256v1,ecdsa_secp256r1_sha256,0,1339,323,1,-provider_default
50ms_0.5pct-431,2026-09-24T22:43:30+05:45,50ms_0.5pct,measure,mldsa,P-256,307.673,1,prime256v1,mldsa65,0,14826,323,0,-provider_default
50ms_0.5pct-432,2026-09-24T22:43:30+05:45,50ms_0.5pct,measure,mldsa,P-256,243.253,1,prime256v1,mldsa65,0,14826,323,0,-provider_default
50ms_0.5pct-433,2026-09-24T22:43:30+05:45,50ms_0.5pct,measure,ecdsa,X25519,189.935,1,X25519,ecdsa_secp256r1_sha256,0,1305,290,0,-provider_default
50ms_0.5pct-434,2026-09-24T22:43:30+05:45,50ms_0.5pct,measure,mldsa,SecP256r1MLKEM768,235.837,1,SecP256r1MLKEM768,mldsa65,0,15914,1499,0,-provider_default
50ms_0.5pct-435,2026-09-24T22:43:31+05:45,50ms_0.5pct,measure,mldsa,X25519MLKEM768,348.479,1,X25519MLKEM768,mldsa65,0,15867,1466,0,-provider_default
50ms_0.5pct-436,2026-09-24T22:43:31+05:45,50ms_0.5pct,measure,mldsa,X25519MLKEM768,462.723,1,X25519MLKEM768,mldsa65,0,15867,1466,0,-provider_default
50ms_0.5pct-437,2026-09-24T22:43:32+05:45,50ms_0.5pct,measure,mldsa,SecP256r1MLKEM768,270.434,1,SecP256r1MLKEM768,mldsa65,0,15914,1499,0,-provider_default
50ms_0.5pct-438,2026-09-24T22:43:32+05:45,50ms_0.5pct,measure,mldsa,SecP256r1MLKEM768,309.833,1,SecP256r1MLKEM768,mldsa65,0,15914,1499,0,-provider_default
50ms_0.5pct-439,2026-09-24T22:43:32+05:45,50ms_0.5pct,measure,ecdsa,P-256,251.854,1,prime256v1,ecdsa_secp256r1_sha256,0,1340,323,0,-provider_default
50ms_0.5pct-440,2026-09-24T22:43:33+05:45,50ms_0.5pct,measure,ecdsa,X25519,255.417,1,X25519,ecdsa_secp256r1_sha256,0,1307,290,0,-provider_default
50ms_0.5pct-441,2026-09-24T22:43:33+05:45,50ms_0.5pct,measure,mldsa,SecP256r1MLKEM768,317.202,1,SecP256r1MLKEM768,mldsa65,0,15914,1499,0,-provider_default
50ms_0.5pct-442,2026-09-24T22:43:33+05:45,50ms_0.5pct,measure,ecdsa,X25519,194.213,1,X25519,ecdsa_secp256r1_sha256,0,1306,290,0,-provider_default
50ms_0.5pct-443,2026-09-24T22:43:34+05:45,50ms_0.5pct,measure,mldsa,SecP256r1MLKEM768,321.390,1,SecP256r1MLKEM768,mldsa65,0,15914,1499,0,-provider_default
50ms_0.5pct-444,2026-09-24T22:43:34+05:45,50ms_0.5pct,measure,ecdsa,SecP256r1MLKEM768,207.326,1,SecP256r1MLKEM768,ecdsa_secp256r1_sha256,0,2427,1499,0,-provider_default
50ms_0.5pct-445,2026-09-24T22:43:34+05:45,50ms_0.5pct,measure,ecdsa,SecP256r1MLKEM768,259.398,1,SecP256r1MLKEM768,ecdsa_secp256r1_sha256,0,2428,1499,0,-provider_default
50ms_0.5pct-446,2026-09-24T22:43:35+05:45,50ms_0.5pct,measure,mldsa,X25519MLKEM768,302.504,1,X25519MLKEM768,mldsa65,0,15867,1466,0,-provider_default
50ms_0.5pct-447,2026-09-24T22:43:35+05:45,50ms_0.5pct,measure,mldsa,P-256,318.669,1,prime256v1,mldsa65,0,14826,323,0,-provider_default
50ms_0.5pct-448,2026-09-24T22:43:36+05:45,50ms_0.5pct,measure,mldsa,X25519MLKEM768,254.458,1,X25519MLKEM768,mldsa65,0,15867,1466,0,-provider_default
50ms_0.5pct-449,2026-09-24T22:43:36+05:45,50ms_0.5pct,measure,mldsa,X25519MLKEM768,234.228,1,X25519MLKEM768,mldsa65,0,15867,1466,0,-provider_default
50ms_0.5pct-450,2026-09-24T22:43:36+05:45,50ms_0.5pct,measure,ecdsa,X25519,201.152,1,X25519,ecdsa_secp256r1_sha256,0,1307,290,0,-provider_default
50ms_0.5pct-451,2026-09-24T22:43:36+05:45,50ms_0.5pct,measure,ecdsa,X25519MLKEM768,306.433,1,X25519MLKEM768,ecdsa_secp256r1_sha256,0,2379,1466,0,-provider_default
50ms_0.5pct-452,2026-09-24T22:43:37+05:45,50ms_0.5pct,measure,ecdsa,P-256,291.225,1,prime256v1,ecdsa_secp256r1_sha256,0,1339,323,0,-provider_default
50ms_0.5pct-453,2026-09-24T22:43:37+05:45,50ms_0.5pct,measure,ecdsa,SecP256r1MLKEM768,197.676,1,SecP256r1MLKEM768,ecdsa_secp256r1_sha256,0,2426,1499,0,-provider_default
50ms_0.5pct-454,2026-09-24T22:43:38+05:45,50ms_0.5pct,measure,ecdsa,P-256,768.865,1,prime256v1,ecdsa_secp256r1_sha256,0,1340,323,0,-provider_default
50ms_0.5pct-455,2026-09-24T22:43:38+05:45,50ms_0.5pct,measure,mldsa,P-256,236.466,1,prime256v1,mldsa65,0,14826,323,0,-provider_default
50ms_0.5pct-456,2026-09-24T22:43:39+05:45,50ms_0.5pct,measure,ecdsa,X25519MLKEM768,209.129,1,X25519MLKEM768,ecdsa_secp256r1_sha256,0,2379,1466,0,-provider_default
50ms_0.5pct-457,2026-09-24T22:43:39+05:45,50ms_0.5pct,measure,ecdsa,P-256,298.349,1,prime256v1,ecdsa_secp256r1_sha256,0,1338,323,0,-provider_default
50ms_0.5pct-458,2026-09-24T22:43:40+05:45,50ms_0.5pct,measure,mldsa,X25519MLKEM768,573.636,1,X25519MLKEM768,mldsa65,0,15867,1466,0,-provider_default
50ms_0.5pct-459,2026-09-24T22:43:40+05:45,50ms_0.5pct,measure,ecdsa,X25519MLKEM768,454.898,1,X25519MLKEM768,ecdsa_secp256r1_sha256,0,2380,1466,0,-provider_default
50ms_0.5pct-460,2026-09-24T22:43:40+05:45,50ms_0.5pct,measure,mldsa,X25519,299.833,1,X25519,mldsa65,0,14793,290,0,-provider_default
50ms_0.5pct-461,2026-09-24T22:43:41+05:45,50ms_0.5pct,measure,mldsa,X25519,243.047,1,X25519,mldsa65,0,14793,290,0,-provider_default
50ms_0.5pct-462,2026-09-24T22:43:41+05:45,50ms_0.5pct,measure,mldsa,SecP256r1MLKEM768,324.979,1,SecP256r1MLKEM768,mldsa65,0,15914,1499,0,-provider_default
50ms_0.5pct-463,2026-09-24T22:43:41+05:45,50ms_0.5pct,measure,ecdsa,X25519,253.575,1,X25519,ecdsa_secp256r1_sha256,0,1307,290,0,-provider_default
50ms_0.5pct-464,2026-09-24T22:43:42+05:45,50ms_0.5pct,measure,ecdsa,P-256,180.458,1,prime256v1,ecdsa_secp256r1_sha256,0,1338,323,0,-provider_default
50ms_0.5pct-465,2026-09-24T22:43:42+05:45,50ms_0.5pct,measure,ecdsa,P-256,236.879,1,prime256v1,ecdsa_secp256r1_sha256,0,1338,323,0,-provider_default
50ms_0.5pct-466,2026-09-24T22:43:42+05:45,50ms_0.5pct,measure,mldsa,SecP256r1MLKEM768,371.690,1,SecP256r1MLKEM768,mldsa65,0,15914,1499,0,-provider_default
50ms_0.5pct-467,2026-09-24T22:43:43+05:45,50ms_0.5pct,measure,ecdsa,X25519MLKEM768,192.343,1,X25519MLKEM768,ecdsa_secp256r1_sha256,0,2380,1466,0,-provider_default
50ms_0.5pct-468,2026-09-24T22:43:43+05:45,50ms_0.5pct,measure,mldsa,SecP256r1MLKEM768,304.141,1,SecP256r1MLKEM768,mldsa65,0,15914,1499,0,-provider_default
50ms_0.5pct-469,2026-09-24T22:43:43+05:45,50ms_0.5pct,measure,mldsa,SecP256r1MLKEM768,362.173,1,SecP256r1MLKEM768,mldsa65,0,15914,1499,0,-provider_default
50ms_0.5pct-470,2026-09-24T22:43:44+05:45,50ms_0.5pct,measure,ecdsa,SecP256r1MLKEM768,225.340,1,SecP256r1MLKEM768,ecdsa_secp256r1_sha256,0,2427,1499,0,-provider_default
50ms_0.5pct-471,2026-09-24T22:43:44+05:45,50ms_0.5pct,measure,ecdsa,SecP256r1MLKEM768,198.747,1,SecP256r1MLKEM768,ecdsa_secp256r1_sha256,0,2427,1499,0,-provider_default
50ms_0.5pct-472,2026-09-24T22:43:44+05:45,50ms_0.5pct,measure,mldsa,SecP256r1MLKEM768,403.317,1,SecP256r1MLKEM768,mldsa65,0,15914,1499,0,-provider_default
50ms_0.5pct-473,2026-09-24T22:43:45+05:45,50ms_0.5pct,measure,ecdsa,P-256,207.323,1,prime256v1,ecdsa_secp256r1_sha256,0,1339,323,0,-provider_default
50ms_0.5pct-474,2026-09-24T22:43:45+05:45,50ms_0.5pct,measure,mldsa,P-256,274.346,1,prime256v1,mldsa65,0,14826,323,0,-provider_default
50ms_0.5pct-475,2026-09-24T22:43:45+05:45,50ms_0.5pct,measure,mldsa,SecP256r1MLKEM768,233.339,1,SecP256r1MLKEM768,mldsa65,0,15914,1499,0,-provider_default
50ms_0.5pct-476,2026-09-24T22:43:46+05:45,50ms_0.5pct,measure,ecdsa,P-256,252.772,1,prime256v1,ecdsa_secp256r1_sha256,0,1339,323,0,-provider_default
50ms_0.5pct-477,2026-09-24T22:43:46+05:45,50ms_0.5pct,measure,mldsa,X25519,265.765,1,X25519,mldsa65,0,14793,290,0,-provider_default
50ms_0.5pct-478,2026-09-24T22:43:46+05:45,50ms_0.5pct,measure,ecdsa,P-256,207.898,1,prime256v1,ecdsa_secp256r1_sha256,0,1339,323,0,-provider_default
50ms_0.5pct-479,2026-09-24T22:43:46+05:45,50ms_0.5pct,measure,mldsa,X25519MLKEM768,292.296,1,X25519MLKEM768,mldsa65,0,15867,1466,0,-provider_default
50ms_0.5pct-480,2026-09-24T22:43:47+05:45,50ms_0.5pct,measure,ecdsa,SecP256r1MLKEM768,188.655,1,SecP256r1MLKEM768,ecdsa_secp256r1_sha256,0,2426,1499,0,-provider_default
50ms_0.5pct-481,2026-09-24T22:43:47+05:45,50ms_0.5pct,measure,ecdsa,X25519MLKEM768,253.597,1,X25519MLKEM768,ecdsa_secp256r1_sha256,0,2379,1466,0,-provider_default
50ms_0.5pct-482,2026-09-24T22:43:49+05:45,50ms_0.5pct,measure,mldsa,SecP256r1MLKEM768,1769.046,1,SecP256r1MLKEM768,mldsa65,0,15914,1499,1,-provider_default
50ms_0.5pct-483,2026-09-24T22:43:49+05:45,50ms_0.5pct,measure,ecdsa,X25519MLKEM768,434.112,1,X25519MLKEM768,ecdsa_secp256r1_sha256,0,2380,1466,0,-provider_default
50ms_0.5pct-484,2026-09-24T22:43:50+05:45,50ms_0.5pct,measure,mldsa,X25519MLKEM768,394.920,1,X25519MLKEM768,mldsa65,0,15867,1466,0,-provider_default
50ms_0.5pct-485,2026-09-24T22:43:50+05:45,50ms_0.5pct,measure,ecdsa,SecP256r1MLKEM768,331.671,1,SecP256r1MLKEM768,ecdsa_secp256r1_sha256,0,2428,1499,0,-provider_default
50ms_0.5pct-486,2026-09-24T22:43:51+05:45,50ms_0.5pct,measure,ecdsa,X25519MLKEM768,239.554,1,X25519MLKEM768,ecdsa_secp256r1_sha256,0,2381,1466,0,-provider_default
50ms_0.5pct-487,2026-09-24T22:43:51+05:45,50ms_0.5pct,measure,ecdsa,X25519,216.591,1,X25519,ecdsa_secp256r1_sha256,0,1306,290,0,-provider_default
50ms_0.5pct-488,2026-09-24T22:43:51+05:45,50ms_0.5pct,measure,mldsa,X25519MLKEM768,316.659,1,X25519MLKEM768,mldsa65,0,15867,1466,0,-provider_default
50ms_0.5pct-489,2026-09-24T22:43:52+05:45,50ms_0.5pct,measure,mldsa,SecP256r1MLKEM768,294.825,1,SecP256r1MLKEM768,mldsa65,0,15914,1499,0,-provider_default
50ms_0.5pct-490,2026-09-24T22:43:52+05:45,50ms_0.5pct,measure,mldsa,X25519MLKEM768,314.514,1,X25519MLKEM768,mldsa65,0,15867,1466,0,-provider_default
50ms_0.5pct-491,2026-09-24T22:43:52+05:45,50ms_0.5pct,measure,ecdsa,SecP256r1MLKEM768,248.656,1,SecP256r1MLKEM768,ecdsa_secp256r1_sha256,0,2427,1499,0,-provider_default
50ms_0.5pct-492,2026-09-24T22:43:53+05:45,50ms_0.5pct,measure,ecdsa,X25519MLKEM768,207.757,1,X25519MLKEM768,ecdsa_secp256r1_sha256,0,2380,1466,0,-provider_default
50ms_0.5pct-493,2026-09-24T22:43:53+05:45,50ms_0.5pct,measure,ecdsa,P-256,244.174,1,prime256v1,ecdsa_secp256r1_sha256,0,1338,323,0,-provider_default
50ms_0.5pct-494,2026-09-24T22:43:53+05:45,50ms_0.5pct,measure,mldsa,X25519MLKEM768,271.461,1,X25519MLKEM768,mldsa65,0,15867,1466,0,-provider_default
50ms_0.5pct-495,2026-09-24T22:43:54+05:45,50ms_0.5pct,measure,mldsa,P-256,816.323,1,prime256v1,mldsa65,0,14826,323,0,-provider_default
50ms_0.5pct-496,2026-09-24T22:43:55+05:45,50ms_0.5pct,measure,ecdsa,P-256,312.180,1,prime256v1,ecdsa_secp256r1_sha256,0,1339,323,0,-provider_default
50ms_0.5pct-497,2026-09-24T22:43:55+05:45,50ms_0.5pct,measure,mldsa,X25519,343.149,1,X25519,mldsa65,0,14793,290,0,-provider_default
50ms_0.5pct-498,2026-09-24T22:43:55+05:45,50ms_0.5pct,measure,ecdsa,P-256,367.938,1,prime256v1,ecdsa_secp256r1_sha256,0,1340,323,0,-provider_default
50ms_0.5pct-499,2026-09-24T22:43:56+05:45,50ms_0.5pct,measure,ecdsa,P-256,315.813,1,prime256v1,ecdsa_secp256r1_sha256,0,1338,323,0,-provider_default
50ms_0.5pct-500,2026-09-24T22:43:56+05:45,50ms_0.5pct,measure,ecdsa,SecP256r1MLKEM768,372.723,1,SecP256r1MLKEM768,ecdsa_secp256r1_sha256,0,2427,1499,0,-provider_default
50ms_0.5pct-501,2026-09-24T22:43:57+05:45,50ms_0.5pct,measure,mldsa,X25519MLKEM768,278.807,1,X25519MLKEM768,mldsa65,0,15867,1466,0,-provider_default
50ms_0.5pct-502,2026-09-24T22:43:57+05:45,50ms_0.5pct,measure,mldsa,P-256,265.379,1,prime256v1,mldsa65,0,14826,323,0,-provider_default
50ms_0.5pct-503,2026-09-24T22:43:58+05:45,50ms_0.5pct,measure,mldsa,SecP256r1MLKEM768,382.182,1,SecP256r1MLKEM768,mldsa65,0,15914,1499,0,-provider_default
50ms_0.5pct-504,2026-09-24T22:43:58+05:45,50ms_0.5pct,measure,mldsa,X25519,605.569,1,X25519,mldsa65,0,14793,290,1,-provider_default
50ms_0.5pct-505,2026-09-24T22:43:59+05:45,50ms_0.5pct,measure,ecdsa,X25519,205.188,1,X25519,ecdsa_secp256r1_sha256,0,1307,290,0,-provider_default
50ms_0.5pct-506,2026-09-24T22:43:59+05:45,50ms_0.5pct,measure,ecdsa,X25519MLKEM768,274.365,1,X25519MLKEM768,ecdsa_secp256r1_sha256,0,2379,1466,0,-provider_default
50ms_0.5pct-507,2026-09-24T22:44:00+05:45,50ms_0.5pct,measure,mldsa,X25519MLKEM768,310.974,1,X25519MLKEM768,mldsa65,0,15867,1466,0,-provider_default
50ms_0.5pct-508,2026-09-24T22:44:00+05:45,50ms_0.5pct,measure,mldsa,SecP256r1MLKEM768,402.658,1,SecP256r1MLKEM768,mldsa65,0,15914,1499,0,-provider_default
50ms_0.5pct-509,2026-09-24T22:44:00+05:45,50ms_0.5pct,measure,ecdsa,P-256,280.335,1,prime256v1,ecdsa_secp256r1_sha256,0,1338,323,0,-provider_default
50ms_0.5pct-510,2026-09-24T22:44:01+05:45,50ms_0.5pct,measure,ecdsa,X25519,213.276,1,X25519,ecdsa_secp256r1_sha256,0,1306,290,0,-provider_default
50ms_0.5pct-511,2026-09-24T22:44:01+05:45,50ms_0.5pct,measure,ecdsa,X25519MLKEM768,270.920,1,X25519MLKEM768,ecdsa_secp256r1_sha256,0,2379,1466,0,-provider_default
50ms_0.5pct-512,2026-09-24T22:44:01+05:45,50ms_0.5pct,measure,ecdsa,SecP256r1MLKEM768,196.547,1,SecP256r1MLKEM768,ecdsa_secp256r1_sha256,0,2427,1499,0,-provider_default
50ms_0.5pct-513,2026-09-24T22:44:02+05:45,50ms_0.5pct,measure,ecdsa,X25519MLKEM768,214.058,1,X25519MLKEM768,ecdsa_secp256r1_sha256,0,2380,1466,0,-provider_default
50ms_0.5pct-514,2026-09-24T22:44:02+05:45,50ms_0.5pct,measure,mldsa,X25519,252.060,1,X25519,mldsa65,0,14793,290,0,-provider_default
50ms_0.5pct-515,2026-09-24T22:44:03+05:45,50ms_0.5pct,measure,mldsa,X25519MLKEM768,346.856,1,X25519MLKEM768,mldsa65,0,15867,1466,0,-provider_default
50ms_0.5pct-516,2026-09-24T22:44:03+05:45,50ms_0.5pct,measure,mldsa,X25519MLKEM768,318.965,1,X25519MLKEM768,mldsa65,0,15867,1466,0,-provider_default
50ms_0.5pct-517,2026-09-24T22:44:03+05:45,50ms_0.5pct,measure,ecdsa,P-256,231.831,1,prime256v1,ecdsa_secp256r1_sha256,0,1339,323,0,-provider_default
50ms_0.5pct-518,2026-09-24T22:44:04+05:45,50ms_0.5pct,measure,mldsa,P-256,294.743,1,prime256v1,mldsa65,0,14826,323,0,-provider_default
50ms_0.5pct-519,2026-09-24T22:44:04+05:45,50ms_0.5pct,measure,ecdsa,X25519,219.106,1,X25519,ecdsa_secp256r1_sha256,0,1307,290,0,-provider_default
50ms_0.5pct-520,2026-09-24T22:44:04+05:45,50ms_0.5pct,measure,ecdsa,X25519,179.556,1,X25519,ecdsa_secp256r1_sha256,0,1306,290,0,-provider_default
50ms_0.5pct-521,2026-09-24T22:44:04+05:45,50ms_0.5pct,measure,ecdsa,SecP256r1MLKEM768,264.703,1,SecP256r1MLKEM768,ecdsa_secp256r1_sha256,0,2426,1499,0,-provider_default
50ms_0.5pct-522,2026-09-24T22:44:05+05:45,50ms_0.5pct,measure,ecdsa,P-256,277.169,1,prime256v1,ecdsa_secp256r1_sha256,0,1339,323,0,-provider_default
50ms_0.5pct-523,2026-09-24T22:44:05+05:45,50ms_0.5pct,measure,ecdsa,X25519,203.079,1,X25519,ecdsa_secp256r1_sha256,0,1307,290,0,-provider_default
50ms_0.5pct-524,2026-09-24T22:44:05+05:45,50ms_0.5pct,measure,ecdsa,X25519,276.375,1,X25519,ecdsa_secp256r1_sha256,0,1305,290,0,-provider_default
50ms_0.5pct-525,2026-09-24T22:44:06+05:45,50ms_0.5pct,measure,ecdsa,SecP256r1MLKEM768,318.115,1,SecP256r1MLKEM768,ecdsa_secp256r1_sha256,0,2428,1499,0,-provider_default
50ms_0.5pct-526,2026-09-24T22:44:06+05:45,50ms_0.5pct,measure,mldsa,P-256,272.122,1,prime256v1,mldsa65,0,14826,323,0,-provider_default
50ms_0.5pct-527,2026-09-24T22:44:07+05:45,50ms_0.5pct,measure,mldsa,X25519,428.366,1,X25519,mldsa65,0,14793,290,0,-provider_default
50ms_0.5pct-528,2026-09-24T22:44:07+05:45,50ms_0.5pct,measure,ecdsa,P-256,217.715,1,prime256v1,ecdsa_secp256r1_sha256,0,1339,323,0,-provider_default
50ms_0.5pct-529,2026-09-24T22:44:07+05:45,50ms_0.5pct,measure,ecdsa,X25519MLKEM768,246.746,1,X25519MLKEM768,ecdsa_secp256r1_sha256,0,2379,1466,0,-provider_default
50ms_0.5pct-530,2026-09-24T22:44:08+05:45,50ms_0.5pct,measure,mldsa,P-256,249.566,1,prime256v1,mldsa65,0,14826,323,0,-provider_default
50ms_0.5pct-531,2026-09-24T22:44:08+05:45,50ms_0.5pct,measure,mldsa,X25519MLKEM768,297.712,1,X25519MLKEM768,mldsa65,0,15867,1466,0,-provider_default
50ms_0.5pct-532,2026-09-24T22:44:08+05:45,50ms_0.5pct,measure,mldsa,SecP256r1MLKEM768,310.078,1,SecP256r1MLKEM768,mldsa65,0,15914,1499,0,-provider_default
50ms_0.5pct-533,2026-09-24T22:44:08+05:45,50ms_0.5pct,measure,ecdsa,X25519,180.395,1,X25519,ecdsa_secp256r1_sha256,0,1306,290,0,-provider_default
50ms_0.5pct-534,2026-09-24T22:44:09+05:45,50ms_0.5pct,measure,mldsa,P-256,394.347,1,prime256v1,mldsa65,0,14826,323,0,-provider_default
50ms_0.5pct-535,2026-09-24T22:44:09+05:45,50ms_0.5pct,measure,ecdsa,X25519,207.416,1,X25519,ecdsa_secp256r1_sha256,0,1305,290,0,-provider_default
50ms_0.5pct-536,2026-09-24T22:44:09+05:45,50ms_0.5pct,measure,mldsa,SecP256r1MLKEM768,271.138,1,SecP256r1MLKEM768,mldsa65,0,15914,1499,0,-provider_default
50ms_0.5pct-537,2026-09-24T22:44:10+05:45,50ms_0.5pct,measure,mldsa,P-256,272.865,1,prime256v1,mldsa65,0,14826,323,0,-provider_default
50ms_0.5pct-538,2026-09-24T22:44:10+05:45,50ms_0.5pct,measure,ecdsa,SecP256r1MLKEM768,243.775,1,SecP256r1MLKEM768,ecdsa_secp256r1_sha256,0,2427,1499,0,-provider_default
50ms_0.5pct-539,2026-09-24T22:44:10+05:45,50ms_0.5pct,measure,ecdsa,P-256,207.913,1,prime256v1,ecdsa_secp256r1_sha256,0,1339,323,0,-provider_default
50ms_0.5pct-540,2026-09-24T22:44:11+05:45,50ms_0.5pct,measure,mldsa,X25519,325.679,1,X25519,mldsa65,0,14793,290,1,-provider_default
50ms_0.5pct-541,2026-09-24T22:44:11+05:45,50ms_0.5pct,measure,ecdsa,X25519MLKEM768,252.589,1,X25519MLKEM768,ecdsa_secp256r1_sha256,0,2381,1466,0,-provider_default
50ms_0.5pct-542,2026-09-24T22:44:11+05:45,50ms_0.5pct,measure,ecdsa,X25519MLKEM768,209.861,1,X25519MLKEM768,ecdsa_secp256r1_sha256,0,2380,1466,0,-provider_default
50ms_0.5pct-543,2026-09-24T22:44:12+05:45,50ms_0.5pct,measure,mldsa,SecP256r1MLKEM768,374.172,1,SecP256r1MLKEM768,mldsa65,0,15914,1499,0,-provider_default
50ms_0.5pct-544,2026-09-24T22:44:12+05:45,50ms_0.5pct,measure,ecdsa,X25519MLKEM768,187.750,1,X25519MLKEM768,ecdsa_secp256r1_sha256,0,2380,1466,0,-provider_default
50ms_0.5pct-545,2026-09-24T22:44:12+05:45,50ms_0.5pct,measure,mldsa,X25519MLKEM768,318.257,1,X25519MLKEM768,mldsa65,0,15867,1466,0,-provider_default
50ms_0.5pct-546,2026-09-24T22:44:13+05:45,50ms_0.5pct,measure,mldsa,P-256,464.754,1,prime256v1,mldsa65,0,14826,323,0,-provider_default
50ms_0.5pct-547,2026-09-24T22:44:14+05:45,50ms_0.5pct,measure,ecdsa,X25519MLKEM768,501.686,1,X25519MLKEM768,ecdsa_secp256r1_sha256,0,2380,1466,0,-provider_default
50ms_0.5pct-548,2026-09-24T22:44:14+05:45,50ms_0.5pct,measure,mldsa,X25519,396.674,1,X25519,mldsa65,0,14793,290,0,-provider_default
50ms_0.5pct-549,2026-09-24T22:44:14+05:45,50ms_0.5pct,measure,ecdsa,X25519,227.206,1,X25519,ecdsa_secp256r1_sha256,0,1306,290,0,-provider_default
50ms_0.5pct-550,2026-09-24T22:44:15+05:45,50ms_0.5pct,measure,mldsa,X25519MLKEM768,284.767,1,X25519MLKEM768,mldsa65,0,15867,1466,0,-provider_default
50ms_0.5pct-551,2026-09-24T22:44:15+05:45,50ms_0.5pct,measure,mldsa,X25519,242.803,1,X25519,mldsa65,0,14793,290,0,-provider_default
50ms_0.5pct-552,2026-09-24T22:44:15+05:45,50ms_0.5pct,measure,mldsa,P-256,257.190,1,prime256v1,mldsa65,0,14826,323,0,-provider_default
50ms_0.5pct-553,2026-09-24T22:44:16+05:45,50ms_0.5pct,measure,ecdsa,X25519MLKEM768,182.101,1,X25519MLKEM768,ecdsa_secp256r1_sha256,0,2380,1466,0,-provider_default
50ms_0.5pct-554,2026-09-24T22:44:16+05:45,50ms_0.5pct,measure,ecdsa,X25519,577.177,1,X25519,ecdsa_secp256r1_sha256,0,1305,290,0,-provider_default
50ms_0.5pct-555,2026-09-24T22:44:17+05:45,50ms_0.5pct,measure,ecdsa,X25519MLKEM768,239.380,1,X25519MLKEM768,ecdsa_secp256r1_sha256,0,2380,1466,0,-provider_default
50ms_0.5pct-556,2026-09-24T22:44:17+05:45,50ms_0.5pct,measure,mldsa,SecP256r1MLKEM768,328.935,1,SecP256r1MLKEM768,mldsa65,0,15914,1499,0,-provider_default
50ms_0.5pct-557,2026-09-24T22:44:18+05:45,50ms_0.5pct,measure,mldsa,X25519MLKEM768,310.964,1,X25519MLKEM768,mldsa65,0,15867,1466,0,-provider_default
50ms_0.5pct-558,2026-09-24T22:44:18+05:45,50ms_0.5pct,measure,ecdsa,P-256,234.288,1,prime256v1,ecdsa_secp256r1_sha256,0,1339,323,0,-provider_default
50ms_0.5pct-559,2026-09-24T22:44:18+05:45,50ms_0.5pct,measure,mldsa,X25519MLKEM768,386.110,1,X25519MLKEM768,mldsa65,0,15867,1466,1,-provider_default
50ms_0.5pct-560,2026-09-24T22:44:19+05:45,50ms_0.5pct,measure,mldsa,SecP256r1MLKEM768,241.938,1,SecP256r1MLKEM768,mldsa65,0,15914,1499,0,-provider_default
50ms_0.5pct-561,2026-09-24T22:44:19+05:45,50ms_0.5pct,measure,ecdsa,SecP256r1MLKEM768,283.005,1,SecP256r1MLKEM768,ecdsa_secp256r1_sha256,0,2428,1499,0,-provider_default
50ms_0.5pct-562,2026-09-24T22:44:19+05:45,50ms_0.5pct,measure,mldsa,X25519MLKEM768,249.336,1,X25519MLKEM768,mldsa65,0,15867,1466,0,-provider_default
50ms_0.5pct-563,2026-09-24T22:44:20+05:45,50ms_0.5pct,measure,mldsa,P-256,300.998,1,prime256v1,mldsa65,0,14826,323,0,-provider_default
50ms_0.5pct-564,2026-09-24T22:44:20+05:45,50ms_0.5pct,measure,ecdsa,P-256,197.452,1,prime256v1,ecdsa_secp256r1_sha256,0,1339,323,0,-provider_default
50ms_0.5pct-565,2026-09-24T22:44:21+05:45,50ms_0.5pct,measure,mldsa,P-256,645.502,1,prime256v1,mldsa65,0,14826,323,0,-provider_default
50ms_0.5pct-566,2026-09-24T22:44:22+05:45,50ms_0.5pct,measure,ecdsa,X25519MLKEM768,1274.385,1,X25519MLKEM768,ecdsa_secp256r1_sha256,0,2381,1466,1,-provider_default
50ms_0.5pct-567,2026-09-24T22:44:22+05:45,50ms_0.5pct,measure,ecdsa,X25519,271.588,1,X25519,ecdsa_secp256r1_sha256,0,1305,290,0,-provider_default
50ms_0.5pct-568,2026-09-24T22:44:23+05:45,50ms_0.5pct,measure,mldsa,X25519MLKEM768,557.146,1,X25519MLKEM768,mldsa65,0,15867,1466,0,-provider_default
50ms_0.5pct-569,2026-09-24T22:44:23+05:45,50ms_0.5pct,measure,mldsa,P-256,332.285,1,prime256v1,mldsa65,0,14826,323,0,-provider_default
50ms_0.5pct-570,2026-09-24T22:44:24+05:45,50ms_0.5pct,measure,mldsa,X25519MLKEM768,306.348,1,X25519MLKEM768,mldsa65,0,15867,1466,0,-provider_default
50ms_0.5pct-571,2026-09-24T22:44:24+05:45,50ms_0.5pct,measure,ecdsa,X25519MLKEM768,288.568,1,X25519MLKEM768,ecdsa_secp256r1_sha256,0,2380,1466,0,-provider_default
50ms_0.5pct-572,2026-09-24T22:44:24+05:45,50ms_0.5pct,measure,mldsa,P-256,301.359,1,prime256v1,mldsa65,0,14826,323,0,-provider_default
50ms_0.5pct-573,2026-09-24T22:44:25+05:45,50ms_0.5pct,measure,mldsa,P-256,293.935,1,prime256v1,mldsa65,0,14826,323,0,-provider_default
50ms_0.5pct-574,2026-09-24T22:44:25+05:45,50ms_0.5pct,measure,mldsa,X25519,236.015,1,X25519,mldsa65,0,14793,290,0,-provider_default
50ms_0.5pct-575,2026-09-24T22:44:26+05:45,50ms_0.5pct,measure,mldsa,X25519,588.245,1,X25519,mldsa65,0,14793,290,1,-provider_default
50ms_0.5pct-576,2026-09-24T22:44:26+05:45,50ms_0.5pct,measure,mldsa,SecP256r1MLKEM768,604.383,1,SecP256r1MLKEM768,mldsa65,0,15914,1499,0,-provider_default
50ms_0.5pct-577,2026-09-24T22:44:27+05:45,50ms_0.5pct,measure,mldsa,X25519,360.187,1,X25519,mldsa65,0,14793,290,0,-provider_default
50ms_0.5pct-578,2026-09-24T22:44:27+05:45,50ms_0.5pct,measure,ecdsa,P-256,182.021,1,prime256v1,ecdsa_secp256r1_sha256,0,1339,323,0,-provider_default
50ms_0.5pct-579,2026-09-24T22:44:27+05:45,50ms_0.5pct,measure,ecdsa,SecP256r1MLKEM768,190.618,1,SecP256r1MLKEM768,ecdsa_secp256r1_sha256,0,2428,1499,0,-provider_default
50ms_0.5pct-580,2026-09-24T22:44:28+05:45,50ms_0.5pct,measure,mldsa,X25519MLKEM768,241.580,1,X25519MLKEM768,mldsa65,0,15867,1466,0,-provider_default
50ms_0.5pct-581,2026-09-24T22:44:29+05:45,50ms_0.5pct,measure,ecdsa,X25519,713.033,1,X25519,ecdsa_secp256r1_sha256,0,1306,290,0,-provider_default
50ms_0.5pct-582,2026-09-24T22:44:29+05:45,50ms_0.5pct,measure,mldsa,X25519MLKEM768,300.918,1,X25519MLKEM768,mldsa65,0,15867,1466,0,-provider_default
50ms_0.5pct-583,2026-09-24T22:44:29+05:45,50ms_0.5pct,measure,ecdsa,SecP256r1MLKEM768,323.351,1,SecP256r1MLKEM768,ecdsa_secp256r1_sha256,0,2428,1499,0,-provider_default
50ms_0.5pct-584,2026-09-24T22:44:30+05:45,50ms_0.5pct,measure,mldsa,SecP256r1MLKEM768,501.573,1,SecP256r1MLKEM768,mldsa65,0,15914,1499,0,-provider_default
50ms_0.5pct-585,2026-09-24T22:44:30+05:45,50ms_0.5pct,measure,mldsa,P-256,381.068,1,prime256v1,mldsa65,0,14826,323,0,-provider_default
50ms_0.5pct-586,2026-09-24T22:44:31+05:45,50ms_0.5pct,measure,mldsa,X25519MLKEM768,345.313,1,X25519MLKEM768,mldsa65,0,15867,1466,0,-provider_default
50ms_0.5pct-587,2026-09-24T22:44:31+05:45,50ms_0.5pct,measure,ecdsa,X25519MLKEM768,426.445,1,X25519MLKEM768,ecdsa_secp256r1_sha256,0,2380,1466,0,-provider_default
50ms_0.5pct-588,2026-09-24T22:44:32+05:45,50ms_0.5pct,measure,mldsa,X25519MLKEM768,236.475,1,X25519MLKEM768,mldsa65,0,15867,1466,0,-provider_default
50ms_0.5pct-589,2026-09-24T22:44:32+05:45,50ms_0.5pct,measure,mldsa,SecP256r1MLKEM768,347.368,1,SecP256r1MLKEM768,mldsa65,0,15914,1499,0,-provider_default
50ms_0.5pct-590,2026-09-24T22:44:32+05:45,50ms_0.5pct,measure,ecdsa,P-256,419.311,1,prime256v1,ecdsa_secp256r1_sha256,0,1339,323,0,-provider_default
50ms_0.5pct-591,2026-09-24T22:44:33+05:45,50ms_0.5pct,measure,mldsa,P-256,384.155,1,prime256v1,mldsa65,0,14826,323,0,-provider_default
50ms_0.5pct-592,2026-09-24T22:44:33+05:45,50ms_0.5pct,measure,ecdsa,P-256,176.734,1,prime256v1,ecdsa_secp256r1_sha256,0,1338,323,0,-provider_default
50ms_0.5pct-593,2026-09-24T22:44:34+05:45,50ms_0.5pct,measure,mldsa,P-256,277.264,1,prime256v1,mldsa65,0,14826,323,0,-provider_default
50ms_0.5pct-594,2026-09-24T22:44:34+05:45,50ms_0.5pct,measure,ecdsa,X25519MLKEM768,256.673,1,X25519MLKEM768,ecdsa_secp256r1_sha256,0,2380,1466,0,-provider_default
50ms_0.5pct-595,2026-09-24T22:44:34+05:45,50ms_0.5pct,measure,ecdsa,X25519MLKEM768,240.581,1,X25519MLKEM768,ecdsa_secp256r1_sha256,0,2381,1466,0,-provider_default
50ms_0.5pct-596,2026-09-24T22:44:34+05:45,50ms_0.5pct,measure,ecdsa,X25519,181.458,1,X25519,ecdsa_secp256r1_sha256,0,1306,290,0,-provider_default
50ms_0.5pct-597,2026-09-24T22:44:35+05:45,50ms_0.5pct,measure,mldsa,X25519MLKEM768,399.518,1,X25519MLKEM768,mldsa65,0,15867,1466,1,-provider_default
50ms_0.5pct-598,2026-09-24T22:44:35+05:45,50ms_0.5pct,measure,ecdsa,SecP256r1MLKEM768,187.994,1,SecP256r1MLKEM768,ecdsa_secp256r1_sha256,0,2428,1499,0,-provider_default
50ms_0.5pct-599,2026-09-24T22:44:35+05:45,50ms_0.5pct,measure,ecdsa,P-256,179.110,1,prime256v1,ecdsa_secp256r1_sha256,0,1338,323,1,-provider_default
50ms_0.5pct-600,2026-09-24T22:44:36+05:45,50ms_0.5pct,measure,ecdsa,P-256,208.888,1,prime256v1,ecdsa_secp256r1_sha256,0,1338,323,0,-provider_default
50ms_0.5pct-601,2026-09-24T22:44:36+05:45,50ms_0.5pct,measure,ecdsa,X25519MLKEM768,197.483,1,X25519MLKEM768,ecdsa_secp256r1_sha256,0,2381,1466,0,-provider_default
50ms_0.5pct-602,2026-09-24T22:44:36+05:45,50ms_0.5pct,measure,mldsa,X25519MLKEM768,318.830,1,X25519MLKEM768,mldsa65,0,15867,1466,0,-provider_default
50ms_0.5pct-603,2026-09-24T22:44:37+05:45,50ms_0.5pct,measure,mldsa,X25519,310.159,1,X25519,mldsa65,0,14793,290,0,-provider_default
50ms_0.5pct-604,2026-09-24T22:44:37+05:45,50ms_0.5pct,measure,mldsa,SecP256r1MLKEM768,365.727,1,SecP256r1MLKEM768,mldsa65,0,15914,1499,0,-provider_default
50ms_0.5pct-605,2026-09-24T22:44:37+05:45,50ms_0.5pct,measure,mldsa,SecP256r1MLKEM768,242.981,1,SecP256r1MLKEM768,mldsa65,0,15914,1499,0,-provider_default
50ms_0.5pct-606,2026-09-24T22:44:38+05:45,50ms_0.5pct,measure,mldsa,X25519,280.040,1,X25519,mldsa65,0,14793,290,0,-provider_default
50ms_0.5pct-607,2026-09-24T22:44:38+05:45,50ms_0.5pct,measure,ecdsa,SecP256r1MLKEM768,506.261,1,SecP256r1MLKEM768,ecdsa_secp256r1_sha256,0,2427,1499,1,-provider_default
50ms_0.5pct-608,2026-09-24T22:44:39+05:45,50ms_0.5pct,measure,mldsa,P-256,432.456,1,prime256v1,mldsa65,0,14826,323,0,-provider_default
50ms_0.5pct-609,2026-09-24T22:44:39+05:45,50ms_0.5pct,measure,ecdsa,SecP256r1MLKEM768,201.803,1,SecP256r1MLKEM768,ecdsa_secp256r1_sha256,0,2428,1499,0,-provider_default
50ms_0.5pct-610,2026-09-24T22:44:39+05:45,50ms_0.5pct,measure,ecdsa,P-256,228.243,1,prime256v1,ecdsa_secp256r1_sha256,0,1338,323,0,-provider_default
50ms_0.5pct-611,2026-09-24T22:44:40+05:45,50ms_0.5pct,measure,ecdsa,X25519,195.326,1,X25519,ecdsa_secp256r1_sha256,0,1306,290,0,-provider_default
50ms_0.5pct-612,2026-09-24T22:44:40+05:45,50ms_0.5pct,measure,ecdsa,X25519,255.770,1,X25519,ecdsa_secp256r1_sha256,0,1307,290,0,-provider_default
50ms_0.5pct-613,2026-09-24T22:44:40+05:45,50ms_0.5pct,measure,mldsa,X25519,330.670,1,X25519,mldsa65,0,14793,290,0,-provider_default
50ms_0.5pct-614,2026-09-24T22:44:41+05:45,50ms_0.5pct,measure,ecdsa,X25519MLKEM768,365.417,1,X25519MLKEM768,ecdsa_secp256r1_sha256,0,2381,1466,0,-provider_default
50ms_0.5pct-615,2026-09-24T22:44:41+05:45,50ms_0.5pct,measure,mldsa,X25519,277.236,1,X25519,mldsa65,0,14793,290,0,-provider_default
50ms_0.5pct-616,2026-09-24T22:44:42+05:45,50ms_0.5pct,measure,mldsa,P-256,345.477,1,prime256v1,mldsa65,0,14826,323,0,-provider_default
50ms_0.5pct-617,2026-09-24T22:44:42+05:45,50ms_0.5pct,measure,mldsa,X25519MLKEM768,242.974,1,X25519MLKEM768,mldsa65,0,15867,1466,0,-provider_default
50ms_0.5pct-618,2026-09-24T22:44:42+05:45,50ms_0.5pct,measure,mldsa,X25519MLKEM768,336.348,1,X25519MLKEM768,mldsa65,0,15867,1466,0,-provider_default
50ms_0.5pct-619,2026-09-24T22:44:43+05:45,50ms_0.5pct,measure,ecdsa,X25519,206.550,1,X25519,ecdsa_secp256r1_sha256,0,1307,290,0,-provider_default
50ms_0.5pct-620,2026-09-24T22:44:43+05:45,50ms_0.5pct,measure,ecdsa,P-256,230.278,1,prime256v1,ecdsa_secp256r1_sha256,0,1339,323,0,-provider_default
50ms_0.5pct-621,2026-09-24T22:44:43+05:45,50ms_0.5pct,measure,mldsa,X25519MLKEM768,346.014,1,X25519MLKEM768,mldsa65,0,15867,1466,0,-provider_default
50ms_0.5pct-622,2026-09-24T22:44:44+05:45,50ms_0.5pct,measure,mldsa,X25519MLKEM768,332.682,1,X25519MLKEM768,mldsa65,0,15867,1466,0,-provider_default
50ms_0.5pct-623,2026-09-24T22:44:44+05:45,50ms_0.5pct,measure,mldsa,X25519,389.111,1,X25519,mldsa65,0,14793,290,0,-provider_default
50ms_0.5pct-624,2026-09-24T22:44:45+05:45,50ms_0.5pct,measure,mldsa,X25519,311.194,1,X25519,mldsa65,0,14793,290,0,-provider_default
50ms_0.5pct-625,2026-09-24T22:44:45+05:45,50ms_0.5pct,measure,ecdsa,X25519,256.741,1,X25519,ecdsa_secp256r1_sha256,0,1305,290,0,-provider_default
50ms_0.5pct-626,2026-09-24T22:44:45+05:45,50ms_0.5pct,measure,ecdsa,P-256,270.605,1,prime256v1,ecdsa_secp256r1_sha256,0,1340,323,0,-provider_default
50ms_0.5pct-627,2026-09-24T22:44:46+05:45,50ms_0.5pct,measure,mldsa,X25519,296.137,1,X25519,mldsa65,0,14793,290,0,-provider_default
50ms_0.5pct-628,2026-09-24T22:44:46+05:45,50ms_0.5pct,measure,mldsa,X25519,352.519,1,X25519,mldsa65,0,14793,290,0,-provider_default
50ms_0.5pct-629,2026-09-24T22:44:46+05:45,50ms_0.5pct,measure,mldsa,SecP256r1MLKEM768,271.344,1,SecP256r1MLKEM768,mldsa65,0,15914,1499,0,-provider_default
50ms_0.5pct-630,2026-09-24T22:44:47+05:45,50ms_0.5pct,measure,mldsa,X25519MLKEM768,276.054,1,X25519MLKEM768,mldsa65,0,15867,1466,0,-provider_default
50ms_0.5pct-631,2026-09-24T22:44:47+05:45,50ms_0.5pct,measure,mldsa,SecP256r1MLKEM768,327.662,1,SecP256r1MLKEM768,mldsa65,0,15914,1499,0,-provider_default
50ms_0.5pct-632,2026-09-24T22:44:48+05:45,50ms_0.5pct,measure,ecdsa,X25519MLKEM768,235.476,1,X25519MLKEM768,ecdsa_secp256r1_sha256,0,2380,1466,0,-provider_default
50ms_0.5pct-633,2026-09-24T22:44:48+05:45,50ms_0.5pct,measure,ecdsa,X25519,201.153,1,X25519,ecdsa_secp256r1_sha256,0,1307,290,0,-provider_default
50ms_0.5pct-634,2026-09-24T22:44:48+05:45,50ms_0.5pct,measure,mldsa,SecP256r1MLKEM768,238.022,1,SecP256r1MLKEM768,mldsa65,0,15914,1499,0,-provider_default
50ms_0.5pct-635,2026-09-24T22:44:49+05:45,50ms_0.5pct,measure,mldsa,P-256,431.879,1,prime256v1,mldsa65,0,14826,323,0,-provider_default
50ms_0.5pct-636,2026-09-24T22:44:49+05:45,50ms_0.5pct,measure,ecdsa,X25519MLKEM768,318.407,1,X25519MLKEM768,ecdsa_secp256r1_sha256,0,2380,1466,0,-provider_default
50ms_0.5pct-637,2026-09-24T22:44:50+05:45,50ms_0.5pct,measure,ecdsa,SecP256r1MLKEM768,474.425,1,SecP256r1MLKEM768,ecdsa_secp256r1_sha256,0,2426,1499,0,-provider_default
50ms_0.5pct-638,2026-09-24T22:44:50+05:45,50ms_0.5pct,measure,mldsa,SecP256r1MLKEM768,445.568,1,SecP256r1MLKEM768,mldsa65,0,15914,1499,0,-provider_default
50ms_0.5pct-639,2026-09-24T22:44:50+05:45,50ms_0.5pct,measure,ecdsa,X25519MLKEM768,380.320,1,X25519MLKEM768,ecdsa_secp256r1_sha256,0,2380,1466,0,-provider_default
50ms_0.5pct-640,2026-09-24T22:44:51+05:45,50ms_0.5pct,measure,mldsa,X25519,279.764,1,X25519,mldsa65,0,14793,290,0,-provider_default
50ms_0.5pct-641,2026-09-24T22:44:51+05:45,50ms_0.5pct,measure,mldsa,X25519MLKEM768,313.647,1,X25519MLKEM768,mldsa65,0,15867,1466,0,-provider_default
50ms_0.5pct-642,2026-09-24T22:44:52+05:45,50ms_0.5pct,measure,ecdsa,X25519MLKEM768,356.790,1,X25519MLKEM768,ecdsa_secp256r1_sha256,0,2380,1466,1,-provider_default
50ms_0.5pct-643,2026-09-24T22:44:52+05:45,50ms_0.5pct,measure,mldsa,X25519MLKEM768,358.641,1,X25519MLKEM768,mldsa65,0,15867,1466,0,-provider_default
50ms_0.5pct-644,2026-09-24T22:44:52+05:45,50ms_0.5pct,measure,ecdsa,X25519,296.185,1,X25519,ecdsa_secp256r1_sha256,0,1305,290,0,-provider_default
50ms_0.5pct-645,2026-09-24T22:44:53+05:45,50ms_0.5pct,measure,ecdsa,X25519MLKEM768,266.937,1,X25519MLKEM768,ecdsa_secp256r1_sha256,0,2381,1466,0,-provider_default
50ms_0.5pct-646,2026-09-24T22:44:53+05:45,50ms_0.5pct,measure,ecdsa,P-256,202.170,1,prime256v1,ecdsa_secp256r1_sha256,0,1339,323,0,-provider_default
50ms_0.5pct-647,2026-09-24T22:44:54+05:45,50ms_0.5pct,measure,mldsa,X25519,465.310,1,X25519,mldsa65,0,14793,290,0,-provider_default
50ms_0.5pct-648,2026-09-24T22:44:54+05:45,50ms_0.5pct,measure,mldsa,P-256,262.646,1,prime256v1,mldsa65,0,14826,323,0,-provider_default
50ms_0.5pct-649,2026-09-24T22:44:54+05:45,50ms_0.5pct,measure,mldsa,P-256,291.295,1,prime256v1,mldsa65,0,14826,323,0,-provider_default
50ms_0.5pct-650,2026-09-24T22:44:55+05:45,50ms_0.5pct,measure,ecdsa,X25519MLKEM768,257.383,1,X25519MLKEM768,ecdsa_secp256r1_sha256,0,2379,1466,0,-provider_default
50ms_0.5pct-651,2026-09-24T22:44:55+05:45,50ms_0.5pct,measure,ecdsa,X25519MLKEM768,233.871,1,X25519MLKEM768,ecdsa_secp256r1_sha256,0,2379,1466,0,-provider_default
50ms_0.5pct-652,2026-09-24T22:44:55+05:45,50ms_0.5pct,measure,ecdsa,P-256,207.210,1,prime256v1,ecdsa_secp256r1_sha256,0,1339,323,0,-provider_default
50ms_0.5pct-653,2026-09-24T22:44:55+05:45,50ms_0.5pct,measure,mldsa,X25519,232.928,1,X25519,mldsa65,0,14793,290,0,-provider_default
50ms_0.5pct-654,2026-09-24T22:44:56+05:45,50ms_0.5pct,measure,ecdsa,X25519MLKEM768,297.008,1,X25519MLKEM768,ecdsa_secp256r1_sha256,0,2379,1466,0,-provider_default
50ms_0.5pct-655,2026-09-24T22:44:56+05:45,50ms_0.5pct,measure,mldsa,X25519,232.409,1,X25519,mldsa65,0,14793,290,0,-provider_default
50ms_0.5pct-656,2026-09-24T22:44:56+05:45,50ms_0.5pct,measure,mldsa,P-256,275.737,1,prime256v1,mldsa65,0,14826,323,0,-provider_default
50ms_0.5pct-657,2026-09-24T22:44:57+05:45,50ms_0.5pct,measure,ecdsa,X25519,351.348,1,X25519,ecdsa_secp256r1_sha256,0,1306,290,0,-provider_default
50ms_0.5pct-658,2026-09-24T22:44:58+05:45,50ms_0.5pct,measure,mldsa,X25519MLKEM768,539.605,1,X25519MLKEM768,mldsa65,0,15867,1466,0,-provider_default
50ms_0.5pct-659,2026-09-24T22:44:58+05:45,50ms_0.5pct,measure,ecdsa,X25519MLKEM768,195.628,1,X25519MLKEM768,ecdsa_secp256r1_sha256,0,2380,1466,0,-provider_default
50ms_0.5pct-660,2026-09-24T22:44:58+05:45,50ms_0.5pct,measure,ecdsa,X25519,347.569,1,X25519,ecdsa_secp256r1_sha256,0,1306,290,0,-provider_default
50ms_0.5pct-661,2026-09-24T22:44:59+05:45,50ms_0.5pct,measure,mldsa,SecP256r1MLKEM768,257.170,1,SecP256r1MLKEM768,mldsa65,0,15914,1499,0,-provider_default
50ms_0.5pct-662,2026-09-24T22:44:59+05:45,50ms_0.5pct,measure,ecdsa,SecP256r1MLKEM768,680.136,1,SecP256r1MLKEM768,ecdsa_secp256r1_sha256,0,2427,1499,0,-provider_default
50ms_0.5pct-663,2026-09-24T22:45:00+05:45,50ms_0.5pct,measure,mldsa,SecP256r1MLKEM768,346.550,1,SecP256r1MLKEM768,mldsa65,0,15914,1499,0,-provider_default
50ms_0.5pct-664,2026-09-24T22:45:01+05:45,50ms_0.5pct,measure,mldsa,P-256,1455.631,1,prime256v1,mldsa65,0,14826,323,1,-provider_default
50ms_0.5pct-665,2026-09-24T22:45:02+05:45,50ms_0.5pct,measure,ecdsa,SecP256r1MLKEM768,218.418,1,SecP256r1MLKEM768,ecdsa_secp256r1_sha256,0,2427,1499,0,-provider_default
50ms_0.5pct-666,2026-09-24T22:45:02+05:45,50ms_0.5pct,measure,ecdsa,X25519,356.718,1,X25519,ecdsa_secp256r1_sha256,0,1305,290,0,-provider_default
50ms_0.5pct-667,2026-09-24T22:45:02+05:45,50ms_0.5pct,measure,mldsa,X25519MLKEM768,284.510,1,X25519MLKEM768,mldsa65,0,15867,1466,0,-provider_default
50ms_0.5pct-668,2026-09-24T22:45:03+05:45,50ms_0.5pct,measure,ecdsa,X25519,233.862,1,X25519,ecdsa_secp256r1_sha256,0,1306,290,0,-provider_default
50ms_0.5pct-669,2026-09-24T22:45:03+05:45,50ms_0.5pct,measure,ecdsa,SecP256r1MLKEM768,178.964,1,SecP256r1MLKEM768,ecdsa_secp256r1_sha256,0,2428,1499,0,-provider_default
50ms_0.5pct-670,2026-09-24T22:45:03+05:45,50ms_0.5pct,measure,mldsa,P-256,253.054,1,prime256v1,mldsa65,0,14826,323,0,-provider_default
50ms_0.5pct-671,2026-09-24T22:45:04+05:45,50ms_0.5pct,measure,ecdsa,X25519,275.152,1,X25519,ecdsa_secp256r1_sha256,0,1306,290,0,-provider_default
50ms_0.5pct-672,2026-09-24T22:45:04+05:45,50ms_0.5pct,measure,ecdsa,X25519,196.561,1,X25519,ecdsa_secp256r1_sha256,0,1306,290,0,-provider_default
50ms_0.5pct-673,2026-09-24T22:45:04+05:45,50ms_0.5pct,measure,ecdsa,X25519,209.304,1,X25519,ecdsa_secp256r1_sha256,0,1305,290,0,-provider_default
50ms_0.5pct-674,2026-09-24T22:45:04+05:45,50ms_0.5pct,measure,mldsa,P-256,269.600,1,prime256v1,mldsa65,0,14826,323,0,-provider_default
50ms_0.5pct-675,2026-09-24T22:45:05+05:45,50ms_0.5pct,measure,mldsa,X25519,371.924,1,X25519,mldsa65,0,14793,290,0,-provider_default
50ms_0.5pct-676,2026-09-24T22:45:05+05:45,50ms_0.5pct,measure,ecdsa,X25519,305.520,1,X25519,ecdsa_secp256r1_sha256,0,1305,290,0,-provider_default
50ms_0.5pct-677,2026-09-24T22:45:06+05:45,50ms_0.5pct,measure,ecdsa,P-256,218.587,1,prime256v1,ecdsa_secp256r1_sha256,0,1339,323,0,-provider_default
50ms_0.5pct-678,2026-09-24T22:45:06+05:45,50ms_0.5pct,measure,mldsa,X25519,376.849,1,X25519,mldsa65,0,14793,290,0,-provider_default
50ms_0.5pct-679,2026-09-24T22:45:06+05:45,50ms_0.5pct,measure,mldsa,X25519,321.876,1,X25519,mldsa65,0,14793,290,0,-provider_default
50ms_0.5pct-680,2026-09-24T22:45:07+05:45,50ms_0.5pct,measure,mldsa,X25519MLKEM768,408.062,1,X25519MLKEM768,mldsa65,0,15867,1466,0,-provider_default
50ms_0.5pct-681,2026-09-24T22:45:07+05:45,50ms_0.5pct,measure,mldsa,X25519MLKEM768,291.198,1,X25519MLKEM768,mldsa65,0,15867,1466,0,-provider_default
50ms_0.5pct-682,2026-09-24T22:45:08+05:45,50ms_0.5pct,measure,ecdsa,X25519,249.053,1,X25519,ecdsa_secp256r1_sha256,0,1305,290,0,-provider_default
50ms_0.5pct-683,2026-09-24T22:45:08+05:45,50ms_0.5pct,measure,mldsa,X25519,314.853,1,X25519,mldsa65,0,14793,290,0,-provider_default
50ms_0.5pct-684,2026-09-24T22:45:08+05:45,50ms_0.5pct,measure,ecdsa,SecP256r1MLKEM768,206.985,1,SecP256r1MLKEM768,ecdsa_secp256r1_sha256,0,2426,1499,0,-provider_default
50ms_0.5pct-685,2026-09-24T22:45:09+05:45,50ms_0.5pct,measure,mldsa,SecP256r1MLKEM768,314.010,1,SecP256r1MLKEM768,mldsa65,0,15914,1499,0,-provider_default
50ms_0.5pct-686,2026-09-24T22:45:09+05:45,50ms_0.5pct,measure,mldsa,SecP256r1MLKEM768,305.014,1,SecP256r1MLKEM768,mldsa65,0,15914,1499,0,-provider_default
50ms_0.5pct-687,2026-09-24T22:45:09+05:45,50ms_0.5pct,measure,mldsa,SecP256r1MLKEM768,240.814,1,SecP256r1MLKEM768,mldsa65,0,15914,1499,0,-provider_default
50ms_0.5pct-688,2026-09-24T22:45:10+05:45,50ms_0.5pct,measure,ecdsa,X25519MLKEM768,183.883,1,X25519MLKEM768,ecdsa_secp256r1_sha256,0,2380,1466,0,-provider_default
50ms_0.5pct-689,2026-09-24T22:45:10+05:45,50ms_0.5pct,measure,ecdsa,X25519,237.114,1,X25519,ecdsa_secp256r1_sha256,0,1307,290,0,-provider_default
50ms_0.5pct-690,2026-09-24T22:45:10+05:45,50ms_0.5pct,measure,ecdsa,P-256,199.132,1,prime256v1,ecdsa_secp256r1_sha256,0,1338,323,0,-provider_default
50ms_0.5pct-691,2026-09-24T22:45:10+05:45,50ms_0.5pct,measure,mldsa,X25519,291.019,1,X25519,mldsa65,0,14793,290,0,-provider_default
50ms_0.5pct-692,2026-09-24T22:45:11+05:45,50ms_0.5pct,measure,mldsa,P-256,353.809,1,prime256v1,mldsa65,0,14826,323,0,-provider_default
50ms_0.5pct-693,2026-09-24T22:45:11+05:45,50ms_0.5pct,measure,mldsa,SecP256r1MLKEM768,346.170,1,SecP256r1MLKEM768,mldsa65,0,15914,1499,0,-provider_default
50ms_0.5pct-694,2026-09-24T22:45:12+05:45,50ms_0.5pct,measure,ecdsa,P-256,192.247,1,prime256v1,ecdsa_secp256r1_sha256,0,1339,323,0,-provider_default
50ms_0.5pct-695,2026-09-24T22:45:12+05:45,50ms_0.5pct,measure,ecdsa,SecP256r1MLKEM768,358.475,1,SecP256r1MLKEM768,ecdsa_secp256r1_sha256,0,2427,1499,0,-provider_default
50ms_0.5pct-696,2026-09-24T22:45:12+05:45,50ms_0.5pct,measure,mldsa,SecP256r1MLKEM768,287.027,1,SecP256r1MLKEM768,mldsa65,0,15914,1499,0,-provider_default
50ms_0.5pct-697,2026-09-24T22:45:13+05:45,50ms_0.5pct,measure,mldsa,P-256,308.897,1,prime256v1,mldsa65,0,14826,323,0,-provider_default
50ms_0.5pct-698,2026-09-24T22:45:13+05:45,50ms_0.5pct,measure,ecdsa,X25519,236.822,1,X25519,ecdsa_secp256r1_sha256,0,1307,290,0,-provider_default
50ms_0.5pct-699,2026-09-24T22:45:13+05:45,50ms_0.5pct,measure,ecdsa,X25519,222.865,1,X25519,ecdsa_secp256r1_sha256,0,1305,290,0,-provider_default
50ms_0.5pct-700,2026-09-24T22:45:14+05:45,50ms_0.5pct,measure,mldsa,X25519,237.614,1,X25519,mldsa65,0,14793,290,0,-provider_default
50ms_0.5pct-701,2026-09-24T22:45:14+05:45,50ms_0.5pct,measure,ecdsa,P-256,183.602,1,prime256v1,ecdsa_secp256r1_sha256,0,1339,323,0,-provider_default
50ms_0.5pct-702,2026-09-24T22:45:14+05:45,50ms_0.5pct,measure,ecdsa,X25519,252.697,1,X25519,ecdsa_secp256r1_sha256,0,1306,290,0,-provider_default
50ms_0.5pct-703,2026-09-24T22:45:15+05:45,50ms_0.5pct,measure,mldsa,X25519MLKEM768,262.476,1,X25519MLKEM768,mldsa65,0,15867,1466,0,-provider_default
50ms_0.5pct-704,2026-09-24T22:45:15+05:45,50ms_0.5pct,measure,ecdsa,SecP256r1MLKEM768,476.447,1,SecP256r1MLKEM768,ecdsa_secp256r1_sha256,0,2427,1499,0,-provider_default
50ms_0.5pct-705,2026-09-24T22:45:16+05:45,50ms_0.5pct,measure,ecdsa,SecP256r1MLKEM768,443.426,1,SecP256r1MLKEM768,ecdsa_secp256r1_sha256,0,2426,1499,0,-provider_default
50ms_0.5pct-706,2026-09-24T22:45:16+05:45,50ms_0.5pct,measure,mldsa,X25519,268.806,1,X25519,mldsa65,0,14793,290,0,-provider_default
50ms_0.5pct-707,2026-09-24T22:45:16+05:45,50ms_0.5pct,measure,mldsa,P-256,280.176,1,prime256v1,mldsa65,0,14826,323,0,-provider_default
50ms_0.5pct-708,2026-09-24T22:45:17+05:45,50ms_0.5pct,measure,ecdsa,X25519MLKEM768,201.961,1,X25519MLKEM768,ecdsa_secp256r1_sha256,0,2380,1466,0,-provider_default
50ms_0.5pct-709,2026-09-24T22:45:17+05:45,50ms_0.5pct,measure,ecdsa,X25519,415.301,1,X25519,ecdsa_secp256r1_sha256,0,1306,290,0,-provider_default
50ms_0.5pct-710,2026-09-24T22:45:17+05:45,50ms_0.5pct,measure,mldsa,X25519MLKEM768,333.079,1,X25519MLKEM768,mldsa65,0,15867,1466,0,-provider_default
50ms_0.5pct-711,2026-09-24T22:45:18+05:45,50ms_0.5pct,measure,mldsa,SecP256r1MLKEM768,650.389,1,SecP256r1MLKEM768,mldsa65,0,15914,1499,0,-provider_default
50ms_0.5pct-712,2026-09-24T22:45:19+05:45,50ms_0.5pct,measure,mldsa,SecP256r1MLKEM768,989.194,1,SecP256r1MLKEM768,mldsa65,0,15914,1499,0,-provider_default
50ms_0.5pct-713,2026-09-24T22:45:20+05:45,50ms_0.5pct,measure,mldsa,P-256,407.843,1,prime256v1,mldsa65,0,14826,323,0,-provider_default
50ms_0.5pct-714,2026-09-24T22:45:20+05:45,50ms_0.5pct,measure,ecdsa,P-256,217.678,1,prime256v1,ecdsa_secp256r1_sha256,0,1338,323,0,-provider_default
50ms_0.5pct-715,2026-09-24T22:45:20+05:45,50ms_0.5pct,measure,ecdsa,P-256,280.620,1,prime256v1,ecdsa_secp256r1_sha256,0,1338,323,0,-provider_default
50ms_0.5pct-716,2026-09-24T22:45:21+05:45,50ms_0.5pct,measure,ecdsa,P-256,198.612,1,prime256v1,ecdsa_secp256r1_sha256,0,1339,323,0,-provider_default
50ms_0.5pct-717,2026-09-24T22:45:21+05:45,50ms_0.5pct,measure,ecdsa,X25519MLKEM768,293.180,1,X25519MLKEM768,ecdsa_secp256r1_sha256,0,2381,1466,0,-provider_default
50ms_0.5pct-718,2026-09-24T22:45:21+05:45,50ms_0.5pct,measure,ecdsa,P-256,267.005,1,prime256v1,ecdsa_secp256r1_sha256,0,1339,323,0,-provider_default
50ms_0.5pct-719,2026-09-24T22:45:22+05:45,50ms_0.5pct,measure,ecdsa,X25519MLKEM768,236.442,1,X25519MLKEM768,ecdsa_secp256r1_sha256,0,2380,1466,0,-provider_default
50ms_0.5pct-720,2026-09-24T22:45:22+05:45,50ms_0.5pct,measure,mldsa,SecP256r1MLKEM768,439.330,1,SecP256r1MLKEM768,mldsa65,0,15914,1499,0,-provider_default
50ms_0.5pct-721,2026-09-24T22:45:22+05:45,50ms_0.5pct,measure,mldsa,SecP256r1MLKEM768,276.349,1,SecP256r1MLKEM768,mldsa65,0,15914,1499,0,-provider_default
50ms_0.5pct-722,2026-09-24T22:45:23+05:45,50ms_0.5pct,measure,mldsa,X25519,365.209,1,X25519,mldsa65,0,14793,290,1,-provider_default
50ms_0.5pct-723,2026-09-24T22:45:23+05:45,50ms_0.5pct,measure,mldsa,P-256,431.279,1,prime256v1,mldsa65,0,14826,323,0,-provider_default
50ms_0.5pct-724,2026-09-24T22:45:24+05:45,50ms_0.5pct,measure,ecdsa,X25519MLKEM768,316.123,1,X25519MLKEM768,ecdsa_secp256r1_sha256,0,2380,1466,0,-provider_default
50ms_0.5pct-725,2026-09-24T22:45:24+05:45,50ms_0.5pct,measure,mldsa,P-256,405.852,1,prime256v1,mldsa65,0,14826,323,0,-provider_default
50ms_0.5pct-726,2026-09-24T22:45:25+05:45,50ms_0.5pct,measure,ecdsa,X25519,290.659,1,X25519,ecdsa_secp256r1_sha256,0,1306,290,0,-provider_default
50ms_0.5pct-727,2026-09-24T22:45:25+05:45,50ms_0.5pct,measure,mldsa,SecP256r1MLKEM768,395.177,1,SecP256r1MLKEM768,mldsa65,0,15914,1499,1,-provider_default
50ms_0.5pct-728,2026-09-24T22:45:25+05:45,50ms_0.5pct,measure,ecdsa,P-256,213.658,1,prime256v1,ecdsa_secp256r1_sha256,0,1340,323,0,-provider_default
50ms_0.5pct-729,2026-09-24T22:45:26+05:45,50ms_0.5pct,measure,mldsa,P-256,290.562,1,prime256v1,mldsa65,0,14826,323,0,-provider_default
50ms_0.5pct-730,2026-09-24T22:45:26+05:45,50ms_0.5pct,measure,mldsa,X25519,235.301,1,X25519,mldsa65,0,14793,290,0,-provider_default
50ms_0.5pct-731,2026-09-24T22:45:27+05:45,50ms_0.5pct,measure,mldsa,SecP256r1MLKEM768,406.046,1,SecP256r1MLKEM768,mldsa65,0,15914,1499,0,-provider_default
50ms_0.5pct-732,2026-09-24T22:45:27+05:45,50ms_0.5pct,measure,ecdsa,X25519,471.577,1,X25519,ecdsa_secp256r1_sha256,0,1307,290,0,-provider_default
50ms_0.5pct-733,2026-09-24T22:45:27+05:45,50ms_0.5pct,measure,ecdsa,SecP256r1MLKEM768,351.273,1,SecP256r1MLKEM768,ecdsa_secp256r1_sha256,0,2427,1499,0,-provider_default
50ms_0.5pct-734,2026-09-24T22:45:28+05:45,50ms_0.5pct,measure,mldsa,X25519,255.701,1,X25519,mldsa65,0,14793,290,0,-provider_default
50ms_0.5pct-735,2026-09-24T22:45:28+05:45,50ms_0.5pct,measure,ecdsa,X25519MLKEM768,200.364,1,X25519MLKEM768,ecdsa_secp256r1_sha256,0,2380,1466,0,-provider_default
50ms_0.5pct-736,2026-09-24T22:45:28+05:45,50ms_0.5pct,measure,ecdsa,P-256,208.586,1,prime256v1,ecdsa_secp256r1_sha256,0,1338,323,0,-provider_default
50ms_0.5pct-737,2026-09-24T22:45:29+05:45,50ms_0.5pct,measure,ecdsa,P-256,350.968,1,prime256v1,ecdsa_secp256r1_sha256,0,1340,323,1,-provider_default
50ms_0.5pct-738,2026-09-24T22:45:29+05:45,50ms_0.5pct,measure,ecdsa,X25519,392.926,1,X25519,ecdsa_secp256r1_sha256,0,1307,290,0,-provider_default
50ms_0.5pct-739,2026-09-24T22:45:30+05:45,50ms_0.5pct,measure,mldsa,P-256,370.565,1,prime256v1,mldsa65,0,14826,323,0,-provider_default
50ms_0.5pct-740,2026-09-24T22:45:30+05:45,50ms_0.5pct,measure,ecdsa,SecP256r1MLKEM768,220.070,1,SecP256r1MLKEM768,ecdsa_secp256r1_sha256,0,2428,1499,0,-provider_default
50ms_0.5pct-741,2026-09-24T22:45:30+05:45,50ms_0.5pct,measure,mldsa,X25519MLKEM768,237.183,1,X25519MLKEM768,mldsa65,0,15867,1466,0,-provider_default
50ms_0.5pct-742,2026-09-24T22:45:31+05:45,50ms_0.5pct,measure,mldsa,X25519,288.490,1,X25519,mldsa65,0,14793,290,0,-provider_default
50ms_0.5pct-743,2026-09-24T22:45:31+05:45,50ms_0.5pct,measure,ecdsa,X25519MLKEM768,233.294,1,X25519MLKEM768,ecdsa_secp256r1_sha256,0,2379,1466,0,-provider_default
50ms_0.5pct-744,2026-09-24T22:45:31+05:45,50ms_0.5pct,measure,ecdsa,P-256,183.648,1,prime256v1,ecdsa_secp256r1_sha256,0,1340,323,0,-provider_default
50ms_0.5pct-745,2026-09-24T22:45:32+05:45,50ms_0.5pct,measure,mldsa,X25519,286.674,1,X25519,mldsa65,0,14793,290,0,-provider_default
50ms_0.5pct-746,2026-09-24T22:45:32+05:45,50ms_0.5pct,measure,ecdsa,SecP256r1MLKEM768,239.610,1,SecP256r1MLKEM768,ecdsa_secp256r1_sha256,0,2427,1499,0,-provider_default
50ms_0.5pct-747,2026-09-24T22:45:33+05:45,50ms_0.5pct,measure,mldsa,P-256,697.647,1,prime256v1,mldsa65,0,14826,323,0,-provider_default
50ms_0.5pct-748,2026-09-24T22:45:33+05:45,50ms_0.5pct,measure,mldsa,P-256,310.968,1,prime256v1,mldsa65,0,14826,323,0,-provider_default
50ms_0.5pct-749,2026-09-24T22:45:33+05:45,50ms_0.5pct,measure,ecdsa,X25519MLKEM768,210.075,1,X25519MLKEM768,ecdsa_secp256r1_sha256,0,2380,1466,0,-provider_default
50ms_0.5pct-750,2026-09-24T22:45:34+05:45,50ms_0.5pct,measure,mldsa,P-256,273.160,1,prime256v1,mldsa65,0,14826,323,0,-provider_default
50ms_0.5pct-751,2026-09-24T22:45:34+05:45,50ms_0.5pct,measure,ecdsa,P-256,240.175,1,prime256v1,ecdsa_secp256r1_sha256,0,1340,323,0,-provider_default
50ms_0.5pct-752,2026-09-24T22:45:34+05:45,50ms_0.5pct,measure,ecdsa,X25519MLKEM768,208.478,1,X25519MLKEM768,ecdsa_secp256r1_sha256,0,2380,1466,0,-provider_default
50ms_0.5pct-753,2026-09-24T22:45:35+05:45,50ms_0.5pct,measure,ecdsa,SecP256r1MLKEM768,280.632,1,SecP256r1MLKEM768,ecdsa_secp256r1_sha256,0,2427,1499,0,-provider_default
50ms_0.5pct-754,2026-09-24T22:45:35+05:45,50ms_0.5pct,measure,ecdsa,SecP256r1MLKEM768,193.091,1,SecP256r1MLKEM768,ecdsa_secp256r1_sha256,0,2427,1499,0,-provider_default
50ms_0.5pct-755,2026-09-24T22:45:35+05:45,50ms_0.5pct,measure,mldsa,X25519MLKEM768,243.394,1,X25519MLKEM768,mldsa65,0,15867,1466,0,-provider_default
50ms_0.5pct-756,2026-09-24T22:45:35+05:45,50ms_0.5pct,measure,mldsa,P-256,233.592,1,prime256v1,mldsa65,0,14826,323,0,-provider_default
50ms_0.5pct-757,2026-09-24T22:45:36+05:45,50ms_0.5pct,measure,ecdsa,X25519MLKEM768,204.439,1,X25519MLKEM768,ecdsa_secp256r1_sha256,0,2379,1466,0,-provider_default
50ms_0.5pct-758,2026-09-24T22:45:36+05:45,50ms_0.5pct,measure,ecdsa,X25519MLKEM768,228.775,1,X25519MLKEM768,ecdsa_secp256r1_sha256,0,2380,1466,0,-provider_default
50ms_0.5pct-759,2026-09-24T22:45:36+05:45,50ms_0.5pct,measure,ecdsa,SecP256r1MLKEM768,264.274,1,SecP256r1MLKEM768,ecdsa_secp256r1_sha256,0,2426,1499,0,-provider_default
50ms_0.5pct-760,2026-09-24T22:45:37+05:45,50ms_0.5pct,measure,ecdsa,X25519MLKEM768,202.184,1,X25519MLKEM768,ecdsa_secp256r1_sha256,0,2380,1466,0,-provider_default
50ms_0.5pct-761,2026-09-24T22:45:37+05:45,50ms_0.5pct,measure,ecdsa,P-256,243.636,1,prime256v1,ecdsa_secp256r1_sha256,0,1340,323,0,-provider_default
50ms_0.5pct-762,2026-09-24T22:45:37+05:45,50ms_0.5pct,measure,mldsa,X25519MLKEM768,231.523,1,X25519MLKEM768,mldsa65,0,15867,1466,0,-provider_default
50ms_0.5pct-763,2026-09-24T22:45:38+05:45,50ms_0.5pct,measure,mldsa,P-256,289.091,1,prime256v1,mldsa65,0,14826,323,0,-provider_default
50ms_0.5pct-764,2026-09-24T22:45:38+05:45,50ms_0.5pct,measure,ecdsa,X25519MLKEM768,259.868,1,X25519MLKEM768,ecdsa_secp256r1_sha256,0,2380,1466,0,-provider_default
50ms_0.5pct-765,2026-09-24T22:45:38+05:45,50ms_0.5pct,measure,mldsa,X25519,340.404,1,X25519,mldsa65,0,14793,290,0,-provider_default
50ms_0.5pct-766,2026-09-24T22:45:39+05:45,50ms_0.5pct,measure,mldsa,X25519MLKEM768,379.457,1,X25519MLKEM768,mldsa65,0,15867,1466,0,-provider_default
50ms_0.5pct-767,2026-09-24T22:45:39+05:45,50ms_0.5pct,measure,ecdsa,X25519MLKEM768,679.370,1,X25519MLKEM768,ecdsa_secp256r1_sha256,0,2381,1466,0,-provider_default
50ms_0.5pct-768,2026-09-24T22:45:40+05:45,50ms_0.5pct,measure,ecdsa,P-256,256.754,1,prime256v1,ecdsa_secp256r1_sha256,0,1339,323,0,-provider_default
50ms_0.5pct-769,2026-09-24T22:45:40+05:45,50ms_0.5pct,measure,mldsa,X25519MLKEM768,493.649,1,X25519MLKEM768,mldsa65,0,15867,1466,0,-provider_default
50ms_0.5pct-770,2026-09-24T22:45:41+05:45,50ms_0.5pct,measure,ecdsa,P-256,243.742,1,prime256v1,ecdsa_secp256r1_sha256,0,1339,323,0,-provider_default
50ms_0.5pct-771,2026-09-24T22:45:41+05:45,50ms_0.5pct,measure,mldsa,P-256,369.311,1,prime256v1,mldsa65,0,14826,323,0,-provider_default
50ms_0.5pct-772,2026-09-24T22:45:42+05:45,50ms_0.5pct,measure,mldsa,SecP256r1MLKEM768,436.623,1,SecP256r1MLKEM768,mldsa65,0,15914,1499,0,-provider_default
50ms_0.5pct-773,2026-09-24T22:45:42+05:45,50ms_0.5pct,measure,mldsa,SecP256r1MLKEM768,307.365,1,SecP256r1MLKEM768,mldsa65,0,15914,1499,0,-provider_default
50ms_0.5pct-774,2026-09-24T22:45:42+05:45,50ms_0.5pct,measure,mldsa,X25519,287.998,1,X25519,mldsa65,0,14793,290,0,-provider_default
50ms_0.5pct-775,2026-09-24T22:45:43+05:45,50ms_0.5pct,measure,mldsa,X25519,240.937,1,X25519,mldsa65,0,14793,290,0,-provider_default
50ms_0.5pct-776,2026-09-24T22:45:43+05:45,50ms_0.5pct,measure,ecdsa,SecP256r1MLKEM768,186.004,1,SecP256r1MLKEM768,ecdsa_secp256r1_sha256,0,2427,1499,0,-provider_default
50ms_0.5pct-777,2026-09-24T22:45:43+05:45,50ms_0.5pct,measure,ecdsa,X25519MLKEM768,241.970,1,X25519MLKEM768,ecdsa_secp256r1_sha256,0,2380,1466,0,-provider_default
50ms_0.5pct-778,2026-09-24T22:45:44+05:45,50ms_0.5pct,measure,mldsa,SecP256r1MLKEM768,243.382,1,SecP256r1MLKEM768,mldsa65,0,15914,1499,0,-provider_default
50ms_0.5pct-779,2026-09-24T22:45:44+05:45,50ms_0.5pct,measure,ecdsa,X25519,221.042,1,X25519,ecdsa_secp256r1_sha256,0,1307,290,0,-provider_default
50ms_0.5pct-780,2026-09-24T22:45:44+05:45,50ms_0.5pct,measure,mldsa,SecP256r1MLKEM768,278.097,1,SecP256r1MLKEM768,mldsa65,0,15914,1499,0,-provider_default
50ms_0.5pct-781,2026-09-24T22:45:45+05:45,50ms_0.5pct,measure,ecdsa,X25519MLKEM768,206.707,1,X25519MLKEM768,ecdsa_secp256r1_sha256,0,2380,1466,0,-provider_default
50ms_0.5pct-782,2026-09-24T22:45:45+05:45,50ms_0.5pct,measure,ecdsa,X25519,178.906,1,X25519,ecdsa_secp256r1_sha256,0,1307,290,0,-provider_default
50ms_0.5pct-783,2026-09-24T22:45:45+05:45,50ms_0.5pct,measure,ecdsa,P-256,245.686,1,prime256v1,ecdsa_secp256r1_sha256,0,1339,323,0,-provider_default
50ms_0.5pct-784,2026-09-24T22:45:45+05:45,50ms_0.5pct,measure,ecdsa,X25519,265.123,1,X25519,ecdsa_secp256r1_sha256,0,1306,290,0,-provider_default
50ms_0.5pct-785,2026-09-24T22:45:46+05:45,50ms_0.5pct,measure,mldsa,X25519MLKEM768,420.013,1,X25519MLKEM768,mldsa65,0,15867,1466,1,-provider_default
50ms_0.5pct-786,2026-09-24T22:45:46+05:45,50ms_0.5pct,measure,ecdsa,X25519,256.939,1,X25519,ecdsa_secp256r1_sha256,0,1305,290,0,-provider_default
50ms_0.5pct-787,2026-09-24T22:45:47+05:45,50ms_0.5pct,measure,ecdsa,SecP256r1MLKEM768,215.154,1,SecP256r1MLKEM768,ecdsa_secp256r1_sha256,0,2427,1499,0,-provider_default
50ms_0.5pct-788,2026-09-24T22:45:48+05:45,50ms_0.5pct,measure,mldsa,SecP256r1MLKEM768,1430.514,1,SecP256r1MLKEM768,mldsa65,0,15914,1499,1,-provider_default
50ms_0.5pct-789,2026-09-24T22:45:48+05:45,50ms_0.5pct,measure,mldsa,SecP256r1MLKEM768,372.167,1,SecP256r1MLKEM768,mldsa65,0,15914,1499,0,-provider_default
50ms_0.5pct-790,2026-09-24T22:45:49+05:45,50ms_0.5pct,measure,mldsa,X25519MLKEM768,284.630,1,X25519MLKEM768,mldsa65,0,15867,1466,0,-provider_default
50ms_0.5pct-791,2026-09-24T22:45:49+05:45,50ms_0.5pct,measure,mldsa,P-256,233.064,1,prime256v1,mldsa65,0,14826,323,0,-provider_default
50ms_0.5pct-792,2026-09-24T22:45:49+05:45,50ms_0.5pct,measure,mldsa,P-256,296.786,1,prime256v1,mldsa65,0,14826,323,0,-provider_default
50ms_0.5pct-793,2026-09-24T22:45:50+05:45,50ms_0.5pct,measure,ecdsa,SecP256r1MLKEM768,183.596,1,SecP256r1MLKEM768,ecdsa_secp256r1_sha256,0,2426,1499,0,-provider_default
50ms_0.5pct-794,2026-09-24T22:45:50+05:45,50ms_0.5pct,measure,mldsa,X25519MLKEM768,223.166,1,X25519MLKEM768,mldsa65,0,15867,1466,0,-provider_default
50ms_0.5pct-795,2026-09-24T22:45:50+05:45,50ms_0.5pct,measure,ecdsa,SecP256r1MLKEM768,183.073,1,SecP256r1MLKEM768,ecdsa_secp256r1_sha256,0,2427,1499,0,-provider_default
50ms_0.5pct-796,2026-09-24T22:45:51+05:45,50ms_0.5pct,measure,mldsa,X25519,335.415,1,X25519,mldsa65,0,14793,290,0,-provider_default
50ms_0.5pct-797,2026-09-24T22:45:51+05:45,50ms_0.5pct,measure,ecdsa,X25519MLKEM768,345.301,1,X25519MLKEM768,ecdsa_secp256r1_sha256,0,2380,1466,0,-provider_default
50ms_0.5pct-798,2026-09-24T22:45:51+05:45,50ms_0.5pct,measure,ecdsa,X25519,278.573,1,X25519,ecdsa_secp256r1_sha256,0,1306,290,0,-provider_default
50ms_0.5pct-799,2026-09-24T22:45:52+05:45,50ms_0.5pct,measure,ecdsa,P-256,234.296,1,prime256v1,ecdsa_secp256r1_sha256,0,1338,323,0,-provider_default
50ms_0.5pct-800,2026-09-24T22:45:52+05:45,50ms_0.5pct,measure,mldsa,X25519MLKEM768,275.044,1,X25519MLKEM768,mldsa65,0,15867,1466,0,-provider_default
50ms_1pct-w1,2026-09-24T22:46:03+05:45,50ms_1pct,warmup,ecdsa,X25519,233.738,1,X25519,ecdsa_secp256r1_sha256,0,1305,290,0,-provider_default
50ms_1pct-w2,2026-09-24T22:46:03+05:45,50ms_1pct,warmup,ecdsa,X25519,253.634,1,X25519,ecdsa_secp256r1_sha256,0,1306,290,0,-provider_default
50ms_1pct-w3,2026-09-24T22:46:03+05:45,50ms_1pct,warmup,ecdsa,X25519,300.537,1,X25519,ecdsa_secp256r1_sha256,0,1306,290,0,-provider_default
50ms_1pct-w4,2026-09-24T22:46:04+05:45,50ms_1pct,warmup,ecdsa,X25519,280.269,1,X25519,ecdsa_secp256r1_sha256,0,1306,290,0,-provider_default
50ms_1pct-w5,2026-09-24T22:46:04+05:45,50ms_1pct,warmup,ecdsa,X25519,325.685,1,X25519,ecdsa_secp256r1_sha256,0,1306,290,0,-provider_default
50ms_1pct-w6,2026-09-24T22:46:04+05:45,50ms_1pct,warmup,ecdsa,X25519,237.552,1,X25519,ecdsa_secp256r1_sha256,0,1306,290,0,-provider_default
50ms_1pct-w7,2026-09-24T22:46:05+05:45,50ms_1pct,warmup,ecdsa,X25519,221.959,1,X25519,ecdsa_secp256r1_sha256,0,1307,290,0,-provider_default
50ms_1pct-w8,2026-09-24T22:46:05+05:45,50ms_1pct,warmup,ecdsa,X25519,239.025,1,X25519,ecdsa_secp256r1_sha256,0,1306,290,0,-provider_default
50ms_1pct-w9,2026-09-24T22:46:05+05:45,50ms_1pct,warmup,ecdsa,X25519,246.119,1,X25519,ecdsa_secp256r1_sha256,0,1306,290,0,-provider_default
50ms_1pct-w10,2026-09-24T22:46:06+05:45,50ms_1pct,warmup,ecdsa,X25519,219.372,1,X25519,ecdsa_secp256r1_sha256,0,1306,290,0,-provider_default
50ms_1pct-w11,2026-09-24T22:46:06+05:45,50ms_1pct,warmup,ecdsa,P-256,204.227,1,prime256v1,ecdsa_secp256r1_sha256,0,1338,323,0,-provider_default
50ms_1pct-w12,2026-09-24T22:46:06+05:45,50ms_1pct,warmup,ecdsa,P-256,191.533,1,prime256v1,ecdsa_secp256r1_sha256,0,1339,323,0,-provider_default
50ms_1pct-w13,2026-09-24T22:46:07+05:45,50ms_1pct,warmup,ecdsa,P-256,296.038,1,prime256v1,ecdsa_secp256r1_sha256,0,1339,323,0,-provider_default
50ms_1pct-w14,2026-09-24T22:46:07+05:45,50ms_1pct,warmup,ecdsa,P-256,216.255,1,prime256v1,ecdsa_secp256r1_sha256,0,1339,323,0,-provider_default
50ms_1pct-w15,2026-09-24T22:46:07+05:45,50ms_1pct,warmup,ecdsa,P-256,229.640,1,prime256v1,ecdsa_secp256r1_sha256,0,1339,323,0,-provider_default
50ms_1pct-w16,2026-09-24T22:46:07+05:45,50ms_1pct,warmup,ecdsa,P-256,199.568,1,prime256v1,ecdsa_secp256r1_sha256,0,1340,323,0,-provider_default
50ms_1pct-w17,2026-09-24T22:46:08+05:45,50ms_1pct,warmup,ecdsa,P-256,189.742,1,prime256v1,ecdsa_secp256r1_sha256,0,1339,323,0,-provider_default
50ms_1pct-w18,2026-09-24T22:46:08+05:45,50ms_1pct,warmup,ecdsa,P-256,247.935,1,prime256v1,ecdsa_secp256r1_sha256,0,1339,323,0,-provider_default
50ms_1pct-w19,2026-09-24T22:46:08+05:45,50ms_1pct,warmup,ecdsa,P-256,182.957,1,prime256v1,ecdsa_secp256r1_sha256,0,1338,323,0,-provider_default
50ms_1pct-w20,2026-09-24T22:46:09+05:45,50ms_1pct,warmup,ecdsa,P-256,325.115,1,prime256v1,ecdsa_secp256r1_sha256,0,1339,323,1,-provider_default
50ms_1pct-w21,2026-09-24T22:46:09+05:45,50ms_1pct,warmup,ecdsa,X25519MLKEM768,283.862,1,X25519MLKEM768,ecdsa_secp256r1_sha256,0,2381,1466,0,-provider_default
50ms_1pct-w22,2026-09-24T22:46:09+05:45,50ms_1pct,warmup,ecdsa,X25519MLKEM768,254.960,1,X25519MLKEM768,ecdsa_secp256r1_sha256,0,2380,1466,0,-provider_default
50ms_1pct-w23,2026-09-24T22:46:10+05:45,50ms_1pct,warmup,ecdsa,X25519MLKEM768,470.758,1,X25519MLKEM768,ecdsa_secp256r1_sha256,0,2379,1466,0,-provider_default
50ms_1pct-w24,2026-09-24T22:46:11+05:45,50ms_1pct,warmup,ecdsa,X25519MLKEM768,528.159,1,X25519MLKEM768,ecdsa_secp256r1_sha256,0,2380,1466,1,-provider_default
50ms_1pct-w25,2026-09-24T22:46:11+05:45,50ms_1pct,warmup,ecdsa,X25519MLKEM768,629.672,1,X25519MLKEM768,ecdsa_secp256r1_sha256,0,2380,1466,1,-provider_default
50ms_1pct-w26,2026-09-24T22:46:12+05:45,50ms_1pct,warmup,ecdsa,X25519MLKEM768,231.321,1,X25519MLKEM768,ecdsa_secp256r1_sha256,0,2379,1466,0,-provider_default
50ms_1pct-w27,2026-09-24T22:46:12+05:45,50ms_1pct,warmup,ecdsa,X25519MLKEM768,236.412,1,X25519MLKEM768,ecdsa_secp256r1_sha256,0,2379,1466,0,-provider_default
50ms_1pct-w28,2026-09-24T22:46:12+05:45,50ms_1pct,warmup,ecdsa,X25519MLKEM768,177.668,1,X25519MLKEM768,ecdsa_secp256r1_sha256,0,2379,1466,0,-provider_default
50ms_1pct-w29,2026-09-24T22:46:12+05:45,50ms_1pct,warmup,ecdsa,X25519MLKEM768,252.494,1,X25519MLKEM768,ecdsa_secp256r1_sha256,0,2380,1466,0,-provider_default
50ms_1pct-w30,2026-09-24T22:46:13+05:45,50ms_1pct,warmup,ecdsa,X25519MLKEM768,238.772,1,X25519MLKEM768,ecdsa_secp256r1_sha256,0,2381,1466,0,-provider_default
50ms_1pct-w31,2026-09-24T22:46:13+05:45,50ms_1pct,warmup,ecdsa,SecP256r1MLKEM768,252.582,1,SecP256r1MLKEM768,ecdsa_secp256r1_sha256,0,2427,1499,0,-provider_default
50ms_1pct-w32,2026-09-24T22:46:13+05:45,50ms_1pct,warmup,ecdsa,SecP256r1MLKEM768,298.580,1,SecP256r1MLKEM768,ecdsa_secp256r1_sha256,0,2426,1499,1,-provider_default
50ms_1pct-w33,2026-09-24T22:46:14+05:45,50ms_1pct,warmup,ecdsa,SecP256r1MLKEM768,269.441,1,SecP256r1MLKEM768,ecdsa_secp256r1_sha256,0,2426,1499,0,-provider_default
50ms_1pct-w34,2026-09-24T22:46:14+05:45,50ms_1pct,warmup,ecdsa,SecP256r1MLKEM768,272.442,1,SecP256r1MLKEM768,ecdsa_secp256r1_sha256,0,2426,1499,0,-provider_default
50ms_1pct-w35,2026-09-24T22:46:14+05:45,50ms_1pct,warmup,ecdsa,SecP256r1MLKEM768,223.989,1,SecP256r1MLKEM768,ecdsa_secp256r1_sha256,0,2427,1499,0,-provider_default
50ms_1pct-w36,2026-09-24T22:46:15+05:45,50ms_1pct,warmup,ecdsa,SecP256r1MLKEM768,216.600,1,SecP256r1MLKEM768,ecdsa_secp256r1_sha256,0,2426,1499,0,-provider_default
50ms_1pct-w37,2026-09-24T22:46:15+05:45,50ms_1pct,warmup,ecdsa,SecP256r1MLKEM768,243.947,1,SecP256r1MLKEM768,ecdsa_secp256r1_sha256,0,2428,1499,0,-provider_default
50ms_1pct-w38,2026-09-24T22:46:15+05:45,50ms_1pct,warmup,ecdsa,SecP256r1MLKEM768,225.967,1,SecP256r1MLKEM768,ecdsa_secp256r1_sha256,0,2427,1499,0,-provider_default
50ms_1pct-w39,2026-09-24T22:46:16+05:45,50ms_1pct,warmup,ecdsa,SecP256r1MLKEM768,214.923,1,SecP256r1MLKEM768,ecdsa_secp256r1_sha256,0,2426,1499,0,-provider_default
50ms_1pct-w40,2026-09-24T22:46:16+05:45,50ms_1pct,warmup,ecdsa,SecP256r1MLKEM768,181.299,1,SecP256r1MLKEM768,ecdsa_secp256r1_sha256,0,2427,1499,0,-provider_default
50ms_1pct-w41,2026-09-24T22:46:16+05:45,50ms_1pct,warmup,mldsa,X25519,262.928,1,X25519,mldsa65,0,14793,290,1,-provider_default
50ms_1pct-w42,2026-09-24T22:46:17+05:45,50ms_1pct,warmup,mldsa,X25519,627.730,1,X25519,mldsa65,0,14793,290,0,-provider_default
50ms_1pct-w43,2026-09-24T22:46:18+05:45,50ms_1pct,warmup,mldsa,X25519,635.170,1,X25519,mldsa65,0,14793,290,1,-provider_default
50ms_1pct-w44,2026-09-24T22:46:18+05:45,50ms_1pct,warmup,mldsa,X25519,261.628,1,X25519,mldsa65,0,14793,290,0,-provider_default
50ms_1pct-w45,2026-09-24T22:46:18+05:45,50ms_1pct,warmup,mldsa,X25519,414.664,1,X25519,mldsa65,0,14793,290,0,-provider_default
50ms_1pct-w46,2026-09-24T22:46:19+05:45,50ms_1pct,warmup,mldsa,X25519,304.596,1,X25519,mldsa65,0,14793,290,0,-provider_default
50ms_1pct-w47,2026-09-24T22:46:19+05:45,50ms_1pct,warmup,mldsa,X25519,302.297,1,X25519,mldsa65,0,14793,290,0,-provider_default
50ms_1pct-w48,2026-09-24T22:46:19+05:45,50ms_1pct,warmup,mldsa,X25519,302.357,1,X25519,mldsa65,0,14793,290,0,-provider_default
50ms_1pct-w49,2026-09-24T22:46:20+05:45,50ms_1pct,warmup,mldsa,X25519,315.115,1,X25519,mldsa65,0,14793,290,0,-provider_default
50ms_1pct-w50,2026-09-24T22:46:20+05:45,50ms_1pct,warmup,mldsa,X25519,254.376,1,X25519,mldsa65,0,14793,290,0,-provider_default
50ms_1pct-w51,2026-09-24T22:46:21+05:45,50ms_1pct,warmup,mldsa,P-256,258.448,1,prime256v1,mldsa65,0,14826,323,0,-provider_default
50ms_1pct-w52,2026-09-24T22:46:21+05:45,50ms_1pct,warmup,mldsa,P-256,452.225,1,prime256v1,mldsa65,0,14826,323,0,-provider_default
50ms_1pct-w53,2026-09-24T22:46:21+05:45,50ms_1pct,warmup,mldsa,P-256,304.718,1,prime256v1,mldsa65,0,14826,323,0,-provider_default
50ms_1pct-w54,2026-09-24T22:46:22+05:45,50ms_1pct,warmup,mldsa,P-256,243.152,1,prime256v1,mldsa65,0,14826,323,0,-provider_default
50ms_1pct-w55,2026-09-24T22:46:22+05:45,50ms_1pct,warmup,mldsa,P-256,321.213,1,prime256v1,mldsa65,0,14826,323,0,-provider_default
50ms_1pct-w56,2026-09-24T22:46:23+05:45,50ms_1pct,warmup,mldsa,P-256,327.489,1,prime256v1,mldsa65,0,14826,323,0,-provider_default
50ms_1pct-w57,2026-09-24T22:46:23+05:45,50ms_1pct,warmup,mldsa,P-256,252.717,1,prime256v1,mldsa65,0,14826,323,0,-provider_default
50ms_1pct-w58,2026-09-24T22:46:23+05:45,50ms_1pct,warmup,mldsa,P-256,309.491,1,prime256v1,mldsa65,0,14826,323,0,-provider_default
50ms_1pct-w59,2026-09-24T22:46:24+05:45,50ms_1pct,warmup,mldsa,P-256,355.449,1,prime256v1,mldsa65,0,14826,323,0,-provider_default
50ms_1pct-w60,2026-09-24T22:46:25+05:45,50ms_1pct,warmup,mldsa,P-256,1372.556,1,prime256v1,mldsa65,0,14826,323,1,-provider_default
50ms_1pct-w61,2026-09-24T22:46:26+05:45,50ms_1pct,warmup,mldsa,X25519MLKEM768,309.861,1,X25519MLKEM768,mldsa65,0,15867,1466,0,-provider_default
50ms_1pct-w62,2026-09-24T22:46:26+05:45,50ms_1pct,warmup,mldsa,X25519MLKEM768,324.055,1,X25519MLKEM768,mldsa65,0,15867,1466,0,-provider_default
50ms_1pct-w63,2026-09-24T22:46:26+05:45,50ms_1pct,warmup,mldsa,X25519MLKEM768,294.907,1,X25519MLKEM768,mldsa65,0,15867,1466,1,-provider_default
50ms_1pct-w64,2026-09-24T22:46:27+05:45,50ms_1pct,warmup,mldsa,X25519MLKEM768,313.410,1,X25519MLKEM768,mldsa65,0,15867,1466,0,-provider_default
50ms_1pct-w65,2026-09-24T22:46:27+05:45,50ms_1pct,warmup,mldsa,X25519MLKEM768,401.713,1,X25519MLKEM768,mldsa65,0,15867,1466,1,-provider_default
50ms_1pct-w66,2026-09-24T22:46:28+05:45,50ms_1pct,warmup,mldsa,X25519MLKEM768,344.512,1,X25519MLKEM768,mldsa65,0,15867,1466,0,-provider_default
50ms_1pct-w67,2026-09-24T22:46:28+05:45,50ms_1pct,warmup,mldsa,X25519MLKEM768,323.324,1,X25519MLKEM768,mldsa65,0,15867,1466,0,-provider_default
50ms_1pct-w68,2026-09-24T22:46:28+05:45,50ms_1pct,warmup,mldsa,X25519MLKEM768,242.730,1,X25519MLKEM768,mldsa65,0,15867,1466,0,-provider_default
50ms_1pct-w69,2026-09-24T22:46:29+05:45,50ms_1pct,warmup,mldsa,X25519MLKEM768,254.465,1,X25519MLKEM768,mldsa65,0,15867,1466,0,-provider_default
50ms_1pct-w70,2026-09-24T22:46:29+05:45,50ms_1pct,warmup,mldsa,X25519MLKEM768,369.065,1,X25519MLKEM768,mldsa65,0,15867,1466,0,-provider_default
50ms_1pct-w71,2026-09-24T22:46:29+05:45,50ms_1pct,warmup,mldsa,SecP256r1MLKEM768,321.887,1,SecP256r1MLKEM768,mldsa65,0,15914,1499,0,-provider_default
50ms_1pct-w72,2026-09-24T22:46:30+05:45,50ms_1pct,warmup,mldsa,SecP256r1MLKEM768,367.863,1,SecP256r1MLKEM768,mldsa65,0,15914,1499,0,-provider_default
50ms_1pct-w73,2026-09-24T22:46:30+05:45,50ms_1pct,warmup,mldsa,SecP256r1MLKEM768,233.039,1,SecP256r1MLKEM768,mldsa65,0,15914,1499,0,-provider_default
50ms_1pct-w74,2026-09-24T22:46:30+05:45,50ms_1pct,warmup,mldsa,SecP256r1MLKEM768,261.274,1,SecP256r1MLKEM768,mldsa65,0,15914,1499,0,-provider_default
50ms_1pct-w75,2026-09-24T22:46:31+05:45,50ms_1pct,warmup,mldsa,SecP256r1MLKEM768,426.756,1,SecP256r1MLKEM768,mldsa65,0,15914,1499,1,-provider_default
50ms_1pct-w76,2026-09-24T22:46:31+05:45,50ms_1pct,warmup,mldsa,SecP256r1MLKEM768,365.107,1,SecP256r1MLKEM768,mldsa65,0,15914,1499,0,-provider_default
50ms_1pct-w77,2026-09-24T22:46:32+05:45,50ms_1pct,warmup,mldsa,SecP256r1MLKEM768,373.582,1,SecP256r1MLKEM768,mldsa65,0,15914,1499,0,-provider_default
50ms_1pct-w78,2026-09-24T22:46:32+05:45,50ms_1pct,warmup,mldsa,SecP256r1MLKEM768,526.921,1,SecP256r1MLKEM768,mldsa65,0,15914,1499,0,-provider_default
50ms_1pct-w79,2026-09-24T22:46:33+05:45,50ms_1pct,warmup,mldsa,SecP256r1MLKEM768,364.477,1,SecP256r1MLKEM768,mldsa65,0,15914,1499,0,-provider_default
50ms_1pct-w80,2026-09-24T22:46:33+05:45,50ms_1pct,warmup,mldsa,SecP256r1MLKEM768,324.612,1,SecP256r1MLKEM768,mldsa65,0,15914,1499,0,-provider_default
50ms_1pct-1,2026-09-24T22:46:34+05:45,50ms_1pct,measure,mldsa,SecP256r1MLKEM768,324.400,1,SecP256r1MLKEM768,mldsa65,0,15914,1499,0,-provider_default
50ms_1pct-2,2026-09-24T22:46:34+05:45,50ms_1pct,measure,mldsa,P-256,298.923,1,prime256v1,mldsa65,0,14826,323,0,-provider_default
50ms_1pct-3,2026-09-24T22:46:34+05:45,50ms_1pct,measure,mldsa,P-256,301.469,1,prime256v1,mldsa65,0,14826,323,0,-provider_default
50ms_1pct-4,2026-09-24T22:46:35+05:45,50ms_1pct,measure,mldsa,X25519,304.831,1,X25519,mldsa65,0,14793,290,0,-provider_default
50ms_1pct-5,2026-09-24T22:46:35+05:45,50ms_1pct,measure,mldsa,P-256,337.058,1,prime256v1,mldsa65,0,14826,323,0,-provider_default
50ms_1pct-6,2026-09-24T22:46:36+05:45,50ms_1pct,measure,mldsa,SecP256r1MLKEM768,242.885,1,SecP256r1MLKEM768,mldsa65,0,15914,1499,0,-provider_default
50ms_1pct-7,2026-09-24T22:46:36+05:45,50ms_1pct,measure,ecdsa,SecP256r1MLKEM768,244.732,1,SecP256r1MLKEM768,ecdsa_secp256r1_sha256,0,2427,1499,0,-provider_default
50ms_1pct-8,2026-09-24T22:46:37+05:45,50ms_1pct,measure,mldsa,P-256,559.086,1,prime256v1,mldsa65,0,14826,323,0,-provider_default
50ms_1pct-9,2026-09-24T22:46:37+05:45,50ms_1pct,measure,ecdsa,X25519MLKEM768,244.848,1,X25519MLKEM768,ecdsa_secp256r1_sha256,0,2380,1466,0,-provider_default
50ms_1pct-10,2026-09-24T22:46:37+05:45,50ms_1pct,measure,ecdsa,P-256,429.344,1,prime256v1,ecdsa_secp256r1_sha256,0,1339,323,0,-provider_default
50ms_1pct-11,2026-09-24T22:46:38+05:45,50ms_1pct,measure,mldsa,X25519,277.593,1,X25519,mldsa65,0,14793,290,0,-provider_default
50ms_1pct-12,2026-09-24T22:46:38+05:45,50ms_1pct,measure,mldsa,P-256,486.626,1,prime256v1,mldsa65,0,14826,323,0,-provider_default
50ms_1pct-13,2026-09-24T22:46:39+05:45,50ms_1pct,measure,mldsa,P-256,290.726,1,prime256v1,mldsa65,0,14826,323,0,-provider_default
50ms_1pct-14,2026-09-24T22:46:39+05:45,50ms_1pct,measure,ecdsa,SecP256r1MLKEM768,196.962,1,SecP256r1MLKEM768,ecdsa_secp256r1_sha256,0,2427,1499,0,-provider_default
50ms_1pct-15,2026-09-24T22:46:39+05:45,50ms_1pct,measure,mldsa,P-256,278.423,1,prime256v1,mldsa65,0,14826,323,0,-provider_default
50ms_1pct-16,2026-09-24T22:46:40+05:45,50ms_1pct,measure,ecdsa,X25519MLKEM768,222.295,1,X25519MLKEM768,ecdsa_secp256r1_sha256,0,2379,1466,0,-provider_default
50ms_1pct-17,2026-09-24T22:46:40+05:45,50ms_1pct,measure,ecdsa,X25519,282.026,1,X25519,ecdsa_secp256r1_sha256,0,1306,290,0,-provider_default
50ms_1pct-18,2026-09-24T22:46:40+05:45,50ms_1pct,measure,ecdsa,X25519MLKEM768,327.873,1,X25519MLKEM768,ecdsa_secp256r1_sha256,0,2381,1466,0,-provider_default
50ms_1pct-19,2026-09-24T22:46:41+05:45,50ms_1pct,measure,mldsa,SecP256r1MLKEM768,270.557,1,SecP256r1MLKEM768,mldsa65,0,15914,1499,0,-provider_default
50ms_1pct-20,2026-09-24T22:46:41+05:45,50ms_1pct,measure,mldsa,P-256,295.759,1,prime256v1,mldsa65,0,14826,323,0,-provider_default
50ms_1pct-21,2026-09-24T22:46:41+05:45,50ms_1pct,measure,ecdsa,SecP256r1MLKEM768,276.350,1,SecP256r1MLKEM768,ecdsa_secp256r1_sha256,0,2428,1499,0,-provider_default
50ms_1pct-22,2026-09-24T22:46:42+05:45,50ms_1pct,measure,ecdsa,SecP256r1MLKEM768,182.532,1,SecP256r1MLKEM768,ecdsa_secp256r1_sha256,0,2427,1499,0,-provider_default
50ms_1pct-23,2026-09-24T22:46:42+05:45,50ms_1pct,measure,mldsa,X25519,251.166,1,X25519,mldsa65,0,14793,290,0,-provider_default
50ms_1pct-24,2026-09-24T22:46:42+05:45,50ms_1pct,measure,ecdsa,P-256,283.361,1,prime256v1,ecdsa_secp256r1_sha256,0,1338,323,0,-provider_default
50ms_1pct-25,2026-09-24T22:46:43+05:45,50ms_1pct,measure,mldsa,X25519MLKEM768,336.435,1,X25519MLKEM768,mldsa65,0,15867,1466,0,-provider_default
50ms_1pct-26,2026-09-24T22:46:43+05:45,50ms_1pct,measure,mldsa,X25519MLKEM768,321.103,1,X25519MLKEM768,mldsa65,0,15867,1466,0,-provider_default
50ms_1pct-27,2026-09-24T22:46:43+05:45,50ms_1pct,measure,mldsa,P-256,281.920,1,prime256v1,mldsa65,0,14826,323,0,-provider_default
50ms_1pct-28,2026-09-24T22:46:44+05:45,50ms_1pct,measure,ecdsa,X25519MLKEM768,203.417,1,X25519MLKEM768,ecdsa_secp256r1_sha256,0,2381,1466,0,-provider_default
50ms_1pct-29,2026-09-24T22:46:44+05:45,50ms_1pct,measure,mldsa,X25519MLKEM768,331.978,1,X25519MLKEM768,mldsa65,0,15867,1466,0,-provider_default
50ms_1pct-30,2026-09-24T22:46:44+05:45,50ms_1pct,measure,ecdsa,P-256,275.678,1,prime256v1,ecdsa_secp256r1_sha256,0,1339,323,0,-provider_default
50ms_1pct-31,2026-09-24T22:46:45+05:45,50ms_1pct,measure,mldsa,P-256,253.268,1,prime256v1,mldsa65,0,14826,323,0,-provider_default
50ms_1pct-32,2026-09-24T22:46:45+05:45,50ms_1pct,measure,ecdsa,SecP256r1MLKEM768,221.936,1,SecP256r1MLKEM768,ecdsa_secp256r1_sha256,0,2428,1499,0,-provider_default
50ms_1pct-33,2026-09-24T22:46:45+05:45,50ms_1pct,measure,ecdsa,P-256,223.214,1,prime256v1,ecdsa_secp256r1_sha256,0,1338,323,0,-provider_default
50ms_1pct-34,2026-09-24T22:46:46+05:45,50ms_1pct,measure,ecdsa,X25519MLKEM768,187.687,1,X25519MLKEM768,ecdsa_secp256r1_sha256,0,2379,1466,0,-provider_default
50ms_1pct-35,2026-09-24T22:46:46+05:45,50ms_1pct,measure,ecdsa,P-256,251.344,1,prime256v1,ecdsa_secp256r1_sha256,0,1339,323,1,-provider_default
50ms_1pct-36,2026-09-24T22:46:46+05:45,50ms_1pct,measure,mldsa,P-256,418.867,1,prime256v1,mldsa65,0,14826,323,0,-provider_default
50ms_1pct-37,2026-09-24T22:46:47+05:45,50ms_1pct,measure,mldsa,P-256,264.595,1,prime256v1,mldsa65,0,14826,323,0,-provider_default
50ms_1pct-38,2026-09-24T22:46:47+05:45,50ms_1pct,measure,mldsa,X25519MLKEM768,418.117,1,X25519MLKEM768,mldsa65,0,15867,1466,0,-provider_default
50ms_1pct-39,2026-09-24T22:46:48+05:45,50ms_1pct,measure,mldsa,X25519,245.154,1,X25519,mldsa65,0,14793,290,0,-provider_default
50ms_1pct-40,2026-09-24T22:46:48+05:45,50ms_1pct,measure,ecdsa,X25519MLKEM768,305.206,1,X25519MLKEM768,ecdsa_secp256r1_sha256,0,2380,1466,0,-provider_default
50ms_1pct-41,2026-09-24T22:46:48+05:45,50ms_1pct,measure,mldsa,X25519MLKEM768,498.611,1,X25519MLKEM768,mldsa65,0,15867,1466,0,-provider_default
50ms_1pct-42,2026-09-24T22:46:49+05:45,50ms_1pct,measure,mldsa,P-256,303.567,1,prime256v1,mldsa65,0,14826,323,0,-provider_default
50ms_1pct-43,2026-09-24T22:46:49+05:45,50ms_1pct,measure,ecdsa,X25519MLKEM768,284.641,1,X25519MLKEM768,ecdsa_secp256r1_sha256,0,2380,1466,0,-provider_default
50ms_1pct-44,2026-09-24T22:46:49+05:45,50ms_1pct,measure,ecdsa,X25519,191.767,1,X25519,ecdsa_secp256r1_sha256,0,1307,290,0,-provider_default
50ms_1pct-45,2026-09-24T22:46:50+05:45,50ms_1pct,measure,mldsa,SecP256r1MLKEM768,319.174,1,SecP256r1MLKEM768,mldsa65,0,15914,1499,0,-provider_default
50ms_1pct-46,2026-09-24T22:46:50+05:45,50ms_1pct,measure,ecdsa,X25519,184.327,1,X25519,ecdsa_secp256r1_sha256,0,1307,290,0,-provider_default
50ms_1pct-47,2026-09-24T22:46:50+05:45,50ms_1pct,measure,mldsa,X25519,223.652,1,X25519,mldsa65,0,14793,290,0,-provider_default
50ms_1pct-48,2026-09-24T22:46:51+05:45,50ms_1pct,measure,mldsa,X25519MLKEM768,225.734,1,X25519MLKEM768,mldsa65,0,15867,1466,0,-provider_default
50ms_1pct-49,2026-09-24T22:46:51+05:45,50ms_1pct,measure,ecdsa,X25519,350.178,1,X25519,ecdsa_secp256r1_sha256,0,1306,290,1,-provider_default
50ms_1pct-50,2026-09-24T22:46:51+05:45,50ms_1pct,measure,ecdsa,P-256,255.641,1,prime256v1,ecdsa_secp256r1_sha256,0,1340,323,0,-provider_default
50ms_1pct-51,2026-09-24T22:46:52+05:45,50ms_1pct,measure,mldsa,X25519,312.612,1,X25519,mldsa65,0,14793,290,0,-provider_default
50ms_1pct-52,2026-09-24T22:46:52+05:45,50ms_1pct,measure,ecdsa,SecP256r1MLKEM768,188.603,1,SecP256r1MLKEM768,ecdsa_secp256r1_sha256,0,2428,1499,0,-provider_default
50ms_1pct-53,2026-09-24T22:46:52+05:45,50ms_1pct,measure,ecdsa,SecP256r1MLKEM768,226.672,1,SecP256r1MLKEM768,ecdsa_secp256r1_sha256,0,2428,1499,0,-provider_default
50ms_1pct-54,2026-09-24T22:46:53+05:45,50ms_1pct,measure,ecdsa,P-256,223.202,1,prime256v1,ecdsa_secp256r1_sha256,0,1339,323,0,-provider_default
50ms_1pct-55,2026-09-24T22:46:53+05:45,50ms_1pct,measure,ecdsa,X25519MLKEM768,244.051,1,X25519MLKEM768,ecdsa_secp256r1_sha256,0,2380,1466,1,-provider_default
50ms_1pct-56,2026-09-24T22:46:54+05:45,50ms_1pct,measure,ecdsa,X25519MLKEM768,613.436,1,X25519MLKEM768,ecdsa_secp256r1_sha256,0,2379,1466,0,-provider_default
50ms_1pct-57,2026-09-24T22:46:54+05:45,50ms_1pct,measure,ecdsa,X25519,268.883,1,X25519,ecdsa_secp256r1_sha256,0,1305,290,0,-provider_default
50ms_1pct-58,2026-09-24T22:46:54+05:45,50ms_1pct,measure,mldsa,X25519MLKEM768,307.839,1,X25519MLKEM768,mldsa65,0,15867,1466,0,-provider_default
50ms_1pct-59,2026-09-24T22:46:55+05:45,50ms_1pct,measure,ecdsa,P-256,223.616,1,prime256v1,ecdsa_secp256r1_sha256,0,1339,323,0,-provider_default
50ms_1pct-60,2026-09-24T22:46:55+05:45,50ms_1pct,measure,mldsa,SecP256r1MLKEM768,262.345,1,SecP256r1MLKEM768,mldsa65,0,15914,1499,0,-provider_default
50ms_1pct-61,2026-09-24T22:46:55+05:45,50ms_1pct,measure,mldsa,SecP256r1MLKEM768,270.300,1,SecP256r1MLKEM768,mldsa65,0,15914,1499,0,-provider_default
50ms_1pct-62,2026-09-24T22:46:56+05:45,50ms_1pct,measure,mldsa,P-256,600.771,1,prime256v1,mldsa65,0,14826,323,0,-provider_default
50ms_1pct-63,2026-09-24T22:46:56+05:45,50ms_1pct,measure,ecdsa,X25519MLKEM768,206.484,1,X25519MLKEM768,ecdsa_secp256r1_sha256,0,2381,1466,0,-provider_default
50ms_1pct-64,2026-09-24T22:46:57+05:45,50ms_1pct,measure,mldsa,X25519,546.277,1,X25519,mldsa65,0,14793,290,0,-provider_default
50ms_1pct-65,2026-09-24T22:46:57+05:45,50ms_1pct,measure,ecdsa,X25519MLKEM768,205.190,1,X25519MLKEM768,ecdsa_secp256r1_sha256,0,2381,1466,0,-provider_default
50ms_1pct-66,2026-09-24T22:46:58+05:45,50ms_1pct,measure,mldsa,X25519,272.464,1,X25519,mldsa65,0,14793,290,0,-provider_default
50ms_1pct-67,2026-09-24T22:46:58+05:45,50ms_1pct,measure,ecdsa,SecP256r1MLKEM768,201.175,1,SecP256r1MLKEM768,ecdsa_secp256r1_sha256,0,2426,1499,0,-provider_default
50ms_1pct-68,2026-09-24T22:46:58+05:45,50ms_1pct,measure,ecdsa,X25519,237.474,1,X25519,ecdsa_secp256r1_sha256,0,1305,290,0,-provider_default
50ms_1pct-69,2026-09-24T22:46:59+05:45,50ms_1pct,measure,mldsa,X25519,248.138,1,X25519,mldsa65,0,14793,290,0,-provider_default
50ms_1pct-70,2026-09-24T22:46:59+05:45,50ms_1pct,measure,mldsa,X25519MLKEM768,233.095,1,X25519MLKEM768,mldsa65,0,15867,1466,0,-provider_default
50ms_1pct-71,2026-09-24T22:46:59+05:45,50ms_1pct,measure,mldsa,X25519,267.512,1,X25519,mldsa65,0,14793,290,0,-provider_default
50ms_1pct-72,2026-09-24T22:47:00+05:45,50ms_1pct,measure,mldsa,P-256,452.774,1,prime256v1,mldsa65,0,14826,323,0,-provider_default
50ms_1pct-73,2026-09-24T22:47:01+05:45,50ms_1pct,measure,mldsa,P-256,1057.979,1,prime256v1,mldsa65,0,14826,323,0,-provider_default
50ms_1pct-74,2026-09-24T22:47:02+05:45,50ms_1pct,measure,mldsa,P-256,701.971,1,prime256v1,mldsa65,0,14826,323,0,-provider_default
50ms_1pct-75,2026-09-24T22:47:02+05:45,50ms_1pct,measure,mldsa,X25519,297.887,1,X25519,mldsa65,0,14793,290,0,-provider_default
50ms_1pct-76,2026-09-24T22:47:03+05:45,50ms_1pct,measure,ecdsa,P-256,724.759,1,prime256v1,ecdsa_secp256r1_sha256,0,1340,323,0,-provider_default
50ms_1pct-77,2026-09-24T22:47:04+05:45,50ms_1pct,measure,ecdsa,X25519MLKEM768,647.824,1,X25519MLKEM768,ecdsa_secp256r1_sha256,0,2379,1466,0,-provider_default
50ms_1pct-78,2026-09-24T22:47:04+05:45,50ms_1pct,measure,mldsa,P-256,442.577,1,prime256v1,mldsa65,0,14826,323,0,-provider_default
50ms_1pct-79,2026-09-24T22:47:04+05:45,50ms_1pct,measure,mldsa,P-256,263.738,1,prime256v1,mldsa65,0,14826,323,0,-provider_default
50ms_1pct-80,2026-09-24T22:47:05+05:45,50ms_1pct,measure,ecdsa,P-256,210.323,1,prime256v1,ecdsa_secp256r1_sha256,0,1338,323,0,-provider_default
50ms_1pct-81,2026-09-24T22:47:05+05:45,50ms_1pct,measure,mldsa,SecP256r1MLKEM768,565.755,1,SecP256r1MLKEM768,mldsa65,0,15914,1499,0,-provider_default
50ms_1pct-82,2026-09-24T22:47:06+05:45,50ms_1pct,measure,ecdsa,SecP256r1MLKEM768,267.234,1,SecP256r1MLKEM768,ecdsa_secp256r1_sha256,0,2427,1499,0,-provider_default
50ms_1pct-83,2026-09-24T22:47:06+05:45,50ms_1pct,measure,mldsa,X25519,577.732,1,X25519,mldsa65,0,14793,290,0,-provider_default
50ms_1pct-84,2026-09-24T22:47:07+05:45,50ms_1pct,measure,ecdsa,SecP256r1MLKEM768,295.229,1,SecP256r1MLKEM768,ecdsa_secp256r1_sha256,0,2428,1499,0,-provider_default
50ms_1pct-85,2026-09-24T22:47:07+05:45,50ms_1pct,measure,mldsa,X25519,224.254,1,X25519,mldsa65,0,14793,290,0,-provider_default
50ms_1pct-86,2026-09-24T22:47:08+05:45,50ms_1pct,measure,ecdsa,X25519MLKEM768,901.921,1,X25519MLKEM768,ecdsa_secp256r1_sha256,0,2379,1466,0,-provider_default
50ms_1pct-87,2026-09-24T22:47:08+05:45,50ms_1pct,measure,ecdsa,P-256,245.531,1,prime256v1,ecdsa_secp256r1_sha256,0,1338,323,0,-provider_default
50ms_1pct-88,2026-09-24T22:47:09+05:45,50ms_1pct,measure,mldsa,X25519MLKEM768,331.849,1,X25519MLKEM768,mldsa65,0,15867,1466,0,-provider_default
50ms_1pct-89,2026-09-24T22:47:09+05:45,50ms_1pct,measure,ecdsa,X25519,264.004,1,X25519,ecdsa_secp256r1_sha256,0,1305,290,0,-provider_default
50ms_1pct-90,2026-09-24T22:47:09+05:45,50ms_1pct,measure,ecdsa,P-256,290.309,1,prime256v1,ecdsa_secp256r1_sha256,0,1339,323,0,-provider_default
50ms_1pct-91,2026-09-24T22:47:10+05:45,50ms_1pct,measure,mldsa,X25519,287.151,1,X25519,mldsa65,0,14793,290,0,-provider_default
50ms_1pct-92,2026-09-24T22:47:10+05:45,50ms_1pct,measure,mldsa,X25519,344.559,1,X25519,mldsa65,0,14793,290,0,-provider_default
50ms_1pct-93,2026-09-24T22:47:10+05:45,50ms_1pct,measure,mldsa,SecP256r1MLKEM768,290.540,1,SecP256r1MLKEM768,mldsa65,0,15914,1499,0,-provider_default
50ms_1pct-94,2026-09-24T22:47:11+05:45,50ms_1pct,measure,mldsa,X25519MLKEM768,577.535,1,X25519MLKEM768,mldsa65,0,15867,1466,0,-provider_default
50ms_1pct-95,2026-09-24T22:47:12+05:45,50ms_1pct,measure,mldsa,X25519,1362.486,1,X25519,mldsa65,0,14793,290,1,-provider_default
50ms_1pct-96,2026-09-24T22:47:13+05:45,50ms_1pct,measure,ecdsa,X25519MLKEM768,754.076,1,X25519MLKEM768,ecdsa_secp256r1_sha256,0,2380,1466,0,-provider_default
50ms_1pct-97,2026-09-24T22:47:14+05:45,50ms_1pct,measure,ecdsa,X25519MLKEM768,190.187,1,X25519MLKEM768,ecdsa_secp256r1_sha256,0,2381,1466,0,-provider_default
50ms_1pct-98,2026-09-24T22:47:14+05:45,50ms_1pct,measure,mldsa,X25519,807.661,1,X25519,mldsa65,0,14793,290,0,-provider_default
50ms_1pct-99,2026-09-24T22:47:15+05:45,50ms_1pct,measure,ecdsa,X25519,442.765,1,X25519,ecdsa_secp256r1_sha256,0,1306,290,0,-provider_default
50ms_1pct-100,2026-09-24T22:47:15+05:45,50ms_1pct,measure,mldsa,P-256,307.164,1,prime256v1,mldsa65,0,14826,323,0,-provider_default
50ms_1pct-101,2026-09-24T22:47:16+05:45,50ms_1pct,measure,mldsa,P-256,351.336,1,prime256v1,mldsa65,0,14826,323,0,-provider_default
50ms_1pct-102,2026-09-24T22:47:16+05:45,50ms_1pct,measure,ecdsa,SecP256r1MLKEM768,182.639,1,SecP256r1MLKEM768,ecdsa_secp256r1_sha256,0,2428,1499,0,-provider_default
50ms_1pct-103,2026-09-24T22:47:16+05:45,50ms_1pct,measure,ecdsa,P-256,395.186,1,prime256v1,ecdsa_secp256r1_sha256,0,1339,323,0,-provider_default
50ms_1pct-104,2026-09-24T22:47:17+05:45,50ms_1pct,measure,ecdsa,X25519MLKEM768,389.623,1,X25519MLKEM768,ecdsa_secp256r1_sha256,0,2379,1466,0,-provider_default
50ms_1pct-105,2026-09-24T22:47:17+05:45,50ms_1pct,measure,mldsa,SecP256r1MLKEM768,343.090,1,SecP256r1MLKEM768,mldsa65,0,15914,1499,0,-provider_default
50ms_1pct-106,2026-09-24T22:47:18+05:45,50ms_1pct,measure,mldsa,X25519,238.181,1,X25519,mldsa65,0,14793,290,0,-provider_default
50ms_1pct-107,2026-09-24T22:47:18+05:45,50ms_1pct,measure,ecdsa,P-256,337.034,1,prime256v1,ecdsa_secp256r1_sha256,0,1338,323,0,-provider_default
50ms_1pct-108,2026-09-24T22:47:18+05:45,50ms_1pct,measure,mldsa,X25519,258.558,1,X25519,mldsa65,0,14793,290,0,-provider_default
50ms_1pct-109,2026-09-24T22:47:19+05:45,50ms_1pct,measure,mldsa,X25519MLKEM768,302.282,1,X25519MLKEM768,mldsa65,0,15867,1466,0,-provider_default
50ms_1pct-110,2026-09-24T22:47:19+05:45,50ms_1pct,measure,ecdsa,X25519MLKEM768,263.672,1,X25519MLKEM768,ecdsa_secp256r1_sha256,0,2380,1466,0,-provider_default
50ms_1pct-111,2026-09-24T22:47:21+05:45,50ms_1pct,measure,ecdsa,SecP256r1MLKEM768,1492.257,1,SecP256r1MLKEM768,ecdsa_secp256r1_sha256,0,2427,1499,1,-provider_default
50ms_1pct-112,2026-09-24T22:47:21+05:45,50ms_1pct,measure,mldsa,X25519,341.765,1,X25519,mldsa65,0,14793,290,0,-provider_default
50ms_1pct-113,2026-09-24T22:47:21+05:45,50ms_1pct,measure,ecdsa,SecP256r1MLKEM768,189.384,1,SecP256r1MLKEM768,ecdsa_secp256r1_sha256,0,2427,1499,0,-provider_default
50ms_1pct-114,2026-09-24T22:47:21+05:45,50ms_1pct,measure,ecdsa,P-256,175.838,1,prime256v1,ecdsa_secp256r1_sha256,0,1338,323,0,-provider_default
50ms_1pct-115,2026-09-24T22:47:22+05:45,50ms_1pct,measure,mldsa,X25519MLKEM768,563.466,1,X25519MLKEM768,mldsa65,0,15867,1466,0,-provider_default
50ms_1pct-116,2026-09-24T22:47:23+05:45,50ms_1pct,measure,ecdsa,P-256,525.313,1,prime256v1,ecdsa_secp256r1_sha256,0,1339,323,0,-provider_default
50ms_1pct-117,2026-09-24T22:47:23+05:45,50ms_1pct,measure,mldsa,P-256,295.150,1,prime256v1,mldsa65,0,14826,323,0,-provider_default
50ms_1pct-118,2026-09-24T22:47:23+05:45,50ms_1pct,measure,ecdsa,X25519,337.234,1,X25519,ecdsa_secp256r1_sha256,0,1305,290,0,-provider_default
50ms_1pct-119,2026-09-24T22:47:24+05:45,50ms_1pct,measure,mldsa,X25519,294.006,1,X25519,mldsa65,0,14793,290,0,-provider_default
50ms_1pct-120,2026-09-24T22:47:24+05:45,50ms_1pct,measure,mldsa,P-256,292.385,1,prime256v1,mldsa65,0,14826,323,0,-provider_default
50ms_1pct-121,2026-09-24T22:47:25+05:45,50ms_1pct,measure,mldsa,X25519,312.026,1,X25519,mldsa65,0,14793,290,0,-provider_default
50ms_1pct-122,2026-09-24T22:47:25+05:45,50ms_1pct,measure,mldsa,SecP256r1MLKEM768,268.793,1,SecP256r1MLKEM768,mldsa65,0,15914,1499,0,-provider_default
50ms_1pct-123,2026-09-24T22:47:25+05:45,50ms_1pct,measure,mldsa,X25519MLKEM768,347.900,1,X25519MLKEM768,mldsa65,0,15867,1466,0,-provider_default
50ms_1pct-124,2026-09-24T22:47:26+05:45,50ms_1pct,measure,mldsa,P-256,374.936,1,prime256v1,mldsa65,0,14826,323,0,-provider_default
50ms_1pct-125,2026-09-24T22:47:26+05:45,50ms_1pct,measure,mldsa,X25519MLKEM768,242.129,1,X25519MLKEM768,mldsa65,0,15867,1466,0,-provider_default
50ms_1pct-126,2026-09-24T22:47:27+05:45,50ms_1pct,measure,ecdsa,SecP256r1MLKEM768,351.594,1,SecP256r1MLKEM768,ecdsa_secp256r1_sha256,0,2427,1499,0,-provider_default
50ms_1pct-127,2026-09-24T22:47:27+05:45,50ms_1pct,measure,mldsa,SecP256r1MLKEM768,273.003,1,SecP256r1MLKEM768,mldsa65,0,15914,1499,0,-provider_default
50ms_1pct-128,2026-09-24T22:47:27+05:45,50ms_1pct,measure,mldsa,X25519MLKEM768,363.206,1,X25519MLKEM768,mldsa65,0,15867,1466,1,-provider_default
50ms_1pct-129,2026-09-24T22:47:28+05:45,50ms_1pct,measure,mldsa,X25519MLKEM768,297.038,1,X25519MLKEM768,mldsa65,0,15867,1466,0,-provider_default
50ms_1pct-130,2026-09-24T22:47:28+05:45,50ms_1pct,measure,ecdsa,P-256,269.811,1,prime256v1,ecdsa_secp256r1_sha256,0,1339,323,0,-provider_default
50ms_1pct-131,2026-09-24T22:47:28+05:45,50ms_1pct,measure,mldsa,X25519,278.724,1,X25519,mldsa65,0,14793,290,0,-provider_default
50ms_1pct-132,2026-09-24T22:47:29+05:45,50ms_1pct,measure,mldsa,X25519MLKEM768,236.679,1,X25519MLKEM768,mldsa65,0,15867,1466,0,-provider_default
50ms_1pct-133,2026-09-24T22:47:29+05:45,50ms_1pct,measure,ecdsa,X25519,287.634,1,X25519,ecdsa_secp256r1_sha256,0,1307,290,0,-provider_default
50ms_1pct-134,2026-09-24T22:47:30+05:45,50ms_1pct,measure,mldsa,X25519,518.091,1,X25519,mldsa65,0,14793,290,2,-provider_default
50ms_1pct-135,2026-09-24T22:47:30+05:45,50ms_1pct,measure,mldsa,SecP256r1MLKEM768,309.202,1,SecP256r1MLKEM768,mldsa65,0,15914,1499,1,-provider_default
50ms_1pct-136,2026-09-24T22:47:30+05:45,50ms_1pct,measure,mldsa,X25519MLKEM768,231.006,1,X25519MLKEM768,mldsa65,0,15867,1466,0,-provider_default
50ms_1pct-137,2026-09-24T22:47:31+05:45,50ms_1pct,measure,mldsa,X25519MLKEM768,522.839,1,X25519MLKEM768,mldsa65,0,15867,1466,0,-provider_default
50ms_1pct-138,2026-09-24T22:47:31+05:45,50ms_1pct,measure,mldsa,SecP256r1MLKEM768,312.004,1,SecP256r1MLKEM768,mldsa65,0,15914,1499,0,-provider_default
50ms_1pct-139,2026-09-24T22:47:32+05:45,50ms_1pct,measure,mldsa,X25519,248.742,1,X25519,mldsa65,0,14793,290,0,-provider_default
50ms_1pct-140,2026-09-24T22:47:32+05:45,50ms_1pct,measure,mldsa,SecP256r1MLKEM768,265.951,1,SecP256r1MLKEM768,mldsa65,0,15914,1499,0,-provider_default
50ms_1pct-141,2026-09-24T22:47:32+05:45,50ms_1pct,measure,mldsa,P-256,320.813,1,prime256v1,mldsa65,0,14826,323,0,-provider_default
50ms_1pct-142,2026-09-24T22:47:33+05:45,50ms_1pct,measure,mldsa,X25519MLKEM768,449.907,1,X25519MLKEM768,mldsa65,0,15867,1466,0,-provider_default
50ms_1pct-143,2026-09-24T22:47:33+05:45,50ms_1pct,measure,ecdsa,P-256,255.998,1,prime256v1,ecdsa_secp256r1_sha256,0,1340,323,0,-provider_default
50ms_1pct-144,2026-09-24T22:47:34+05:45,50ms_1pct,measure,ecdsa,X25519MLKEM768,290.617,1,X25519MLKEM768,ecdsa_secp256r1_sha256,0,2380,1466,0,-provider_default
50ms_1pct-145,2026-09-24T22:47:34+05:45,50ms_1pct,measure,mldsa,X25519,305.252,1,X25519,mldsa65,0,14793,290,0,-provider_default
50ms_1pct-146,2026-09-24T22:47:34+05:45,50ms_1pct,measure,ecdsa,X25519MLKEM768,226.209,1,X25519MLKEM768,ecdsa_secp256r1_sha256,0,2381,1466,0,-provider_default
50ms_1pct-147,2026-09-24T22:47:35+05:45,50ms_1pct,measure,mldsa,P-256,326.628,1,prime256v1,mldsa65,0,14826,323,0,-provider_default
50ms_1pct-148,2026-09-24T22:47:35+05:45,50ms_1pct,measure,ecdsa,SecP256r1MLKEM768,187.680,1,SecP256r1MLKEM768,ecdsa_secp256r1_sha256,0,2426,1499,0,-provider_default
50ms_1pct-149,2026-09-24T22:47:35+05:45,50ms_1pct,measure,ecdsa,SecP256r1MLKEM768,259.486,1,SecP256r1MLKEM768,ecdsa_secp256r1_sha256,0,2428,1499,0,-provider_default
50ms_1pct-150,2026-09-24T22:47:36+05:45,50ms_1pct,measure,ecdsa,X25519,226.748,1,X25519,ecdsa_secp256r1_sha256,0,1305,290,0,-provider_default
50ms_1pct-151,2026-09-24T22:47:36+05:45,50ms_1pct,measure,mldsa,SecP256r1MLKEM768,341.613,1,SecP256r1MLKEM768,mldsa65,0,15914,1499,0,-provider_default
50ms_1pct-152,2026-09-24T22:47:36+05:45,50ms_1pct,measure,mldsa,SecP256r1MLKEM768,225.632,1,SecP256r1MLKEM768,mldsa65,0,15914,1499,0,-provider_default
50ms_1pct-153,2026-09-24T22:47:36+05:45,50ms_1pct,measure,ecdsa,X25519MLKEM768,187.323,1,X25519MLKEM768,ecdsa_secp256r1_sha256,0,2381,1466,0,-provider_default
50ms_1pct-154,2026-09-24T22:47:37+05:45,50ms_1pct,measure,ecdsa,X25519MLKEM768,197.538,1,X25519MLKEM768,ecdsa_secp256r1_sha256,0,2379,1466,0,-provider_default
50ms_1pct-155,2026-09-24T22:47:37+05:45,50ms_1pct,measure,mldsa,X25519MLKEM768,254.368,1,X25519MLKEM768,mldsa65,0,15867,1466,0,-provider_default
50ms_1pct-156,2026-09-24T22:47:37+05:45,50ms_1pct,measure,mldsa,P-256,334.384,1,prime256v1,mldsa65,0,14826,323,0,-provider_default
50ms_1pct-157,2026-09-24T22:47:38+05:45,50ms_1pct,measure,ecdsa,X25519,242.420,1,X25519,ecdsa_secp256r1_sha256,0,1306,290,0,-provider_default
50ms_1pct-158,2026-09-24T22:47:38+05:45,50ms_1pct,measure,mldsa,X25519MLKEM768,508.523,1,X25519MLKEM768,mldsa65,0,15867,1466,0,-provider_default
50ms_1pct-159,2026-09-24T22:47:39+05:45,50ms_1pct,measure,ecdsa,X25519MLKEM768,185.317,1,X25519MLKEM768,ecdsa_secp256r1_sha256,0,2380,1466,0,-provider_default
50ms_1pct-160,2026-09-24T22:47:39+05:45,50ms_1pct,measure,ecdsa,SecP256r1MLKEM768,324.910,1,SecP256r1MLKEM768,ecdsa_secp256r1_sha256,0,2428,1499,0,-provider_default
50ms_1pct-161,2026-09-24T22:47:39+05:45,50ms_1pct,measure,ecdsa,X25519MLKEM768,196.196,1,X25519MLKEM768,ecdsa_secp256r1_sha256,0,2380,1466,0,-provider_default
50ms_1pct-162,2026-09-24T22:47:40+05:45,50ms_1pct,measure,mldsa,SecP256r1MLKEM768,237.534,1,SecP256r1MLKEM768,mldsa65,0,15914,1499,0,-provider_default
50ms_1pct-163,2026-09-24T22:47:40+05:45,50ms_1pct,measure,mldsa,P-256,336.882,1,prime256v1,mldsa65,0,14826,323,0,-provider_default
50ms_1pct-164,2026-09-24T22:47:41+05:45,50ms_1pct,measure,ecdsa,X25519,585.158,1,X25519,ecdsa_secp256r1_sha256,0,1305,290,0,-provider_default
50ms_1pct-165,2026-09-24T22:47:41+05:45,50ms_1pct,measure,ecdsa,P-256,411.529,1,prime256v1,ecdsa_secp256r1_sha256,0,1340,323,0,-provider_default
50ms_1pct-166,2026-09-24T22:47:41+05:45,50ms_1pct,measure,mldsa,X25519,295.897,1,X25519,mldsa65,0,14793,290,0,-provider_default
50ms_1pct-167,2026-09-24T22:47:42+05:45,50ms_1pct,measure,ecdsa,X25519MLKEM768,210.095,1,X25519MLKEM768,ecdsa_secp256r1_sha256,0,2379,1466,0,-provider_default
50ms_1pct-168,2026-09-24T22:47:42+05:45,50ms_1pct,measure,mldsa,X25519MLKEM768,319.534,1,X25519MLKEM768,mldsa65,0,15867,1466,0,-provider_default
50ms_1pct-169,2026-09-24T22:47:43+05:45,50ms_1pct,measure,mldsa,P-256,460.365,1,prime256v1,mldsa65,0,14826,323,0,-provider_default
50ms_1pct-170,2026-09-24T22:47:43+05:45,50ms_1pct,measure,ecdsa,X25519,271.729,1,X25519,ecdsa_secp256r1_sha256,0,1306,290,0,-provider_default
50ms_1pct-171,2026-09-24T22:47:43+05:45,50ms_1pct,measure,mldsa,X25519MLKEM768,337.349,1,X25519MLKEM768,mldsa65,0,15867,1466,0,-provider_default
50ms_1pct-172,2026-09-24T22:47:44+05:45,50ms_1pct,measure,mldsa,SecP256r1MLKEM768,428.020,1,SecP256r1MLKEM768,mldsa65,0,15914,1499,0,-provider_default
50ms_1pct-173,2026-09-24T22:47:44+05:45,50ms_1pct,measure,mldsa,SecP256r1MLKEM768,302.288,1,SecP256r1MLKEM768,mldsa65,0,15914,1499,0,-provider_default
50ms_1pct-174,2026-09-24T22:47:45+05:45,50ms_1pct,measure,ecdsa,SecP256r1MLKEM768,212.724,1,SecP256r1MLKEM768,ecdsa_secp256r1_sha256,0,2427,1499,0,-provider_default
50ms_1pct-175,2026-09-24T22:47:45+05:45,50ms_1pct,measure,ecdsa,SecP256r1MLKEM768,187.409,1,SecP256r1MLKEM768,ecdsa_secp256r1_sha256,0,2426,1499,0,-provider_default
50ms_1pct-176,2026-09-24T22:47:45+05:45,50ms_1pct,measure,mldsa,X25519MLKEM768,232.681,1,X25519MLKEM768,mldsa65,0,15867,1466,0,-provider_default
50ms_1pct-177,2026-09-24T22:47:45+05:45,50ms_1pct,measure,mldsa,SecP256r1MLKEM768,316.015,1,SecP256r1MLKEM768,mldsa65,0,15914,1499,0,-provider_default
50ms_1pct-178,2026-09-24T22:47:46+05:45,50ms_1pct,measure,mldsa,SecP256r1MLKEM768,241.661,1,SecP256r1MLKEM768,mldsa65,0,15914,1499,0,-provider_default
50ms_1pct-179,2026-09-24T22:47:46+05:45,50ms_1pct,measure,ecdsa,P-256,245.849,1,prime256v1,ecdsa_secp256r1_sha256,0,1339,323,1,-provider_default
50ms_1pct-180,2026-09-24T22:47:46+05:45,50ms_1pct,measure,ecdsa,X25519MLKEM768,286.679,1,X25519MLKEM768,ecdsa_secp256r1_sha256,0,2379,1466,0,-provider_default
50ms_1pct-181,2026-09-24T22:47:47+05:45,50ms_1pct,measure,ecdsa,SecP256r1MLKEM768,190.308,1,SecP256r1MLKEM768,ecdsa_secp256r1_sha256,0,2427,1499,0,-provider_default
50ms_1pct-182,2026-09-24T22:47:47+05:45,50ms_1pct,measure,ecdsa,SecP256r1MLKEM768,206.034,1,SecP256r1MLKEM768,ecdsa_secp256r1_sha256,0,2427,1499,0,-provider_default
50ms_1pct-183,2026-09-24T22:47:47+05:45,50ms_1pct,measure,mldsa,SecP256r1MLKEM768,330.933,1,SecP256r1MLKEM768,mldsa65,0,15914,1499,0,-provider_default
50ms_1pct-184,2026-09-24T22:47:48+05:45,50ms_1pct,measure,mldsa,X25519,325.214,1,X25519,mldsa65,0,14793,290,0,-provider_default
50ms_1pct-185,2026-09-24T22:47:49+05:45,50ms_1pct,measure,mldsa,X25519MLKEM768,676.110,1,X25519MLKEM768,mldsa65,0,15867,1466,0,-provider_default
50ms_1pct-186,2026-09-24T22:47:49+05:45,50ms_1pct,measure,ecdsa,SecP256r1MLKEM768,228.652,1,SecP256r1MLKEM768,ecdsa_secp256r1_sha256,0,2427,1499,0,-provider_default
50ms_1pct-187,2026-09-24T22:47:49+05:45,50ms_1pct,measure,ecdsa,SecP256r1MLKEM768,214.071,1,SecP256r1MLKEM768,ecdsa_secp256r1_sha256,0,2427,1499,0,-provider_default
50ms_1pct-188,2026-09-24T22:47:49+05:45,50ms_1pct,measure,ecdsa,X25519MLKEM768,273.761,1,X25519MLKEM768,ecdsa_secp256r1_sha256,0,2379,1466,0,-provider_default
50ms_1pct-189,2026-09-24T22:47:50+05:45,50ms_1pct,measure,ecdsa,X25519MLKEM768,350.341,1,X25519MLKEM768,ecdsa_secp256r1_sha256,0,2379,1466,0,-provider_default
50ms_1pct-190,2026-09-24T22:47:50+05:45,50ms_1pct,measure,mldsa,X25519,244.161,1,X25519,mldsa65,0,14793,290,0,-provider_default
50ms_1pct-191,2026-09-24T22:47:51+05:45,50ms_1pct,measure,ecdsa,SecP256r1MLKEM768,389.309,1,SecP256r1MLKEM768,ecdsa_secp256r1_sha256,0,2427,1499,0,-provider_default
50ms_1pct-192,2026-09-24T22:47:51+05:45,50ms_1pct,measure,ecdsa,SecP256r1MLKEM768,228.643,1,SecP256r1MLKEM768,ecdsa_secp256r1_sha256,0,2428,1499,0,-provider_default
50ms_1pct-193,2026-09-24T22:47:51+05:45,50ms_1pct,measure,mldsa,SecP256r1MLKEM768,355.708,1,SecP256r1MLKEM768,mldsa65,0,15914,1499,1,-provider_default
50ms_1pct-194,2026-09-24T22:47:52+05:45,50ms_1pct,measure,mldsa,X25519MLKEM768,548.060,1,X25519MLKEM768,mldsa65,0,15867,1466,1,-provider_default
50ms_1pct-195,2026-09-24T22:47:52+05:45,50ms_1pct,measure,ecdsa,P-256,240.779,1,prime256v1,ecdsa_secp256r1_sha256,0,1338,323,0,-provider_default
50ms_1pct-196,2026-09-24T22:47:53+05:45,50ms_1pct,measure,ecdsa,P-256,187.971,1,prime256v1,ecdsa_secp256r1_sha256,0,1340,323,0,-provider_default
50ms_1pct-197,2026-09-24T22:47:53+05:45,50ms_1pct,measure,ecdsa,X25519MLKEM768,839.126,1,X25519MLKEM768,ecdsa_secp256r1_sha256,0,2381,1466,0,-provider_default
50ms_1pct-198,2026-09-24T22:47:54+05:45,50ms_1pct,measure,mldsa,X25519,343.961,1,X25519,mldsa65,0,14793,290,0,-provider_default
50ms_1pct-199,2026-09-24T22:47:54+05:45,50ms_1pct,measure,mldsa,SecP256r1MLKEM768,422.239,1,SecP256r1MLKEM768,mldsa65,0,15914,1499,0,-provider_default
50ms_1pct-200,2026-09-24T22:47:55+05:45,50ms_1pct,measure,ecdsa,SecP256r1MLKEM768,176.395,1,SecP256r1MLKEM768,ecdsa_secp256r1_sha256,0,2426,1499,0,-provider_default
50ms_1pct-201,2026-09-24T22:47:55+05:45,50ms_1pct,measure,mldsa,P-256,271.425,1,prime256v1,mldsa65,0,14826,323,0,-provider_default
50ms_1pct-202,2026-09-24T22:47:55+05:45,50ms_1pct,measure,ecdsa,X25519,206.513,1,X25519,ecdsa_secp256r1_sha256,0,1305,290,0,-provider_default
50ms_1pct-203,2026-09-24T22:47:56+05:45,50ms_1pct,measure,ecdsa,P-256,226.346,1,prime256v1,ecdsa_secp256r1_sha256,0,1340,323,0,-provider_default
50ms_1pct-204,2026-09-24T22:47:56+05:45,50ms_1pct,measure,mldsa,P-256,293.186,1,prime256v1,mldsa65,0,14826,323,0,-provider_default
50ms_1pct-205,2026-09-24T22:47:56+05:45,50ms_1pct,measure,mldsa,X25519MLKEM768,280.114,1,X25519MLKEM768,mldsa65,0,15867,1466,0,-provider_default
50ms_1pct-206,2026-09-24T22:47:57+05:45,50ms_1pct,measure,ecdsa,X25519,334.409,1,X25519,ecdsa_secp256r1_sha256,0,1305,290,0,-provider_default
50ms_1pct-207,2026-09-24T22:47:57+05:45,50ms_1pct,measure,mldsa,X25519MLKEM768,376.932,1,X25519MLKEM768,mldsa65,0,15867,1466,0,-provider_default
50ms_1pct-208,2026-09-24T22:47:57+05:45,50ms_1pct,measure,ecdsa,P-256,213.129,1,prime256v1,ecdsa_secp256r1_sha256,0,1338,323,0,-provider_default
50ms_1pct-209,2026-09-24T22:47:58+05:45,50ms_1pct,measure,mldsa,X25519,529.567,1,X25519,mldsa65,0,14793,290,1,-provider_default
50ms_1pct-210,2026-09-24T22:47:58+05:45,50ms_1pct,measure,ecdsa,X25519,199.309,1,X25519,ecdsa_secp256r1_sha256,0,1306,290,0,-provider_default
50ms_1pct-211,2026-09-24T22:47:58+05:45,50ms_1pct,measure,ecdsa,X25519MLKEM768,185.242,1,X25519MLKEM768,ecdsa_secp256r1_sha256,0,2381,1466,0,-provider_default
50ms_1pct-212,2026-09-24T22:47:59+05:45,50ms_1pct,measure,mldsa,P-256,330.332,1,prime256v1,mldsa65,0,14826,323,0,-provider_default
50ms_1pct-213,2026-09-24T22:47:59+05:45,50ms_1pct,measure,ecdsa,P-256,290.477,1,prime256v1,ecdsa_secp256r1_sha256,0,1339,323,0,-provider_default
50ms_1pct-214,2026-09-24T22:48:00+05:45,50ms_1pct,measure,ecdsa,P-256,188.865,1,prime256v1,ecdsa_secp256r1_sha256,0,1340,323,0,-provider_default
50ms_1pct-215,2026-09-24T22:48:00+05:45,50ms_1pct,measure,ecdsa,SecP256r1MLKEM768,229.360,1,SecP256r1MLKEM768,ecdsa_secp256r1_sha256,0,2427,1499,0,-provider_default
50ms_1pct-216,2026-09-24T22:48:00+05:45,50ms_1pct,measure,ecdsa,P-256,194.335,1,prime256v1,ecdsa_secp256r1_sha256,0,1339,323,0,-provider_default
50ms_1pct-217,2026-09-24T22:48:00+05:45,50ms_1pct,measure,ecdsa,X25519MLKEM768,215.394,1,X25519MLKEM768,ecdsa_secp256r1_sha256,0,2379,1466,0,-provider_default
50ms_1pct-218,2026-09-24T22:48:01+05:45,50ms_1pct,measure,mldsa,P-256,672.272,1,prime256v1,mldsa65,0,14826,323,0,-provider_default
50ms_1pct-219,2026-09-24T22:48:01+05:45,50ms_1pct,measure,mldsa,X25519MLKEM768,241.939,1,X25519MLKEM768,mldsa65,0,15867,1466,0,-provider_default
50ms_1pct-220,2026-09-24T22:48:02+05:45,50ms_1pct,measure,ecdsa,P-256,273.676,1,prime256v1,ecdsa_secp256r1_sha256,0,1340,323,0,-provider_default
50ms_1pct-221,2026-09-24T22:48:02+05:45,50ms_1pct,measure,mldsa,P-256,242.043,1,prime256v1,mldsa65,0,14826,323,0,-provider_default
50ms_1pct-222,2026-09-24T22:48:02+05:45,50ms_1pct,measure,mldsa,X25519,316.896,1,X25519,mldsa65,0,14793,290,1,-provider_default
50ms_1pct-223,2026-09-24T22:48:03+05:45,50ms_1pct,measure,mldsa,X25519,248.366,1,X25519,mldsa65,0,14793,290,0,-provider_default
50ms_1pct-224,2026-09-24T22:48:03+05:45,50ms_1pct,measure,mldsa,X25519MLKEM768,361.194,1,X25519MLKEM768,mldsa65,0,15867,1466,0,-provider_default
50ms_1pct-225,2026-09-24T22:48:04+05:45,50ms_1pct,measure,mldsa,SecP256r1MLKEM768,368.281,1,SecP256r1MLKEM768,mldsa65,0,15914,1499,0,-provider_default
50ms_1pct-226,2026-09-24T22:48:04+05:45,50ms_1pct,measure,ecdsa,P-256,189.999,1,prime256v1,ecdsa_secp256r1_sha256,0,1339,323,0,-provider_default
50ms_1pct-227,2026-09-24T22:48:04+05:45,50ms_1pct,measure,mldsa,P-256,417.232,1,prime256v1,mldsa65,0,14826,323,0,-provider_default
50ms_1pct-228,2026-09-24T22:48:06+05:45,50ms_1pct,measure,ecdsa,SecP256r1MLKEM768,1248.792,1,SecP256r1MLKEM768,ecdsa_secp256r1_sha256,0,2427,1499,1,-provider_default
50ms_1pct-229,2026-09-24T22:48:06+05:45,50ms_1pct,measure,mldsa,X25519MLKEM768,234.403,1,X25519MLKEM768,mldsa65,0,15867,1466,0,-provider_default
50ms_1pct-230,2026-09-24T22:48:06+05:45,50ms_1pct,measure,ecdsa,X25519MLKEM768,292.356,1,X25519MLKEM768,ecdsa_secp256r1_sha256,0,2379,1466,0,-provider_default
50ms_1pct-231,2026-09-24T22:48:07+05:45,50ms_1pct,measure,ecdsa,P-256,240.327,1,prime256v1,ecdsa_secp256r1_sha256,0,1338,323,0,-provider_default
50ms_1pct-232,2026-09-24T22:48:07+05:45,50ms_1pct,measure,mldsa,X25519MLKEM768,412.906,1,X25519MLKEM768,mldsa65,0,15867,1466,1,-provider_default
50ms_1pct-233,2026-09-24T22:48:08+05:45,50ms_1pct,measure,mldsa,X25519MLKEM768,292.933,1,X25519MLKEM768,mldsa65,0,15867,1466,0,-provider_default
50ms_1pct-234,2026-09-24T22:48:08+05:45,50ms_1pct,measure,mldsa,SecP256r1MLKEM768,327.534,1,SecP256r1MLKEM768,mldsa65,0,15914,1499,0,-provider_default
50ms_1pct-235,2026-09-24T22:48:08+05:45,50ms_1pct,measure,mldsa,SecP256r1MLKEM768,390.393,1,SecP256r1MLKEM768,mldsa65,0,15914,1499,0,-provider_default
50ms_1pct-236,2026-09-24T22:48:09+05:45,50ms_1pct,measure,mldsa,X25519MLKEM768,311.839,1,X25519MLKEM768,mldsa65,0,15867,1466,0,-provider_default
50ms_1pct-237,2026-09-24T22:48:11+05:45,50ms_1pct,measure,mldsa,SecP256r1MLKEM768,1996.218,1,SecP256r1MLKEM768,mldsa65,0,15914,1499,1,-provider_default
50ms_1pct-238,2026-09-24T22:48:11+05:45,50ms_1pct,measure,mldsa,SecP256r1MLKEM768,270.672,1,SecP256r1MLKEM768,mldsa65,0,15914,1499,0,-provider_default
50ms_1pct-239,2026-09-24T22:48:12+05:45,50ms_1pct,measure,ecdsa,P-256,205.141,1,prime256v1,ecdsa_secp256r1_sha256,0,1338,323,0,-provider_default
50ms_1pct-240,2026-09-24T22:48:13+05:45,50ms_1pct,measure,ecdsa,X25519,1450.888,1,X25519,ecdsa_secp256r1_sha256,0,1306,290,2,-provider_default
50ms_1pct-241,2026-09-24T22:48:13+05:45,50ms_1pct,measure,ecdsa,X25519,237.723,1,X25519,ecdsa_secp256r1_sha256,0,1305,290,0,-provider_default
50ms_1pct-242,2026-09-24T22:48:14+05:45,50ms_1pct,measure,ecdsa,X25519MLKEM768,200.458,1,X25519MLKEM768,ecdsa_secp256r1_sha256,0,2380,1466,0,-provider_default
50ms_1pct-243,2026-09-24T22:48:14+05:45,50ms_1pct,measure,mldsa,X25519,242.102,1,X25519,mldsa65,0,14793,290,0,-provider_default
50ms_1pct-244,2026-09-24T22:48:14+05:45,50ms_1pct,measure,ecdsa,SecP256r1MLKEM768,254.722,1,SecP256r1MLKEM768,ecdsa_secp256r1_sha256,0,2427,1499,0,-provider_default
50ms_1pct-245,2026-09-24T22:48:15+05:45,50ms_1pct,measure,ecdsa,X25519,366.913,1,X25519,ecdsa_secp256r1_sha256,0,1307,290,0,-provider_default
50ms_1pct-246,2026-09-24T22:48:15+05:45,50ms_1pct,measure,mldsa,X25519MLKEM768,319.823,1,X25519MLKEM768,mldsa65,0,15867,1466,0,-provider_default
50ms_1pct-247,2026-09-24T22:48:15+05:45,50ms_1pct,measure,mldsa,SecP256r1MLKEM768,351.685,1,SecP256r1MLKEM768,mldsa65,0,15914,1499,0,-provider_default
50ms_1pct-248,2026-09-24T22:48:16+05:45,50ms_1pct,measure,mldsa,X25519,613.291,1,X25519,mldsa65,0,14793,290,0,-provider_default
50ms_1pct-249,2026-09-24T22:48:17+05:45,50ms_1pct,measure,mldsa,X25519,305.809,1,X25519,mldsa65,0,14793,290,1,-provider_default
50ms_1pct-250,2026-09-24T22:48:17+05:45,50ms_1pct,measure,mldsa,SecP256r1MLKEM768,475.620,1,SecP256r1MLKEM768,mldsa65,0,15914,1499,0,-provider_default
50ms_1pct-251,2026-09-24T22:48:17+05:45,50ms_1pct,measure,ecdsa,P-256,304.802,1,prime256v1,ecdsa_secp256r1_sha256,0,1340,323,0,-provider_default
50ms_1pct-252,2026-09-24T22:48:18+05:45,50ms_1pct,measure,ecdsa,X25519MLKEM768,913.644,1,X25519MLKEM768,ecdsa_secp256r1_sha256,0,2380,1466,0,-provider_default
50ms_1pct-253,2026-09-24T22:48:19+05:45,50ms_1pct,measure,mldsa,SecP256r1MLKEM768,250.682,1,SecP256r1MLKEM768,mldsa65,0,15914,1499,0,-provider_default
50ms_1pct-254,2026-09-24T22:48:19+05:45,50ms_1pct,measure,ecdsa,X25519MLKEM768,228.901,1,X25519MLKEM768,ecdsa_secp256r1_sha256,0,2379,1466,0,-provider_default
50ms_1pct-255,2026-09-24T22:48:19+05:45,50ms_1pct,measure,mldsa,X25519,314.228,1,X25519,mldsa65,0,14793,290,0,-provider_default
50ms_1pct-256,2026-09-24T22:48:20+05:45,50ms_1pct,measure,mldsa,X25519,333.270,1,X25519,mldsa65,0,14793,290,0,-provider_default
50ms_1pct-257,2026-09-24T22:48:20+05:45,50ms_1pct,measure,ecdsa,P-256,312.110,1,prime256v1,ecdsa_secp256r1_sha256,0,1340,323,0,-provider_default
50ms_1pct-258,2026-09-24T22:48:21+05:45,50ms_1pct,measure,mldsa,P-256,239.961,1,prime256v1,mldsa65,0,14826,323,0,-provider_default
50ms_1pct-259,2026-09-24T22:48:21+05:45,50ms_1pct,measure,mldsa,X25519,226.258,1,X25519,mldsa65,0,14793,290,0,-provider_default
50ms_1pct-260,2026-09-24T22:48:21+05:45,50ms_1pct,measure,ecdsa,X25519,225.870,1,X25519,ecdsa_secp256r1_sha256,0,1307,290,0,-provider_default
50ms_1pct-261,2026-09-24T22:48:21+05:45,50ms_1pct,measure,ecdsa,X25519,249.989,1,X25519,ecdsa_secp256r1_sha256,0,1306,290,0,-provider_default
50ms_1pct-262,2026-09-24T22:48:22+05:45,50ms_1pct,measure,ecdsa,X25519,198.391,1,X25519,ecdsa_secp256r1_sha256,0,1306,290,0,-provider_default
50ms_1pct-263,2026-09-24T22:48:22+05:45,50ms_1pct,measure,mldsa,X25519,374.230,1,X25519,mldsa65,0,14793,290,0,-provider_default
50ms_1pct-264,2026-09-24T22:48:23+05:45,50ms_1pct,measure,ecdsa,P-256,285.338,1,prime256v1,ecdsa_secp256r1_sha256,0,1340,323,0,-provider_default
50ms_1pct-265,2026-09-24T22:48:23+05:45,50ms_1pct,measure,mldsa,SecP256r1MLKEM768,333.515,1,SecP256r1MLKEM768,mldsa65,0,15914,1499,0,-provider_default
50ms_1pct-266,2026-09-24T22:48:24+05:45,50ms_1pct,measure,ecdsa,X25519MLKEM768,1335.848,1,X25519MLKEM768,ecdsa_secp256r1_sha256,0,2380,1466,1,-provider_default
50ms_1pct-267,2026-09-24T22:48:25+05:45,50ms_1pct,measure,mldsa,X25519,325.610,1,X25519,mldsa65,0,14793,290,0,-provider_default
50ms_1pct-268,2026-09-24T22:48:25+05:45,50ms_1pct,measure,mldsa,X25519,320.033,1,X25519,mldsa65,0,14793,290,0,-provider_default
50ms_1pct-269,2026-09-24T22:48:25+05:45,50ms_1pct,measure,mldsa,SecP256r1MLKEM768,288.153,1,SecP256r1MLKEM768,mldsa65,0,15914,1499,0,-provider_default
50ms_1pct-270,2026-09-24T22:48:26+05:45,50ms_1pct,measure,mldsa,X25519MLKEM768,335.111,1,X25519MLKEM768,mldsa65,0,15867,1466,0,-provider_default
50ms_1pct-271,2026-09-24T22:48:26+05:45,50ms_1pct,measure,mldsa,X25519,435.329,1,X25519,mldsa65,0,14793,290,0,-provider_default
50ms_1pct-272,2026-09-24T22:48:27+05:45,50ms_1pct,measure,mldsa,SecP256r1MLKEM768,237.185,1,SecP256r1MLKEM768,mldsa65,0,15914,1499,0,-provider_default
50ms_1pct-273,2026-09-24T22:48:27+05:45,50ms_1pct,measure,ecdsa,SecP256r1MLKEM768,610.161,1,SecP256r1MLKEM768,ecdsa_secp256r1_sha256,0,2426,1499,1,-provider_default
50ms_1pct-274,2026-09-24T22:48:28+05:45,50ms_1pct,measure,ecdsa,X25519MLKEM768,307.755,1,X25519MLKEM768,ecdsa_secp256r1_sha256,0,2379,1466,0,-provider_default
50ms_1pct-275,2026-09-24T22:48:28+05:45,50ms_1pct,measure,mldsa,SecP256r1MLKEM768,342.056,1,SecP256r1MLKEM768,mldsa65,0,15914,1499,0,-provider_default
50ms_1pct-276,2026-09-24T22:48:29+05:45,50ms_1pct,measure,mldsa,X25519MLKEM768,422.335,1,X25519MLKEM768,mldsa65,0,15867,1466,0,-provider_default
50ms_1pct-277,2026-09-24T22:48:29+05:45,50ms_1pct,measure,ecdsa,P-256,461.127,1,prime256v1,ecdsa_secp256r1_sha256,0,1339,323,0,-provider_default
50ms_1pct-278,2026-09-24T22:48:30+05:45,50ms_1pct,measure,ecdsa,P-256,301.378,1,prime256v1,ecdsa_secp256r1_sha256,0,1339,323,0,-provider_default
50ms_1pct-279,2026-09-24T22:48:30+05:45,50ms_1pct,measure,mldsa,X25519MLKEM768,310.347,1,X25519MLKEM768,mldsa65,0,15867,1466,1,-provider_default
50ms_1pct-280,2026-09-24T22:48:30+05:45,50ms_1pct,measure,ecdsa,X25519MLKEM768,215.007,1,X25519MLKEM768,ecdsa_secp256r1_sha256,0,2379,1466,0,-provider_default
50ms_1pct-281,2026-09-24T22:48:31+05:45,50ms_1pct,measure,mldsa,P-256,381.262,1,prime256v1,mldsa65,0,14826,323,0,-provider_default
50ms_1pct-282,2026-09-24T22:48:31+05:45,50ms_1pct,measure,ecdsa,X25519MLKEM768,367.412,1,X25519MLKEM768,ecdsa_secp256r1_sha256,0,2379,1466,0,-provider_default
50ms_1pct-283,2026-09-24T22:48:32+05:45,50ms_1pct,measure,ecdsa,X25519,1048.598,1,X25519,ecdsa_secp256r1_sha256,0,1306,290,0,-provider_default
50ms_1pct-284,2026-09-24T22:48:33+05:45,50ms_1pct,measure,ecdsa,SecP256r1MLKEM768,661.855,1,SecP256r1MLKEM768,ecdsa_secp256r1_sha256,0,2427,1499,0,-provider_default
50ms_1pct-285,2026-09-24T22:48:33+05:45,50ms_1pct,measure,mldsa,X25519MLKEM768,299.958,1,X25519MLKEM768,mldsa65,0,15867,1466,0,-provider_default
50ms_1pct-286,2026-09-24T22:48:34+05:45,50ms_1pct,measure,ecdsa,SecP256r1MLKEM768,460.966,1,SecP256r1MLKEM768,ecdsa_secp256r1_sha256,0,2427,1499,1,-provider_default
50ms_1pct-287,2026-09-24T22:48:34+05:45,50ms_1pct,measure,mldsa,X25519,439.279,1,X25519,mldsa65,0,14793,290,0,-provider_default
50ms_1pct-288,2026-09-24T22:48:35+05:45,50ms_1pct,measure,mldsa,SecP256r1MLKEM768,379.349,1,SecP256r1MLKEM768,mldsa65,0,15914,1499,0,-provider_default
50ms_1pct-289,2026-09-24T22:48:35+05:45,50ms_1pct,measure,ecdsa,X25519,199.491,1,X25519,ecdsa_secp256r1_sha256,0,1306,290,0,-provider_default
50ms_1pct-290,2026-09-24T22:48:36+05:45,50ms_1pct,measure,mldsa,X25519MLKEM768,396.143,1,X25519MLKEM768,mldsa65,0,15867,1466,0,-provider_default
50ms_1pct-291,2026-09-24T22:48:36+05:45,50ms_1pct,measure,ecdsa,X25519MLKEM768,241.085,1,X25519MLKEM768,ecdsa_secp256r1_sha256,0,2380,1466,0,-provider_default
50ms_1pct-292,2026-09-24T22:48:36+05:45,50ms_1pct,measure,mldsa,SecP256r1MLKEM768,495.841,1,SecP256r1MLKEM768,mldsa65,0,15914,1499,0,-provider_default
50ms_1pct-293,2026-09-24T22:48:37+05:45,50ms_1pct,measure,ecdsa,SecP256r1MLKEM768,657.414,1,SecP256r1MLKEM768,ecdsa_secp256r1_sha256,0,2427,1499,0,-provider_default
50ms_1pct-294,2026-09-24T22:48:37+05:45,50ms_1pct,measure,ecdsa,P-256,176.652,1,prime256v1,ecdsa_secp256r1_sha256,0,1339,323,0,-provider_default
50ms_1pct-295,2026-09-24T22:48:38+05:45,50ms_1pct,measure,mldsa,P-256,298.776,1,prime256v1,mldsa65,0,14826,323,0,-provider_default
50ms_1pct-296,2026-09-24T22:48:38+05:45,50ms_1pct,measure,ecdsa,X25519,185.116,1,X25519,ecdsa_secp256r1_sha256,0,1306,290,0,-provider_default
50ms_1pct-297,2026-09-24T22:48:39+05:45,50ms_1pct,measure,mldsa,SecP256r1MLKEM768,393.415,1,SecP256r1MLKEM768,mldsa65,0,15914,1499,0,-provider_default
50ms_1pct-298,2026-09-24T22:48:39+05:45,50ms_1pct,measure,mldsa,P-256,312.656,1,prime256v1,mldsa65,0,14826,323,0,-provider_default
50ms_1pct-299,2026-09-24T22:48:39+05:45,50ms_1pct,measure,mldsa,P-256,298.739,1,prime256v1,mldsa65,0,14826,323,0,-provider_default
50ms_1pct-300,2026-09-24T22:48:40+05:45,50ms_1pct,measure,mldsa,X25519,256.875,1,X25519,mldsa65,0,14793,290,0,-provider_default
50ms_1pct-301,2026-09-24T22:48:40+05:45,50ms_1pct,measure,ecdsa,X25519,819.139,1,X25519,ecdsa_secp256r1_sha256,0,1306,290,0,-provider_default
50ms_1pct-302,2026-09-24T22:48:41+05:45,50ms_1pct,measure,ecdsa,X25519,489.706,1,X25519,ecdsa_secp256r1_sha256,0,1306,290,0,-provider_default
50ms_1pct-303,2026-09-24T22:48:41+05:45,50ms_1pct,measure,ecdsa,X25519,361.206,1,X25519,ecdsa_secp256r1_sha256,0,1307,290,0,-provider_default
50ms_1pct-304,2026-09-24T22:48:42+05:45,50ms_1pct,measure,ecdsa,X25519MLKEM768,188.489,1,X25519MLKEM768,ecdsa_secp256r1_sha256,0,2380,1466,0,-provider_default
50ms_1pct-305,2026-09-24T22:48:42+05:45,50ms_1pct,measure,mldsa,X25519,311.139,1,X25519,mldsa65,0,14793,290,0,-provider_default
50ms_1pct-306,2026-09-24T22:48:42+05:45,50ms_1pct,measure,ecdsa,X25519MLKEM768,202.040,1,X25519MLKEM768,ecdsa_secp256r1_sha256,0,2381,1466,0,-provider_default
50ms_1pct-307,2026-09-24T22:48:43+05:45,50ms_1pct,measure,ecdsa,X25519,195.772,1,X25519,ecdsa_secp256r1_sha256,0,1307,290,0,-provider_default
50ms_1pct-308,2026-09-24T22:48:43+05:45,50ms_1pct,measure,ecdsa,X25519MLKEM768,176.734,1,X25519MLKEM768,ecdsa_secp256r1_sha256,0,2379,1466,0,-provider_default
50ms_1pct-309,2026-09-24T22:48:43+05:45,50ms_1pct,measure,mldsa,X25519MLKEM768,221.582,1,X25519MLKEM768,mldsa65,0,15867,1466,0,-provider_default
50ms_1pct-310,2026-09-24T22:48:43+05:45,50ms_1pct,measure,mldsa,X25519MLKEM768,279.153,1,X25519MLKEM768,mldsa65,0,15867,1466,0,-provider_default
50ms_1pct-311,2026-09-24T22:48:44+05:45,50ms_1pct,measure,mldsa,SecP256r1MLKEM768,263.959,1,SecP256r1MLKEM768,mldsa65,0,15914,1499,0,-provider_default
50ms_1pct-312,2026-09-24T22:48:44+05:45,50ms_1pct,measure,mldsa,X25519,271.143,1,X25519,mldsa65,0,14793,290,0,-provider_default
50ms_1pct-313,2026-09-24T22:48:45+05:45,50ms_1pct,measure,mldsa,P-256,747.940,1,prime256v1,mldsa65,0,14826,323,0,-provider_default
50ms_1pct-314,2026-09-24T22:48:45+05:45,50ms_1pct,measure,ecdsa,SecP256r1MLKEM768,173.403,1,SecP256r1MLKEM768,ecdsa_secp256r1_sha256,0,2427,1499,0,-provider_default
50ms_1pct-315,2026-09-24T22:48:45+05:45,50ms_1pct,measure,mldsa,SecP256r1MLKEM768,228.753,1,SecP256r1MLKEM768,mldsa65,0,15914,1499,0,-provider_default
50ms_1pct-316,2026-09-24T22:48:46+05:45,50ms_1pct,measure,mldsa,P-256,250.093,1,prime256v1,mldsa65,0,14826,323,0,-provider_default
50ms_1pct-317,2026-09-24T22:48:46+05:45,50ms_1pct,measure,ecdsa,P-256,357.698,1,prime256v1,ecdsa_secp256r1_sha256,0,1339,323,0,-provider_default
50ms_1pct-318,2026-09-24T22:48:47+05:45,50ms_1pct,measure,ecdsa,P-256,350.753,1,prime256v1,ecdsa_secp256r1_sha256,0,1339,323,0,-provider_default
50ms_1pct-319,2026-09-24T22:48:47+05:45,50ms_1pct,measure,ecdsa,X25519MLKEM768,230.757,1,X25519MLKEM768,ecdsa_secp256r1_sha256,0,2380,1466,0,-provider_default
50ms_1pct-320,2026-09-24T22:48:47+05:45,50ms_1pct,measure,mldsa,SecP256r1MLKEM768,280.163,1,SecP256r1MLKEM768,mldsa65,0,15914,1499,0,-provider_default
50ms_1pct-321,2026-09-24T22:48:47+05:45,50ms_1pct,measure,mldsa,X25519MLKEM768,244.577,1,X25519MLKEM768,mldsa65,0,15867,1466,0,-provider_default
50ms_1pct-322,2026-09-24T22:48:48+05:45,50ms_1pct,measure,ecdsa,SecP256r1MLKEM768,587.351,1,SecP256r1MLKEM768,ecdsa_secp256r1_sha256,0,2426,1499,0,-provider_default
50ms_1pct-323,2026-09-24T22:48:48+05:45,50ms_1pct,measure,ecdsa,X25519,247.662,1,X25519,ecdsa_secp256r1_sha256,0,1307,290,0,-provider_default
50ms_1pct-324,2026-09-24T22:48:49+05:45,50ms_1pct,measure,mldsa,X25519MLKEM768,431.968,1,X25519MLKEM768,mldsa65,0,15867,1466,0,-provider_default
50ms_1pct-325,2026-09-24T22:48:50+05:45,50ms_1pct,measure,ecdsa,X25519MLKEM768,542.788,1,X25519MLKEM768,ecdsa_secp256r1_sha256,0,2381,1466,0,-provider_default
50ms_1pct-326,2026-09-24T22:48:50+05:45,50ms_1pct,measure,ecdsa,P-256,283.022,1,prime256v1,ecdsa_secp256r1_sha256,0,1339,323,0,-provider_default
50ms_1pct-327,2026-09-24T22:48:50+05:45,50ms_1pct,measure,ecdsa,X25519,299.448,1,X25519,ecdsa_secp256r1_sha256,0,1307,290,0,-provider_default
50ms_1pct-328,2026-09-24T22:48:51+05:45,50ms_1pct,measure,ecdsa,X25519,213.996,1,X25519,ecdsa_secp256r1_sha256,0,1306,290,0,-provider_default
50ms_1pct-329,2026-09-24T22:48:51+05:45,50ms_1pct,measure,ecdsa,SecP256r1MLKEM768,189.631,1,SecP256r1MLKEM768,ecdsa_secp256r1_sha256,0,2426,1499,0,-provider_default
50ms_1pct-330,2026-09-24T22:48:51+05:45,50ms_1pct,measure,mldsa,SecP256r1MLKEM768,332.546,1,SecP256r1MLKEM768,mldsa65,0,15914,1499,0,-provider_default
50ms_1pct-331,2026-09-24T22:48:53+05:45,50ms_1pct,measure,ecdsa,P-256,1280.300,1,prime256v1,ecdsa_secp256r1_sha256,0,1340,323,1,-provider_default
50ms_1pct-332,2026-09-24T22:48:53+05:45,50ms_1pct,measure,mldsa,X25519,367.423,1,X25519,mldsa65,0,14793,290,0,-provider_default
50ms_1pct-333,2026-09-24T22:48:53+05:45,50ms_1pct,measure,mldsa,P-256,301.926,1,prime256v1,mldsa65,0,14826,323,0,-provider_default
50ms_1pct-334,2026-09-24T22:48:54+05:45,50ms_1pct,measure,ecdsa,P-256,170.845,1,prime256v1,ecdsa_secp256r1_sha256,0,1338,323,0,-provider_default
50ms_1pct-335,2026-09-24T22:48:57+05:45,50ms_1pct,measure,ecdsa,P-256,2909.233,1,prime256v1,ecdsa_secp256r1_sha256,0,1339,323,1,-provider_default
50ms_1pct-336,2026-09-24T22:48:57+05:45,50ms_1pct,measure,mldsa,X25519,785.464,1,X25519,mldsa65,0,14793,290,0,-provider_default
50ms_1pct-337,2026-09-24T22:48:58+05:45,50ms_1pct,measure,ecdsa,P-256,184.089,1,prime256v1,ecdsa_secp256r1_sha256,0,1339,323,0,-provider_default
50ms_1pct-338,2026-09-24T22:48:58+05:45,50ms_1pct,measure,ecdsa,SecP256r1MLKEM768,178.852,1,SecP256r1MLKEM768,ecdsa_secp256r1_sha256,0,2428,1499,0,-provider_default
50ms_1pct-339,2026-09-24T22:48:58+05:45,50ms_1pct,measure,mldsa,P-256,264.423,1,prime256v1,mldsa65,0,14826,323,0,-provider_default
50ms_1pct-340,2026-09-24T22:48:59+05:45,50ms_1pct,measure,mldsa,P-256,234.979,1,prime256v1,mldsa65,0,14826,323,0,-provider_default
50ms_1pct-341,2026-09-24T22:48:59+05:45,50ms_1pct,measure,ecdsa,P-256,188.420,1,prime256v1,ecdsa_secp256r1_sha256,0,1339,323,0,-provider_default
50ms_1pct-342,2026-09-24T22:48:59+05:45,50ms_1pct,measure,mldsa,X25519MLKEM768,449.418,1,X25519MLKEM768,mldsa65,0,15867,1466,0,-provider_default
50ms_1pct-343,2026-09-24T22:49:00+05:45,50ms_1pct,measure,ecdsa,X25519,215.081,1,X25519,ecdsa_secp256r1_sha256,0,1307,290,0,-provider_default
50ms_1pct-344,2026-09-24T22:49:00+05:45,50ms_1pct,measure,ecdsa,P-256,483.921,1,prime256v1,ecdsa_secp256r1_sha256,0,1340,323,0,-provider_default
50ms_1pct-345,2026-09-24T22:49:00+05:45,50ms_1pct,measure,ecdsa,X25519,266.631,1,X25519,ecdsa_secp256r1_sha256,0,1306,290,0,-provider_default
50ms_1pct-346,2026-09-24T22:49:01+05:45,50ms_1pct,measure,mldsa,P-256,425.832,1,prime256v1,mldsa65,0,14826,323,0,-provider_default
50ms_1pct-347,2026-09-24T22:49:01+05:45,50ms_1pct,measure,mldsa,X25519MLKEM768,315.366,1,X25519MLKEM768,mldsa65,0,15867,1466,0,-provider_default
50ms_1pct-348,2026-09-24T22:49:02+05:45,50ms_1pct,measure,mldsa,SecP256r1MLKEM768,252.440,1,SecP256r1MLKEM768,mldsa65,0,15914,1499,0,-provider_default
50ms_1pct-349,2026-09-24T22:49:02+05:45,50ms_1pct,measure,mldsa,P-256,255.282,1,prime256v1,mldsa65,0,14826,323,0,-provider_default
50ms_1pct-350,2026-09-24T22:49:02+05:45,50ms_1pct,measure,mldsa,SecP256r1MLKEM768,362.910,1,SecP256r1MLKEM768,mldsa65,0,15914,1499,0,-provider_default
50ms_1pct-351,2026-09-24T22:49:03+05:45,50ms_1pct,measure,mldsa,P-256,325.970,1,prime256v1,mldsa65,0,14826,323,0,-provider_default
50ms_1pct-352,2026-09-24T22:49:03+05:45,50ms_1pct,measure,ecdsa,P-256,218.071,1,prime256v1,ecdsa_secp256r1_sha256,0,1339,323,0,-provider_default
50ms_1pct-353,2026-09-24T22:49:03+05:45,50ms_1pct,measure,ecdsa,P-256,235.563,1,prime256v1,ecdsa_secp256r1_sha256,0,1338,323,0,-provider_default
50ms_1pct-354,2026-09-24T22:49:04+05:45,50ms_1pct,measure,ecdsa,P-256,174.799,1,prime256v1,ecdsa_secp256r1_sha256,0,1340,323,0,-provider_default
50ms_1pct-355,2026-09-24T22:49:04+05:45,50ms_1pct,measure,mldsa,X25519,256.840,1,X25519,mldsa65,0,14793,290,0,-provider_default
50ms_1pct-356,2026-09-24T22:49:05+05:45,50ms_1pct,measure,mldsa,SecP256r1MLKEM768,615.785,1,SecP256r1MLKEM768,mldsa65,0,15914,1499,0,-provider_default
50ms_1pct-357,2026-09-24T22:49:05+05:45,50ms_1pct,measure,mldsa,SecP256r1MLKEM768,245.888,1,SecP256r1MLKEM768,mldsa65,0,15914,1499,0,-provider_default
50ms_1pct-358,2026-09-24T22:49:05+05:45,50ms_1pct,measure,mldsa,X25519,240.650,1,X25519,mldsa65,0,14793,290,0,-provider_default
50ms_1pct-359,2026-09-24T22:49:05+05:45,50ms_1pct,measure,ecdsa,X25519,283.748,1,X25519,ecdsa_secp256r1_sha256,0,1306,290,0,-provider_default
50ms_1pct-360,2026-09-24T22:49:06+05:45,50ms_1pct,measure,ecdsa,P-256,275.358,1,prime256v1,ecdsa_secp256r1_sha256,0,1340,323,0,-provider_default
50ms_1pct-361,2026-09-24T22:49:06+05:45,50ms_1pct,measure,mldsa,SecP256r1MLKEM768,304.517,1,SecP256r1MLKEM768,mldsa65,0,15914,1499,0,-provider_default
50ms_1pct-362,2026-09-24T22:49:06+05:45,50ms_1pct,measure,ecdsa,P-256,286.136,1,prime256v1,ecdsa_secp256r1_sha256,0,1339,323,0,-provider_default
50ms_1pct-363,2026-09-24T22:49:07+05:45,50ms_1pct,measure,mldsa,X25519,610.516,1,X25519,mldsa65,0,14793,290,0,-provider_default
50ms_1pct-364,2026-09-24T22:49:07+05:45,50ms_1pct,measure,ecdsa,X25519MLKEM768,211.494,1,X25519MLKEM768,ecdsa_secp256r1_sha256,0,2380,1466,0,-provider_default
50ms_1pct-365,2026-09-24T22:49:08+05:45,50ms_1pct,measure,ecdsa,SecP256r1MLKEM768,232.115,1,SecP256r1MLKEM768,ecdsa_secp256r1_sha256,0,2428,1499,0,-provider_default
50ms_1pct-366,2026-09-24T22:49:08+05:45,50ms_1pct,measure,mldsa,X25519MLKEM768,226.402,1,X25519MLKEM768,mldsa65,0,15867,1466,0,-provider_default
50ms_1pct-367,2026-09-24T22:49:08+05:45,50ms_1pct,measure,mldsa,P-256,363.763,1,prime256v1,mldsa65,0,14826,323,0,-provider_default
50ms_1pct-368,2026-09-24T22:49:09+05:45,50ms_1pct,measure,mldsa,X25519,327.025,1,X25519,mldsa65,0,14793,290,0,-provider_default
50ms_1pct-369,2026-09-24T22:49:09+05:45,50ms_1pct,measure,mldsa,X25519MLKEM768,310.478,1,X25519MLKEM768,mldsa65,0,15867,1466,0,-provider_default
50ms_1pct-370,2026-09-24T22:49:10+05:45,50ms_1pct,measure,ecdsa,X25519,225.247,1,X25519,ecdsa_secp256r1_sha256,0,1306,290,0,-provider_default
50ms_1pct-371,2026-09-24T22:49:10+05:45,50ms_1pct,measure,ecdsa,P-256,263.134,1,prime256v1,ecdsa_secp256r1_sha256,0,1338,323,0,-provider_default
50ms_1pct-372,2026-09-24T22:49:10+05:45,50ms_1pct,measure,mldsa,X25519MLKEM768,321.091,1,X25519MLKEM768,mldsa65,0,15867,1466,0,-provider_default
50ms_1pct-373,2026-09-24T22:49:10+05:45,50ms_1pct,measure,ecdsa,X25519,178.200,1,X25519,ecdsa_secp256r1_sha256,0,1305,290,0,-provider_default
50ms_1pct-374,2026-09-24T22:49:11+05:45,50ms_1pct,measure,mldsa,P-256,332.178,1,prime256v1,mldsa65,0,14826,323,0,-provider_default
50ms_1pct-375,2026-09-24T22:49:11+05:45,50ms_1pct,measure,mldsa,X25519,301.961,1,X25519,mldsa65,0,14793,290,0,-provider_default
50ms_1pct-376,2026-09-24T22:49:12+05:45,50ms_1pct,measure,mldsa,SecP256r1MLKEM768,304.537,1,SecP256r1MLKEM768,mldsa65,0,15914,1499,0,-provider_default
50ms_1pct-377,2026-09-24T22:49:12+05:45,50ms_1pct,measure,ecdsa,SecP256r1MLKEM768,304.896,1,SecP256r1MLKEM768,ecdsa_secp256r1_sha256,0,2427,1499,0,-provider_default
50ms_1pct-378,2026-09-24T22:49:12+05:45,50ms_1pct,measure,ecdsa,P-256,199.496,1,prime256v1,ecdsa_secp256r1_sha256,0,1338,323,0,-provider_default
50ms_1pct-379,2026-09-24T22:49:13+05:45,50ms_1pct,measure,ecdsa,X25519,677.411,1,X25519,ecdsa_secp256r1_sha256,0,1307,290,1,-provider_default
50ms_1pct-380,2026-09-24T22:49:13+05:45,50ms_1pct,measure,mldsa,SecP256r1MLKEM768,229.881,1,SecP256r1MLKEM768,mldsa65,0,15914,1499,0,-provider_default
50ms_1pct-381,2026-09-24T22:49:13+05:45,50ms_1pct,measure,ecdsa,X25519MLKEM768,197.292,1,X25519MLKEM768,ecdsa_secp256r1_sha256,0,2380,1466,0,-provider_default
50ms_1pct-382,2026-09-24T22:49:14+05:45,50ms_1pct,measure,ecdsa,X25519,305.207,1,X25519,ecdsa_secp256r1_sha256,0,1306,290,0,-provider_default
50ms_1pct-383,2026-09-24T22:49:14+05:45,50ms_1pct,measure,mldsa,SecP256r1MLKEM768,433.703,1,SecP256r1MLKEM768,mldsa65,0,15914,1499,0,-provider_default
50ms_1pct-384,2026-09-24T22:49:15+05:45,50ms_1pct,measure,mldsa,X25519MLKEM768,532.673,1,X25519MLKEM768,mldsa65,0,15867,1466,1,-provider_default
50ms_1pct-385,2026-09-24T22:49:15+05:45,50ms_1pct,measure,ecdsa,P-256,295.461,1,prime256v1,ecdsa_secp256r1_sha256,0,1339,323,1,-provider_default
50ms_1pct-386,2026-09-24T22:49:15+05:45,50ms_1pct,measure,ecdsa,SecP256r1MLKEM768,192.851,1,SecP256r1MLKEM768,ecdsa_secp256r1_sha256,0,2427,1499,0,-provider_default
50ms_1pct-387,2026-09-24T22:49:16+05:45,50ms_1pct,measure,ecdsa,X25519MLKEM768,192.478,1,X25519MLKEM768,ecdsa_secp256r1_sha256,0,2380,1466,0,-provider_default
50ms_1pct-388,2026-09-24T22:49:16+05:45,50ms_1pct,measure,ecdsa,SecP256r1MLKEM768,224.551,1,SecP256r1MLKEM768,ecdsa_secp256r1_sha256,0,2428,1499,0,-provider_default
50ms_1pct-389,2026-09-24T22:49:17+05:45,50ms_1pct,measure,ecdsa,X25519,481.607,1,X25519,ecdsa_secp256r1_sha256,0,1307,290,1,-provider_default
50ms_1pct-390,2026-09-24T22:49:17+05:45,50ms_1pct,measure,mldsa,X25519,288.324,1,X25519,mldsa65,0,14793,290,0,-provider_default
50ms_1pct-391,2026-09-24T22:49:18+05:45,50ms_1pct,measure,mldsa,X25519,698.214,1,X25519,mldsa65,0,14793,290,0,-provider_default
50ms_1pct-392,2026-09-24T22:49:18+05:45,50ms_1pct,measure,mldsa,X25519,240.897,1,X25519,mldsa65,0,14793,290,0,-provider_default
50ms_1pct-393,2026-09-24T22:49:18+05:45,50ms_1pct,measure,ecdsa,X25519,218.731,1,X25519,ecdsa_secp256r1_sha256,0,1305,290,0,-provider_default
50ms_1pct-394,2026-09-24T22:49:19+05:45,50ms_1pct,measure,ecdsa,SecP256r1MLKEM768,219.795,1,SecP256r1MLKEM768,ecdsa_secp256r1_sha256,0,2427,1499,0,-provider_default
50ms_1pct-395,2026-09-24T22:49:19+05:45,50ms_1pct,measure,mldsa,SecP256r1MLKEM768,271.960,1,SecP256r1MLKEM768,mldsa65,0,15914,1499,0,-provider_default
50ms_1pct-396,2026-09-24T22:49:19+05:45,50ms_1pct,measure,mldsa,P-256,223.109,1,prime256v1,mldsa65,0,14826,323,0,-provider_default
50ms_1pct-397,2026-09-24T22:49:19+05:45,50ms_1pct,measure,mldsa,X25519,261.401,1,X25519,mldsa65,0,14793,290,1,-provider_default
50ms_1pct-398,2026-09-24T22:49:20+05:45,50ms_1pct,measure,mldsa,X25519,355.598,1,X25519,mldsa65,0,14793,290,0,-provider_default
50ms_1pct-399,2026-09-24T22:49:20+05:45,50ms_1pct,measure,mldsa,X25519,342.930,1,X25519,mldsa65,0,14793,290,0,-provider_default
50ms_1pct-400,2026-09-24T22:49:21+05:45,50ms_1pct,measure,ecdsa,X25519,265.235,1,X25519,ecdsa_secp256r1_sha256,0,1307,290,0,-provider_default
50ms_1pct-401,2026-09-24T22:49:21+05:45,50ms_1pct,measure,mldsa,X25519,228.600,1,X25519,mldsa65,0,14793,290,0,-provider_default
50ms_1pct-402,2026-09-24T22:49:21+05:45,50ms_1pct,measure,mldsa,SecP256r1MLKEM768,363.641,1,SecP256r1MLKEM768,mldsa65,0,15914,1499,0,-provider_default
50ms_1pct-403,2026-09-24T22:49:22+05:45,50ms_1pct,measure,mldsa,P-256,262.162,1,prime256v1,mldsa65,0,14826,323,0,-provider_default
50ms_1pct-404,2026-09-24T22:49:22+05:45,50ms_1pct,measure,ecdsa,X25519MLKEM768,283.084,1,X25519MLKEM768,ecdsa_secp256r1_sha256,0,2379,1466,0,-provider_default
50ms_1pct-405,2026-09-24T22:49:22+05:45,50ms_1pct,measure,mldsa,P-256,218.794,1,prime256v1,mldsa65,0,14826,323,0,-provider_default
50ms_1pct-406,2026-09-24T22:49:23+05:45,50ms_1pct,measure,mldsa,SecP256r1MLKEM768,279.800,1,SecP256r1MLKEM768,mldsa65,0,15914,1499,0,-provider_default
50ms_1pct-407,2026-09-24T22:49:23+05:45,50ms_1pct,measure,mldsa,P-256,519.398,1,prime256v1,mldsa65,0,14826,323,0,-provider_default
50ms_1pct-408,2026-09-24T22:49:23+05:45,50ms_1pct,measure,ecdsa,SecP256r1MLKEM768,212.692,1,SecP256r1MLKEM768,ecdsa_secp256r1_sha256,0,2428,1499,0,-provider_default
50ms_1pct-409,2026-09-24T22:49:24+05:45,50ms_1pct,measure,mldsa,P-256,549.256,1,prime256v1,mldsa65,0,14826,323,0,-provider_default
50ms_1pct-410,2026-09-24T22:49:24+05:45,50ms_1pct,measure,ecdsa,P-256,351.280,1,prime256v1,ecdsa_secp256r1_sha256,0,1338,323,0,-provider_default
50ms_1pct-411,2026-09-24T22:49:25+05:45,50ms_1pct,measure,mldsa,SecP256r1MLKEM768,467.662,1,SecP256r1MLKEM768,mldsa65,0,15914,1499,0,-provider_default
50ms_1pct-412,2026-09-24T22:49:25+05:45,50ms_1pct,measure,mldsa,X25519,421.994,1,X25519,mldsa65,0,14793,290,0,-provider_default
50ms_1pct-413,2026-09-24T22:49:26+05:45,50ms_1pct,measure,mldsa,X25519,257.102,1,X25519,mldsa65,0,14793,290,0,-provider_default
50ms_1pct-414,2026-09-24T22:49:26+05:45,50ms_1pct,measure,ecdsa,SecP256r1MLKEM768,229.186,1,SecP256r1MLKEM768,ecdsa_secp256r1_sha256,0,2428,1499,0,-provider_default
50ms_1pct-415,2026-09-24T22:49:26+05:45,50ms_1pct,measure,mldsa,X25519MLKEM768,226.177,1,X25519MLKEM768,mldsa65,0,15867,1466,0,-provider_default
50ms_1pct-416,2026-09-24T22:49:27+05:45,50ms_1pct,measure,ecdsa,X25519,201.585,1,X25519,ecdsa_secp256r1_sha256,0,1306,290,0,-provider_default
50ms_1pct-417,2026-09-24T22:49:27+05:45,50ms_1pct,measure,mldsa,P-256,300.868,1,prime256v1,mldsa65,0,14826,323,0,-provider_default
50ms_1pct-418,2026-09-24T22:49:27+05:45,50ms_1pct,measure,mldsa,SecP256r1MLKEM768,291.551,1,SecP256r1MLKEM768,mldsa65,0,15914,1499,0,-provider_default
50ms_1pct-419,2026-09-24T22:49:28+05:45,50ms_1pct,measure,ecdsa,SecP256r1MLKEM768,612.720,1,SecP256r1MLKEM768,ecdsa_secp256r1_sha256,0,2427,1499,0,-provider_default
50ms_1pct-420,2026-09-24T22:49:28+05:45,50ms_1pct,measure,mldsa,X25519,285.724,1,X25519,mldsa65,0,14793,290,0,-provider_default
50ms_1pct-421,2026-09-24T22:49:29+05:45,50ms_1pct,measure,mldsa,X25519MLKEM768,542.088,1,X25519MLKEM768,mldsa65,0,15867,1466,0,-provider_default
50ms_1pct-422,2026-09-24T22:49:29+05:45,50ms_1pct,measure,mldsa,P-256,225.279,1,prime256v1,mldsa65,0,14826,323,0,-provider_default
50ms_1pct-423,2026-09-24T22:49:30+05:45,50ms_1pct,measure,mldsa,X25519,242.979,1,X25519,mldsa65,0,14793,290,0,-provider_default
50ms_1pct-424,2026-09-24T22:49:30+05:45,50ms_1pct,measure,mldsa,SecP256r1MLKEM768,537.623,1,SecP256r1MLKEM768,mldsa65,0,15914,1499,0,-provider_default
50ms_1pct-425,2026-09-24T22:49:31+05:45,50ms_1pct,measure,ecdsa,SecP256r1MLKEM768,410.807,1,SecP256r1MLKEM768,ecdsa_secp256r1_sha256,0,2427,1499,0,-provider_default
50ms_1pct-426,2026-09-24T22:49:32+05:45,50ms_1pct,measure,mldsa,X25519MLKEM768,1356.309,1,X25519MLKEM768,mldsa65,0,15867,1466,1,-provider_default
50ms_1pct-427,2026-09-24T22:49:33+05:45,50ms_1pct,measure,mldsa,P-256,536.150,1,prime256v1,mldsa65,0,14826,323,0,-provider_default
50ms_1pct-428,2026-09-24T22:49:34+05:45,50ms_1pct,measure,mldsa,X25519MLKEM768,976.231,1,X25519MLKEM768,mldsa65,0,15867,1466,1,-provider_default
50ms_1pct-429,2026-09-24T22:49:34+05:45,50ms_1pct,measure,ecdsa,SecP256r1MLKEM768,322.214,1,SecP256r1MLKEM768,ecdsa_secp256r1_sha256,0,2428,1499,0,-provider_default
50ms_1pct-430,2026-09-24T22:49:34+05:45,50ms_1pct,measure,ecdsa,P-256,330.242,1,prime256v1,ecdsa_secp256r1_sha256,0,1338,323,0,-provider_default
50ms_1pct-431,2026-09-24T22:49:35+05:45,50ms_1pct,measure,mldsa,X25519MLKEM768,306.002,1,X25519MLKEM768,mldsa65,0,15867,1466,0,-provider_default
50ms_1pct-432,2026-09-24T22:49:35+05:45,50ms_1pct,measure,ecdsa,SecP256r1MLKEM768,265.399,1,SecP256r1MLKEM768,ecdsa_secp256r1_sha256,0,2427,1499,0,-provider_default
50ms_1pct-433,2026-09-24T22:49:35+05:45,50ms_1pct,measure,ecdsa,X25519MLKEM768,387.154,1,X25519MLKEM768,ecdsa_secp256r1_sha256,0,2380,1466,0,-provider_default
50ms_1pct-434,2026-09-24T22:49:36+05:45,50ms_1pct,measure,ecdsa,SecP256r1MLKEM768,372.628,1,SecP256r1MLKEM768,ecdsa_secp256r1_sha256,0,2426,1499,0,-provider_default
50ms_1pct-435,2026-09-24T22:49:36+05:45,50ms_1pct,measure,ecdsa,P-256,320.854,1,prime256v1,ecdsa_secp256r1_sha256,0,1340,323,0,-provider_default
50ms_1pct-436,2026-09-24T22:49:37+05:45,50ms_1pct,measure,mldsa,P-256,258.267,1,prime256v1,mldsa65,0,14826,323,0,-provider_default
50ms_1pct-437,2026-09-24T22:49:37+05:45,50ms_1pct,measure,ecdsa,X25519MLKEM768,191.632,1,X25519MLKEM768,ecdsa_secp256r1_sha256,0,2379,1466,0,-provider_default
50ms_1pct-438,2026-09-24T22:49:37+05:45,50ms_1pct,measure,ecdsa,X25519,265.291,1,X25519,ecdsa_secp256r1_sha256,0,1305,290,0,-provider_default
50ms_1pct-439,2026-09-24T22:49:37+05:45,50ms_1pct,measure,mldsa,X25519,278.902,1,X25519,mldsa65,0,14793,290,0,-provider_default
50ms_1pct-440,2026-09-24T22:49:38+05:45,50ms_1pct,measure,ecdsa,X25519,499.086,1,X25519,ecdsa_secp256r1_sha256,0,1307,290,0,-provider_default
50ms_1pct-441,2026-09-24T22:49:38+05:45,50ms_1pct,measure,mldsa,X25519,222.959,1,X25519,mldsa65,0,14793,290,0,-provider_default
50ms_1pct-442,2026-09-24T22:49:39+05:45,50ms_1pct,measure,ecdsa,P-256,417.493,1,prime256v1,ecdsa_secp256r1_sha256,0,1339,323,0,-provider_default
50ms_1pct-443,2026-09-24T22:49:39+05:45,50ms_1pct,measure,ecdsa,SecP256r1MLKEM768,226.838,1,SecP256r1MLKEM768,ecdsa_secp256r1_sha256,0,2428,1499,0,-provider_default
50ms_1pct-444,2026-09-24T22:49:39+05:45,50ms_1pct,measure,mldsa,SecP256r1MLKEM768,261.564,1,SecP256r1MLKEM768,mldsa65,0,15914,1499,0,-provider_default
50ms_1pct-445,2026-09-24T22:49:40+05:45,50ms_1pct,measure,mldsa,SecP256r1MLKEM768,616.657,1,SecP256r1MLKEM768,mldsa65,0,15914,1499,0,-provider_default
50ms_1pct-446,2026-09-24T22:49:41+05:45,50ms_1pct,measure,mldsa,X25519MLKEM768,582.663,1,X25519MLKEM768,mldsa65,0,15867,1466,0,-provider_default
50ms_1pct-447,2026-09-24T22:49:41+05:45,50ms_1pct,measure,mldsa,SecP256r1MLKEM768,323.928,1,SecP256r1MLKEM768,mldsa65,0,15914,1499,0,-provider_default
50ms_1pct-448,2026-09-24T22:49:41+05:45,50ms_1pct,measure,mldsa,X25519MLKEM768,278.770,1,X25519MLKEM768,mldsa65,0,15867,1466,0,-provider_default
50ms_1pct-449,2026-09-24T22:49:42+05:45,50ms_1pct,measure,ecdsa,P-256,526.565,1,prime256v1,ecdsa_secp256r1_sha256,0,1340,323,0,-provider_default
50ms_1pct-450,2026-09-24T22:49:42+05:45,50ms_1pct,measure,ecdsa,SecP256r1MLKEM768,285.232,1,SecP256r1MLKEM768,ecdsa_secp256r1_sha256,0,2427,1499,0,-provider_default
50ms_1pct-451,2026-09-24T22:49:43+05:45,50ms_1pct,measure,ecdsa,SecP256r1MLKEM768,209.280,1,SecP256r1MLKEM768,ecdsa_secp256r1_sha256,0,2427,1499,0,-provider_default
50ms_1pct-452,2026-09-24T22:49:43+05:45,50ms_1pct,measure,mldsa,X25519,233.174,1,X25519,mldsa65,0,14793,290,0,-provider_default
50ms_1pct-453,2026-09-24T22:49:43+05:45,50ms_1pct,measure,ecdsa,SecP256r1MLKEM768,234.113,1,SecP256r1MLKEM768,ecdsa_secp256r1_sha256,0,2427,1499,0,-provider_default
50ms_1pct-454,2026-09-24T22:49:43+05:45,50ms_1pct,measure,ecdsa,X25519MLKEM768,207.291,1,X25519MLKEM768,ecdsa_secp256r1_sha256,0,2381,1466,0,-provider_default
50ms_1pct-455,2026-09-24T22:49:44+05:45,50ms_1pct,measure,ecdsa,X25519,187.012,1,X25519,ecdsa_secp256r1_sha256,0,1306,290,0,-provider_default
50ms_1pct-456,2026-09-24T22:49:44+05:45,50ms_1pct,measure,ecdsa,X25519,207.485,1,X25519,ecdsa_secp256r1_sha256,0,1306,290,0,-provider_default
50ms_1pct-457,2026-09-24T22:49:44+05:45,50ms_1pct,measure,ecdsa,P-256,252.614,1,prime256v1,ecdsa_secp256r1_sha256,0,1339,323,0,-provider_default
50ms_1pct-458,2026-09-24T22:49:44+05:45,50ms_1pct,measure,ecdsa,X25519MLKEM768,243.838,1,X25519MLKEM768,ecdsa_secp256r1_sha256,0,2381,1466,0,-provider_default
50ms_1pct-459,2026-09-24T22:49:45+05:45,50ms_1pct,measure,ecdsa,X25519,334.395,1,X25519,ecdsa_secp256r1_sha256,0,1305,290,1,-provider_default
50ms_1pct-460,2026-09-24T22:49:45+05:45,50ms_1pct,measure,ecdsa,X25519MLKEM768,360.907,1,X25519MLKEM768,ecdsa_secp256r1_sha256,0,2380,1466,0,-provider_default
50ms_1pct-461,2026-09-24T22:49:45+05:45,50ms_1pct,measure,ecdsa,P-256,173.199,1,prime256v1,ecdsa_secp256r1_sha256,0,1338,323,0,-provider_default
50ms_1pct-462,2026-09-24T22:49:46+05:45,50ms_1pct,measure,ecdsa,SecP256r1MLKEM768,196.010,1,SecP256r1MLKEM768,ecdsa_secp256r1_sha256,0,2427,1499,0,-provider_default
50ms_1pct-463,2026-09-24T22:49:46+05:45,50ms_1pct,measure,ecdsa,P-256,232.482,1,prime256v1,ecdsa_secp256r1_sha256,0,1339,323,0,-provider_default
50ms_1pct-464,2026-09-24T22:49:46+05:45,50ms_1pct,measure,mldsa,P-256,285.008,1,prime256v1,mldsa65,0,14826,323,0,-provider_default
50ms_1pct-465,2026-09-24T22:49:47+05:45,50ms_1pct,measure,ecdsa,P-256,207.670,1,prime256v1,ecdsa_secp256r1_sha256,0,1339,323,0,-provider_default
50ms_1pct-466,2026-09-24T22:49:47+05:45,50ms_1pct,measure,ecdsa,P-256,321.487,1,prime256v1,ecdsa_secp256r1_sha256,0,1339,323,1,-provider_default
50ms_1pct-467,2026-09-24T22:49:48+05:45,50ms_1pct,measure,ecdsa,X25519MLKEM768,306.745,1,X25519MLKEM768,ecdsa_secp256r1_sha256,0,2381,1466,0,-provider_default
50ms_1pct-468,2026-09-24T22:49:48+05:45,50ms_1pct,measure,ecdsa,P-256,220.746,1,prime256v1,ecdsa_secp256r1_sha256,0,1339,323,0,-provider_default
50ms_1pct-469,2026-09-24T22:49:48+05:45,50ms_1pct,measure,mldsa,P-256,246.719,1,prime256v1,mldsa65,0,14826,323,0,-provider_default
50ms_1pct-470,2026-09-24T22:49:49+05:45,50ms_1pct,measure,ecdsa,X25519,283.593,1,X25519,ecdsa_secp256r1_sha256,0,1306,290,0,-provider_default
50ms_1pct-471,2026-09-24T22:49:49+05:45,50ms_1pct,measure,ecdsa,SecP256r1MLKEM768,220.018,1,SecP256r1MLKEM768,ecdsa_secp256r1_sha256,0,2427,1499,0,-provider_default
50ms_1pct-472,2026-09-24T22:49:50+05:45,50ms_1pct,measure,mldsa,SecP256r1MLKEM768,325.338,1,SecP256r1MLKEM768,mldsa65,0,15914,1499,1,-provider_default
50ms_1pct-473,2026-09-24T22:49:50+05:45,50ms_1pct,measure,mldsa,X25519,343.593,1,X25519,mldsa65,0,14793,290,0,-provider_default
50ms_1pct-474,2026-09-24T22:49:50+05:45,50ms_1pct,measure,mldsa,X25519MLKEM768,310.149,1,X25519MLKEM768,mldsa65,0,15867,1466,0,-provider_default
50ms_1pct-475,2026-09-24T22:49:51+05:45,50ms_1pct,measure,ecdsa,X25519,283.188,1,X25519,ecdsa_secp256r1_sha256,0,1306,290,0,-provider_default
50ms_1pct-476,2026-09-24T22:49:51+05:45,50ms_1pct,measure,mldsa,P-256,339.684,1,prime256v1,mldsa65,0,14826,323,0,-provider_default
50ms_1pct-477,2026-09-24T22:49:52+05:45,50ms_1pct,measure,mldsa,X25519MLKEM768,641.879,1,X25519MLKEM768,mldsa65,0,15867,1466,0,-provider_default
50ms_1pct-478,2026-09-24T22:49:53+05:45,50ms_1pct,measure,ecdsa,X25519,233.124,1,X25519,ecdsa_secp256r1_sha256,0,1305,290,0,-provider_default
50ms_1pct-479,2026-09-24T22:49:53+05:45,50ms_1pct,measure,ecdsa,P-256,265.392,1,prime256v1,ecdsa_secp256r1_sha256,0,1338,323,0,-provider_default
50ms_1pct-480,2026-09-24T22:49:53+05:45,50ms_1pct,measure,mldsa,X25519MLKEM768,351.282,1,X25519MLKEM768,mldsa65,0,15867,1466,0,-provider_default
50ms_1pct-481,2026-09-24T22:49:54+05:45,50ms_1pct,measure,ecdsa,P-256,259.640,1,prime256v1,ecdsa_secp256r1_sha256,0,1339,323,0,-provider_default
50ms_1pct-482,2026-09-24T22:49:54+05:45,50ms_1pct,measure,ecdsa,X25519MLKEM768,311.680,1,X25519MLKEM768,ecdsa_secp256r1_sha256,0,2380,1466,0,-provider_default
50ms_1pct-483,2026-09-24T22:49:55+05:45,50ms_1pct,measure,ecdsa,X25519,261.621,1,X25519,ecdsa_secp256r1_sha256,0,1306,290,0,-provider_default
50ms_1pct-484,2026-09-24T22:49:55+05:45,50ms_1pct,measure,mldsa,P-256,534.440,1,prime256v1,mldsa65,0,14826,323,0,-provider_default
50ms_1pct-485,2026-09-24T22:49:56+05:45,50ms_1pct,measure,mldsa,X25519MLKEM768,327.016,1,X25519MLKEM768,mldsa65,0,15867,1466,0,-provider_default
50ms_1pct-486,2026-09-24T22:49:56+05:45,50ms_1pct,measure,ecdsa,X25519MLKEM768,279.277,1,X25519MLKEM768,ecdsa_secp256r1_sha256,0,2379,1466,0,-provider_default
50ms_1pct-487,2026-09-24T22:49:57+05:45,50ms_1pct,measure,ecdsa,X25519MLKEM768,306.361,1,X25519MLKEM768,ecdsa_secp256r1_sha256,0,2380,1466,0,-provider_default
50ms_1pct-488,2026-09-24T22:49:57+05:45,50ms_1pct,measure,mldsa,X25519,407.313,1,X25519,mldsa65,0,14793,290,0,-provider_default
50ms_1pct-489,2026-09-24T22:49:58+05:45,50ms_1pct,measure,ecdsa,SecP256r1MLKEM768,291.995,1,SecP256r1MLKEM768,ecdsa_secp256r1_sha256,0,2427,1499,0,-provider_default
50ms_1pct-490,2026-09-24T22:49:58+05:45,50ms_1pct,measure,ecdsa,X25519MLKEM768,258.770,1,X25519MLKEM768,ecdsa_secp256r1_sha256,0,2380,1466,0,-provider_default
50ms_1pct-491,2026-09-24T22:49:59+05:45,50ms_1pct,measure,ecdsa,SecP256r1MLKEM768,1316.296,1,SecP256r1MLKEM768,ecdsa_secp256r1_sha256,0,2428,1499,1,-provider_default
50ms_1pct-492,2026-09-24T22:50:00+05:45,50ms_1pct,measure,ecdsa,P-256,289.080,1,prime256v1,ecdsa_secp256r1_sha256,0,1338,323,0,-provider_default
50ms_1pct-493,2026-09-24T22:50:00+05:45,50ms_1pct,measure,ecdsa,X25519,272.839,1,X25519,ecdsa_secp256r1_sha256,0,1305,290,0,-provider_default
50ms_1pct-494,2026-09-24T22:50:01+05:45,50ms_1pct,measure,mldsa,X25519MLKEM768,341.008,1,X25519MLKEM768,mldsa65,0,15867,1466,0,-provider_default
50ms_1pct-495,2026-09-24T22:50:01+05:45,50ms_1pct,measure,mldsa,X25519,311.259,1,X25519,mldsa65,0,14793,290,0,-provider_default
50ms_1pct-496,2026-09-24T22:50:02+05:45,50ms_1pct,measure,ecdsa,X25519,271.966,1,X25519,ecdsa_secp256r1_sha256,0,1305,290,0,-provider_default
50ms_1pct-497,2026-09-24T22:50:02+05:45,50ms_1pct,measure,mldsa,X25519MLKEM768,300.784,1,X25519MLKEM768,mldsa65,0,15867,1466,0,-provider_default
50ms_1pct-498,2026-09-24T22:50:02+05:45,50ms_1pct,measure,ecdsa,X25519MLKEM768,227.478,1,X25519MLKEM768,ecdsa_secp256r1_sha256,0,2379,1466,0,-provider_default
50ms_1pct-499,2026-09-24T22:50:03+05:45,50ms_1pct,measure,mldsa,X25519MLKEM768,332.011,1,X25519MLKEM768,mldsa65,0,15867,1466,0,-provider_default
50ms_1pct-500,2026-09-24T22:50:03+05:45,50ms_1pct,measure,ecdsa,P-256,201.567,1,prime256v1,ecdsa_secp256r1_sha256,0,1339,323,0,-provider_default
50ms_1pct-501,2026-09-24T22:50:03+05:45,50ms_1pct,measure,mldsa,X25519,235.712,1,X25519,mldsa65,0,14793,290,0,-provider_default
50ms_1pct-502,2026-09-24T22:50:04+05:45,50ms_1pct,measure,mldsa,P-256,336.981,1,prime256v1,mldsa65,0,14826,323,0,-provider_default
50ms_1pct-503,2026-09-24T22:50:04+05:45,50ms_1pct,measure,mldsa,SecP256r1MLKEM768,369.182,1,SecP256r1MLKEM768,mldsa65,0,15914,1499,0,-provider_default
50ms_1pct-504,2026-09-24T22:50:04+05:45,50ms_1pct,measure,ecdsa,X25519,175.954,1,X25519,ecdsa_secp256r1_sha256,0,1307,290,0,-provider_default
50ms_1pct-505,2026-09-24T22:50:05+05:45,50ms_1pct,measure,mldsa,X25519MLKEM768,264.127,1,X25519MLKEM768,mldsa65,0,15867,1466,0,-provider_default
50ms_1pct-506,2026-09-24T22:50:05+05:45,50ms_1pct,measure,ecdsa,X25519MLKEM768,191.871,1,X25519MLKEM768,ecdsa_secp256r1_sha256,0,2379,1466,0,-provider_default
50ms_1pct-507,2026-09-24T22:50:05+05:45,50ms_1pct,measure,mldsa,X25519MLKEM768,277.224,1,X25519MLKEM768,mldsa65,0,15867,1466,0,-provider_default
50ms_1pct-508,2026-09-24T22:50:05+05:45,50ms_1pct,measure,ecdsa,X25519,204.315,1,X25519,ecdsa_secp256r1_sha256,0,1306,290,0,-provider_default
50ms_1pct-509,2026-09-24T22:50:06+05:45,50ms_1pct,measure,mldsa,SecP256r1MLKEM768,246.152,1,SecP256r1MLKEM768,mldsa65,0,15914,1499,0,-provider_default
50ms_1pct-510,2026-09-24T22:50:06+05:45,50ms_1pct,measure,mldsa,X25519MLKEM768,280.380,1,X25519MLKEM768,mldsa65,0,15867,1466,0,-provider_default
50ms_1pct-511,2026-09-24T22:50:06+05:45,50ms_1pct,measure,ecdsa,X25519,192.329,1,X25519,ecdsa_secp256r1_sha256,0,1306,290,0,-provider_default
50ms_1pct-512,2026-09-24T22:50:07+05:45,50ms_1pct,measure,mldsa,SecP256r1MLKEM768,279.135,1,SecP256r1MLKEM768,mldsa65,0,15914,1499,0,-provider_default
50ms_1pct-513,2026-09-24T22:50:07+05:45,50ms_1pct,measure,ecdsa,X25519MLKEM768,198.806,1,X25519MLKEM768,ecdsa_secp256r1_sha256,0,2380,1466,0,-provider_default
50ms_1pct-514,2026-09-24T22:50:07+05:45,50ms_1pct,measure,mldsa,X25519,351.663,1,X25519,mldsa65,0,14793,290,0,-provider_default
50ms_1pct-515,2026-09-24T22:50:08+05:45,50ms_1pct,measure,mldsa,SecP256r1MLKEM768,300.858,1,SecP256r1MLKEM768,mldsa65,0,15914,1499,0,-provider_default
50ms_1pct-516,2026-09-24T22:50:08+05:45,50ms_1pct,measure,ecdsa,X25519MLKEM768,220.329,1,X25519MLKEM768,ecdsa_secp256r1_sha256,0,2380,1466,0,-provider_default
50ms_1pct-517,2026-09-24T22:50:09+05:45,50ms_1pct,measure,ecdsa,X25519MLKEM768,336.911,1,X25519MLKEM768,ecdsa_secp256r1_sha256,0,2379,1466,1,-provider_default
50ms_1pct-518,2026-09-24T22:50:09+05:45,50ms_1pct,measure,ecdsa,P-256,225.065,1,prime256v1,ecdsa_secp256r1_sha256,0,1339,323,0,-provider_default
50ms_1pct-519,2026-09-24T22:50:09+05:45,50ms_1pct,measure,mldsa,X25519MLKEM768,350.505,1,X25519MLKEM768,mldsa65,0,15867,1466,0,-provider_default
50ms_1pct-520,2026-09-24T22:50:10+05:45,50ms_1pct,measure,ecdsa,X25519,654.015,1,X25519,ecdsa_secp256r1_sha256,0,1307,290,0,-provider_default
50ms_1pct-521,2026-09-24T22:50:10+05:45,50ms_1pct,measure,ecdsa,SecP256r1MLKEM768,282.345,1,SecP256r1MLKEM768,ecdsa_secp256r1_sha256,0,2427,1499,0,-provider_default
50ms_1pct-522,2026-09-24T22:50:11+05:45,50ms_1pct,measure,ecdsa,X25519,284.792,1,X25519,ecdsa_secp256r1_sha256,0,1307,290,0,-provider_default
50ms_1pct-523,2026-09-24T22:50:11+05:45,50ms_1pct,measure,mldsa,SecP256r1MLKEM768,311.460,1,SecP256r1MLKEM768,mldsa65,0,15914,1499,0,-provider_default
50ms_1pct-524,2026-09-24T22:50:12+05:45,50ms_1pct,measure,ecdsa,X25519MLKEM768,279.714,1,X25519MLKEM768,ecdsa_secp256r1_sha256,0,2380,1466,0,-provider_default
50ms_1pct-525,2026-09-24T22:50:12+05:45,50ms_1pct,measure,ecdsa,X25519MLKEM768,285.009,1,X25519MLKEM768,ecdsa_secp256r1_sha256,0,2380,1466,0,-provider_default
50ms_1pct-526,2026-09-24T22:50:12+05:45,50ms_1pct,measure,ecdsa,X25519MLKEM768,193.854,1,X25519MLKEM768,ecdsa_secp256r1_sha256,0,2380,1466,0,-provider_default
50ms_1pct-527,2026-09-24T22:50:13+05:45,50ms_1pct,measure,mldsa,P-256,455.482,1,prime256v1,mldsa65,0,14826,323,0,-provider_default
50ms_1pct-528,2026-09-24T22:50:13+05:45,50ms_1pct,measure,mldsa,X25519,337.251,1,X25519,mldsa65,0,14793,290,0,-provider_default
50ms_1pct-529,2026-09-24T22:50:14+05:45,50ms_1pct,measure,mldsa,X25519,335.202,1,X25519,mldsa65,0,14793,290,0,-provider_default
50ms_1pct-530,2026-09-24T22:50:14+05:45,50ms_1pct,measure,mldsa,P-256,377.495,1,prime256v1,mldsa65,0,14826,323,1,-provider_default
50ms_1pct-531,2026-09-24T22:50:15+05:45,50ms_1pct,measure,ecdsa,SecP256r1MLKEM768,230.260,1,SecP256r1MLKEM768,ecdsa_secp256r1_sha256,0,2427,1499,0,-provider_default
50ms_1pct-532,2026-09-24T22:50:15+05:45,50ms_1pct,measure,mldsa,P-256,561.503,1,prime256v1,mldsa65,0,14826,323,1,-provider_default
50ms_1pct-533,2026-09-24T22:50:16+05:45,50ms_1pct,measure,mldsa,X25519,325.265,1,X25519,mldsa65,0,14793,290,0,-provider_default
50ms_1pct-534,2026-09-24T22:50:17+05:45,50ms_1pct,measure,mldsa,SecP256r1MLKEM768,1367.681,1,SecP256r1MLKEM768,mldsa65,0,15914,1499,1,-provider_default
50ms_1pct-535,2026-09-24T22:50:18+05:45,50ms_1pct,measure,mldsa,P-256,313.417,1,prime256v1,mldsa65,0,14826,323,0,-provider_default
50ms_1pct-536,2026-09-24T22:50:18+05:45,50ms_1pct,measure,ecdsa,X25519,271.166,1,X25519,ecdsa_secp256r1_sha256,0,1306,290,0,-provider_default
50ms_1pct-537,2026-09-24T22:50:20+05:45,50ms_1pct,measure,mldsa,P-256,1324.924,1,prime256v1,mldsa65,0,14826,323,1,-provider_default
50ms_1pct-538,2026-09-24T22:50:20+05:45,50ms_1pct,measure,ecdsa,X25519MLKEM768,380.183,1,X25519MLKEM768,ecdsa_secp256r1_sha256,0,2380,1466,1,-provider_default
50ms_1pct-539,2026-09-24T22:50:21+05:45,50ms_1pct,measure,mldsa,X25519MLKEM768,399.279,1,X25519MLKEM768,mldsa65,0,15867,1466,0,-provider_default
50ms_1pct-540,2026-09-24T22:50:21+05:45,50ms_1pct,measure,ecdsa,X25519,250.015,1,X25519,ecdsa_secp256r1_sha256,0,1307,290,0,-provider_default
50ms_1pct-541,2026-09-24T22:50:21+05:45,50ms_1pct,measure,ecdsa,X25519MLKEM768,239.803,1,X25519MLKEM768,ecdsa_secp256r1_sha256,0,2380,1466,0,-provider_default
50ms_1pct-542,2026-09-24T22:50:22+05:45,50ms_1pct,measure,ecdsa,P-256,240.139,1,prime256v1,ecdsa_secp256r1_sha256,0,1339,323,0,-provider_default
50ms_1pct-543,2026-09-24T22:50:22+05:45,50ms_1pct,measure,mldsa,SecP256r1MLKEM768,458.538,1,SecP256r1MLKEM768,mldsa65,0,15914,1499,0,-provider_default
50ms_1pct-544,2026-09-24T22:50:23+05:45,50ms_1pct,measure,mldsa,X25519MLKEM768,245.323,1,X25519MLKEM768,mldsa65,0,15867,1466,0,-provider_default
50ms_1pct-545,2026-09-24T22:50:23+05:45,50ms_1pct,measure,mldsa,P-256,264.944,1,prime256v1,mldsa65,0,14826,323,0,-provider_default
50ms_1pct-546,2026-09-24T22:50:24+05:45,50ms_1pct,measure,mldsa,X25519,531.071,1,X25519,mldsa65,0,14793,290,0,-provider_default
50ms_1pct-547,2026-09-24T22:50:24+05:45,50ms_1pct,measure,ecdsa,X25519,285.916,1,X25519,ecdsa_secp256r1_sha256,0,1307,290,0,-provider_default
50ms_1pct-548,2026-09-24T22:50:25+05:45,50ms_1pct,measure,mldsa,X25519MLKEM768,278.361,1,X25519MLKEM768,mldsa65,0,15867,1466,0,-provider_default
50ms_1pct-549,2026-09-24T22:50:25+05:45,50ms_1pct,measure,ecdsa,X25519,240.103,1,X25519,ecdsa_secp256r1_sha256,0,1306,290,0,-provider_default
50ms_1pct-550,2026-09-24T22:50:25+05:45,50ms_1pct,measure,ecdsa,X25519,257.251,1,X25519,ecdsa_secp256r1_sha256,0,1307,290,0,-provider_default
50ms_1pct-551,2026-09-24T22:50:26+05:45,50ms_1pct,measure,ecdsa,X25519MLKEM768,235.902,1,X25519MLKEM768,ecdsa_secp256r1_sha256,0,2379,1466,0,-provider_default
50ms_1pct-552,2026-09-24T22:50:26+05:45,50ms_1pct,measure,ecdsa,SecP256r1MLKEM768,257.892,1,SecP256r1MLKEM768,ecdsa_secp256r1_sha256,0,2427,1499,0,-provider_default
50ms_1pct-553,2026-09-24T22:50:26+05:45,50ms_1pct,measure,ecdsa,SecP256r1MLKEM768,268.292,1,SecP256r1MLKEM768,ecdsa_secp256r1_sha256,0,2426,1499,0,-provider_default
50ms_1pct-554,2026-09-24T22:50:27+05:45,50ms_1pct,measure,ecdsa,X25519,275.068,1,X25519,ecdsa_secp256r1_sha256,0,1306,290,0,-provider_default
50ms_1pct-555,2026-09-24T22:50:27+05:45,50ms_1pct,measure,mldsa,P-256,303.275,1,prime256v1,mldsa65,0,14826,323,0,-provider_default
50ms_1pct-556,2026-09-24T22:50:28+05:45,50ms_1pct,measure,ecdsa,X25519MLKEM768,304.200,1,X25519MLKEM768,ecdsa_secp256r1_sha256,0,2379,1466,0,-provider_default
50ms_1pct-557,2026-09-24T22:50:28+05:45,50ms_1pct,measure,mldsa,P-256,253.575,1,prime256v1,mldsa65,0,14826,323,0,-provider_default
50ms_1pct-558,2026-09-24T22:50:29+05:45,50ms_1pct,measure,ecdsa,P-256,261.293,1,prime256v1,ecdsa_secp256r1_sha256,0,1339,323,0,-provider_default
50ms_1pct-559,2026-09-24T22:50:29+05:45,50ms_1pct,measure,ecdsa,X25519MLKEM768,295.192,1,X25519MLKEM768,ecdsa_secp256r1_sha256,0,2381,1466,0,-provider_default
50ms_1pct-560,2026-09-24T22:50:29+05:45,50ms_1pct,measure,mldsa,SecP256r1MLKEM768,335.115,1,SecP256r1MLKEM768,mldsa65,0,15914,1499,0,-provider_default
50ms_1pct-561,2026-09-24T22:50:30+05:45,50ms_1pct,measure,ecdsa,SecP256r1MLKEM768,350.739,1,SecP256r1MLKEM768,ecdsa_secp256r1_sha256,0,2427,1499,0,-provider_default
50ms_1pct-562,2026-09-24T22:50:30+05:45,50ms_1pct,measure,ecdsa,P-256,315.060,1,prime256v1,ecdsa_secp256r1_sha256,0,1339,323,0,-provider_default
50ms_1pct-563,2026-09-24T22:50:31+05:45,50ms_1pct,measure,mldsa,X25519MLKEM768,253.081,1,X25519MLKEM768,mldsa65,0,15867,1466,0,-provider_default
50ms_1pct-564,2026-09-24T22:50:31+05:45,50ms_1pct,measure,ecdsa,SecP256r1MLKEM768,255.406,1,SecP256r1MLKEM768,ecdsa_secp256r1_sha256,0,2426,1499,0,-provider_default
50ms_1pct-565,2026-09-24T22:50:32+05:45,50ms_1pct,measure,mldsa,X25519MLKEM768,311.430,1,X25519MLKEM768,mldsa65,0,15867,1466,0,-provider_default
50ms_1pct-566,2026-09-24T22:50:32+05:45,50ms_1pct,measure,mldsa,X25519,282.405,1,X25519,mldsa65,0,14793,290,0,-provider_default
50ms_1pct-567,2026-09-24T22:50:32+05:45,50ms_1pct,measure,mldsa,P-256,359.608,1,prime256v1,mldsa65,0,14826,323,0,-provider_default
50ms_1pct-568,2026-09-24T22:50:33+05:45,50ms_1pct,measure,ecdsa,SecP256r1MLKEM768,215.672,1,SecP256r1MLKEM768,ecdsa_secp256r1_sha256,0,2428,1499,0,-provider_default
50ms_1pct-569,2026-09-24T22:50:34+05:45,50ms_1pct,measure,ecdsa,P-256,566.960,1,prime256v1,ecdsa_secp256r1_sha256,0,1339,323,0,-provider_default
50ms_1pct-570,2026-09-24T22:50:34+05:45,50ms_1pct,measure,ecdsa,P-256,483.996,1,prime256v1,ecdsa_secp256r1_sha256,0,1339,323,0,-provider_default
50ms_1pct-571,2026-09-24T22:50:36+05:45,50ms_1pct,measure,mldsa,X25519MLKEM768,1516.011,1,X25519MLKEM768,mldsa65,0,15867,1466,2,-provider_default
50ms_1pct-572,2026-09-24T22:50:36+05:45,50ms_1pct,measure,mldsa,X25519,253.804,1,X25519,mldsa65,0,14793,290,0,-provider_default
50ms_1pct-573,2026-09-24T22:50:37+05:45,50ms_1pct,measure,ecdsa,X25519,286.262,1,X25519,ecdsa_secp256r1_sha256,0,1306,290,0,-provider_default
50ms_1pct-574,2026-09-24T22:50:37+05:45,50ms_1pct,measure,mldsa,X25519MLKEM768,247.809,1,X25519MLKEM768,mldsa65,0,15867,1466,0,-provider_default
50ms_1pct-575,2026-09-24T22:50:37+05:45,50ms_1pct,measure,mldsa,SecP256r1MLKEM768,250.236,1,SecP256r1MLKEM768,mldsa65,0,15914,1499,0,-provider_default
50ms_1pct-576,2026-09-24T22:50:38+05:45,50ms_1pct,measure,mldsa,X25519MLKEM768,270.783,1,X25519MLKEM768,mldsa65,0,15867,1466,0,-provider_default
50ms_1pct-577,2026-09-24T22:50:38+05:45,50ms_1pct,measure,mldsa,P-256,363.013,1,prime256v1,mldsa65,0,14826,323,0,-provider_default
50ms_1pct-578,2026-09-24T22:50:39+05:45,50ms_1pct,measure,ecdsa,X25519MLKEM768,305.933,1,X25519MLKEM768,ecdsa_secp256r1_sha256,0,2380,1466,0,-provider_default
50ms_1pct-579,2026-09-24T22:50:39+05:45,50ms_1pct,measure,ecdsa,X25519,209.521,1,X25519,ecdsa_secp256r1_sha256,0,1306,290,0,-provider_default
50ms_1pct-580,2026-09-24T22:50:39+05:45,50ms_1pct,measure,ecdsa,SecP256r1MLKEM768,205.246,1,SecP256r1MLKEM768,ecdsa_secp256r1_sha256,0,2427,1499,0,-provider_default
50ms_1pct-581,2026-09-24T22:50:40+05:45,50ms_1pct,measure,mldsa,SecP256r1MLKEM768,332.459,1,SecP256r1MLKEM768,mldsa65,0,15914,1499,0,-provider_default
50ms_1pct-582,2026-09-24T22:50:40+05:45,50ms_1pct,measure,ecdsa,X25519,206.994,1,X25519,ecdsa_secp256r1_sha256,0,1306,290,0,-provider_default
50ms_1pct-583,2026-09-24T22:50:40+05:45,50ms_1pct,measure,ecdsa,P-256,197.930,1,prime256v1,ecdsa_secp256r1_sha256,0,1338,323,0,-provider_default
50ms_1pct-584,2026-09-24T22:50:41+05:45,50ms_1pct,measure,mldsa,P-256,389.518,1,prime256v1,mldsa65,0,14826,323,0,-provider_default
50ms_1pct-585,2026-09-24T22:50:41+05:45,50ms_1pct,measure,mldsa,SecP256r1MLKEM768,343.607,1,SecP256r1MLKEM768,mldsa65,0,15914,1499,0,-provider_default
50ms_1pct-586,2026-09-24T22:50:42+05:45,50ms_1pct,measure,ecdsa,X25519MLKEM768,311.238,1,X25519MLKEM768,ecdsa_secp256r1_sha256,0,2380,1466,0,-provider_default
50ms_1pct-587,2026-09-24T22:50:42+05:45,50ms_1pct,measure,ecdsa,X25519,331.194,1,X25519,ecdsa_secp256r1_sha256,0,1306,290,0,-provider_default
50ms_1pct-588,2026-09-24T22:50:43+05:45,50ms_1pct,measure,ecdsa,SecP256r1MLKEM768,388.167,1,SecP256r1MLKEM768,ecdsa_secp256r1_sha256,0,2428,1499,0,-provider_default
50ms_1pct-589,2026-09-24T22:50:43+05:45,50ms_1pct,measure,mldsa,X25519MLKEM768,274.742,1,X25519MLKEM768,mldsa65,0,15867,1466,0,-provider_default
50ms_1pct-590,2026-09-24T22:50:45+05:45,50ms_1pct,measure,ecdsa,SecP256r1MLKEM768,1246.717,1,SecP256r1MLKEM768,ecdsa_secp256r1_sha256,0,2427,1499,1,-provider_default
50ms_1pct-591,2026-09-24T22:50:45+05:45,50ms_1pct,measure,mldsa,P-256,515.902,1,prime256v1,mldsa65,0,14826,323,0,-provider_default
50ms_1pct-592,2026-09-24T22:50:46+05:45,50ms_1pct,measure,mldsa,X25519MLKEM768,487.655,1,X25519MLKEM768,mldsa65,0,15867,1466,0,-provider_default
50ms_1pct-593,2026-09-24T22:50:46+05:45,50ms_1pct,measure,ecdsa,SecP256r1MLKEM768,224.958,1,SecP256r1MLKEM768,ecdsa_secp256r1_sha256,0,2427,1499,1,-provider_default
50ms_1pct-594,2026-09-24T22:50:47+05:45,50ms_1pct,measure,mldsa,X25519MLKEM768,265.388,1,X25519MLKEM768,mldsa65,0,15867,1466,0,-provider_default
50ms_1pct-595,2026-09-24T22:50:47+05:45,50ms_1pct,measure,mldsa,X25519MLKEM768,451.821,1,X25519MLKEM768,mldsa65,0,15867,1466,0,-provider_default
50ms_1pct-596,2026-09-24T22:50:48+05:45,50ms_1pct,measure,ecdsa,SecP256r1MLKEM768,240.256,1,SecP256r1MLKEM768,ecdsa_secp256r1_sha256,0,2427,1499,0,-provider_default
50ms_1pct-597,2026-09-24T22:50:48+05:45,50ms_1pct,measure,ecdsa,SecP256r1MLKEM768,287.464,1,SecP256r1MLKEM768,ecdsa_secp256r1_sha256,0,2427,1499,0,-provider_default
50ms_1pct-598,2026-09-24T22:50:48+05:45,50ms_1pct,measure,mldsa,X25519,378.721,1,X25519,mldsa65,0,14793,290,0,-provider_default
50ms_1pct-599,2026-09-24T22:50:49+05:45,50ms_1pct,measure,ecdsa,X25519MLKEM768,229.584,1,X25519MLKEM768,ecdsa_secp256r1_sha256,0,2379,1466,0,-provider_default
50ms_1pct-600,2026-09-24T22:50:49+05:45,50ms_1pct,measure,ecdsa,X25519,258.361,1,X25519,ecdsa_secp256r1_sha256,0,1307,290,0,-provider_default
50ms_1pct-601,2026-09-24T22:50:50+05:45,50ms_1pct,measure,ecdsa,SecP256r1MLKEM768,474.287,1,SecP256r1MLKEM768,ecdsa_secp256r1_sha256,0,2428,1499,0,-provider_default
50ms_1pct-602,2026-09-24T22:50:50+05:45,50ms_1pct,measure,ecdsa,X25519,201.142,1,X25519,ecdsa_secp256r1_sha256,0,1305,290,0,-provider_default
50ms_1pct-603,2026-09-24T22:50:51+05:45,50ms_1pct,measure,ecdsa,X25519,326.212,1,X25519,ecdsa_secp256r1_sha256,0,1305,290,0,-provider_default
50ms_1pct-604,2026-09-24T22:50:51+05:45,50ms_1pct,measure,ecdsa,X25519,241.858,1,X25519,ecdsa_secp256r1_sha256,0,1306,290,0,-provider_default
50ms_1pct-605,2026-09-24T22:50:51+05:45,50ms_1pct,measure,mldsa,P-256,430.208,1,prime256v1,mldsa65,0,14826,323,0,-provider_default
50ms_1pct-606,2026-09-24T22:50:52+05:45,50ms_1pct,measure,mldsa,SecP256r1MLKEM768,608.454,1,SecP256r1MLKEM768,mldsa65,0,15914,1499,0,-provider_default
50ms_1pct-607,2026-09-24T22:50:53+05:45,50ms_1pct,measure,mldsa,SecP256r1MLKEM768,322.035,1,SecP256r1MLKEM768,mldsa65,0,15914,1499,0,-provider_default
50ms_1pct-608,2026-09-24T22:50:53+05:45,50ms_1pct,measure,ecdsa,P-256,214.328,1,prime256v1,ecdsa_secp256r1_sha256,0,1339,323,0,-provider_default
50ms_1pct-609,2026-09-24T22:50:53+05:45,50ms_1pct,measure,ecdsa,P-256,209.767,1,prime256v1,ecdsa_secp256r1_sha256,0,1340,323,0,-provider_default
50ms_1pct-610,2026-09-24T22:50:54+05:45,50ms_1pct,measure,mldsa,SecP256r1MLKEM768,587.904,1,SecP256r1MLKEM768,mldsa65,0,15914,1499,1,-provider_default
50ms_1pct-611,2026-09-24T22:50:54+05:45,50ms_1pct,measure,ecdsa,X25519MLKEM768,209.509,1,X25519MLKEM768,ecdsa_secp256r1_sha256,0,2379,1466,0,-provider_default
50ms_1pct-612,2026-09-24T22:50:55+05:45,50ms_1pct,measure,ecdsa,SecP256r1MLKEM768,314.285,1,SecP256r1MLKEM768,ecdsa_secp256r1_sha256,0,2427,1499,0,-provider_default
50ms_1pct-613,2026-09-24T22:50:55+05:45,50ms_1pct,measure,ecdsa,X25519MLKEM768,210.900,1,X25519MLKEM768,ecdsa_secp256r1_sha256,0,2380,1466,0,-provider_default
50ms_1pct-614,2026-09-24T22:50:56+05:45,50ms_1pct,measure,ecdsa,X25519,332.197,1,X25519,ecdsa_secp256r1_sha256,0,1306,290,0,-provider_default
50ms_1pct-615,2026-09-24T22:50:56+05:45,50ms_1pct,measure,mldsa,SecP256r1MLKEM768,268.144,1,SecP256r1MLKEM768,mldsa65,0,15914,1499,0,-provider_default
50ms_1pct-616,2026-09-24T22:50:56+05:45,50ms_1pct,measure,ecdsa,X25519,198.991,1,X25519,ecdsa_secp256r1_sha256,0,1305,290,0,-provider_default
50ms_1pct-617,2026-09-24T22:50:57+05:45,50ms_1pct,measure,mldsa,SecP256r1MLKEM768,280.551,1,SecP256r1MLKEM768,mldsa65,0,15914,1499,0,-provider_default
50ms_1pct-618,2026-09-24T22:50:57+05:45,50ms_1pct,measure,ecdsa,SecP256r1MLKEM768,354.778,1,SecP256r1MLKEM768,ecdsa_secp256r1_sha256,0,2427,1499,0,-provider_default
50ms_1pct-619,2026-09-24T22:50:58+05:45,50ms_1pct,measure,ecdsa,X25519MLKEM768,263.093,1,X25519MLKEM768,ecdsa_secp256r1_sha256,0,2381,1466,0,-provider_default
50ms_1pct-620,2026-09-24T22:50:58+05:45,50ms_1pct,measure,mldsa,X25519,408.895,1,X25519,mldsa65,0,14793,290,0,-provider_default
50ms_1pct-621,2026-09-24T22:50:59+05:45,50ms_1pct,measure,ecdsa,SecP256r1MLKEM768,265.393,1,SecP256r1MLKEM768,ecdsa_secp256r1_sha256,0,2427,1499,0,-provider_default
50ms_1pct-622,2026-09-24T22:50:59+05:45,50ms_1pct,measure,ecdsa,P-256,293.091,1,prime256v1,ecdsa_secp256r1_sha256,0,1338,323,0,-provider_default
50ms_1pct-623,2026-09-24T22:50:59+05:45,50ms_1pct,measure,mldsa,X25519,331.177,1,X25519,mldsa65,0,14793,290,0,-provider_default
50ms_1pct-624,2026-09-24T22:51:00+05:45,50ms_1pct,measure,ecdsa,P-256,251.877,1,prime256v1,ecdsa_secp256r1_sha256,0,1339,323,0,-provider_default
50ms_1pct-625,2026-09-24T22:51:00+05:45,50ms_1pct,measure,mldsa,SecP256r1MLKEM768,287.867,1,SecP256r1MLKEM768,mldsa65,0,15914,1499,0,-provider_default
50ms_1pct-626,2026-09-24T22:51:01+05:45,50ms_1pct,measure,ecdsa,SecP256r1MLKEM768,295.645,1,SecP256r1MLKEM768,ecdsa_secp256r1_sha256,0,2427,1499,0,-provider_default
50ms_1pct-627,2026-09-24T22:51:01+05:45,50ms_1pct,measure,ecdsa,X25519MLKEM768,272.609,1,X25519MLKEM768,ecdsa_secp256r1_sha256,0,2380,1466,0,-provider_default
50ms_1pct-628,2026-09-24T22:51:02+05:45,50ms_1pct,measure,mldsa,X25519MLKEM768,302.723,1,X25519MLKEM768,mldsa65,0,15867,1466,0,-provider_default
50ms_1pct-629,2026-09-24T22:51:02+05:45,50ms_1pct,measure,ecdsa,X25519,245.760,1,X25519,ecdsa_secp256r1_sha256,0,1306,290,0,-provider_default
50ms_1pct-630,2026-09-24T22:51:02+05:45,50ms_1pct,measure,ecdsa,X25519MLKEM768,248.625,1,X25519MLKEM768,ecdsa_secp256r1_sha256,0,2379,1466,0,-provider_default
50ms_1pct-631,2026-09-24T22:51:04+05:45,50ms_1pct,measure,mldsa,X25519,1443.836,1,X25519,mldsa65,0,14793,290,1,-provider_default
50ms_1pct-632,2026-09-24T22:51:05+05:45,50ms_1pct,measure,mldsa,P-256,813.127,1,prime256v1,mldsa65,0,14826,323,0,-provider_default
50ms_1pct-633,2026-09-24T22:51:05+05:45,50ms_1pct,measure,mldsa,SecP256r1MLKEM768,378.464,1,SecP256r1MLKEM768,mldsa65,0,15914,1499,0,-provider_default
50ms_1pct-634,2026-09-24T22:51:06+05:45,50ms_1pct,measure,mldsa,X25519MLKEM768,328.743,1,X25519MLKEM768,mldsa65,0,15867,1466,0,-provider_default
50ms_1pct-635,2026-09-24T22:51:06+05:45,50ms_1pct,measure,mldsa,SecP256r1MLKEM768,390.025,1,SecP256r1MLKEM768,mldsa65,0,15914,1499,0,-provider_default
50ms_1pct-636,2026-09-24T22:51:07+05:45,50ms_1pct,measure,ecdsa,P-256,313.770,1,prime256v1,ecdsa_secp256r1_sha256,0,1338,323,0,-provider_default
50ms_1pct-637,2026-09-24T22:51:07+05:45,50ms_1pct,measure,ecdsa,SecP256r1MLKEM768,224.631,1,SecP256r1MLKEM768,ecdsa_secp256r1_sha256,0,2428,1499,0,-provider_default
50ms_1pct-638,2026-09-24T22:51:08+05:45,50ms_1pct,measure,ecdsa,P-256,297.222,1,prime256v1,ecdsa_secp256r1_sha256,0,1340,323,0,-provider_default
50ms_1pct-639,2026-09-24T22:51:08+05:45,50ms_1pct,measure,ecdsa,SecP256r1MLKEM768,280.610,1,SecP256r1MLKEM768,ecdsa_secp256r1_sha256,0,2426,1499,0,-provider_default
50ms_1pct-640,2026-09-24T22:51:09+05:45,50ms_1pct,measure,ecdsa,X25519MLKEM768,602.551,1,X25519MLKEM768,ecdsa_secp256r1_sha256,0,2380,1466,0,-provider_default
50ms_1pct-641,2026-09-24T22:51:09+05:45,50ms_1pct,measure,mldsa,P-256,310.274,1,prime256v1,mldsa65,0,14826,323,0,-provider_default
50ms_1pct-642,2026-09-24T22:51:10+05:45,50ms_1pct,measure,ecdsa,SecP256r1MLKEM768,228.598,1,SecP256r1MLKEM768,ecdsa_secp256r1_sha256,0,2427,1499,0,-provider_default
50ms_1pct-643,2026-09-24T22:51:10+05:45,50ms_1pct,measure,ecdsa,P-256,188.989,1,prime256v1,ecdsa_secp256r1_sha256,0,1340,323,0,-provider_default
50ms_1pct-644,2026-09-24T22:51:10+05:45,50ms_1pct,measure,mldsa,SecP256r1MLKEM768,256.235,1,SecP256r1MLKEM768,mldsa65,0,15914,1499,0,-provider_default
50ms_1pct-645,2026-09-24T22:51:10+05:45,50ms_1pct,measure,ecdsa,SecP256r1MLKEM768,271.954,1,SecP256r1MLKEM768,ecdsa_secp256r1_sha256,0,2427,1499,0,-provider_default
50ms_1pct-646,2026-09-24T22:51:11+05:45,50ms_1pct,measure,ecdsa,SecP256r1MLKEM768,293.747,1,SecP256r1MLKEM768,ecdsa_secp256r1_sha256,0,2428,1499,0,-provider_default
50ms_1pct-647,2026-09-24T22:51:11+05:45,50ms_1pct,measure,ecdsa,X25519,315.125,1,X25519,ecdsa_secp256r1_sha256,0,1306,290,0,-provider_default
50ms_1pct-648,2026-09-24T22:51:12+05:45,50ms_1pct,measure,ecdsa,X25519,352.498,1,X25519,ecdsa_secp256r1_sha256,0,1306,290,0,-provider_default
50ms_1pct-649,2026-09-24T22:51:12+05:45,50ms_1pct,measure,mldsa,X25519MLKEM768,368.338,1,X25519MLKEM768,mldsa65,0,15867,1466,1,-provider_default
50ms_1pct-650,2026-09-24T22:51:12+05:45,50ms_1pct,measure,mldsa,P-256,259.996,1,prime256v1,mldsa65,0,14826,323,0,-provider_default
50ms_1pct-651,2026-09-24T22:51:13+05:45,50ms_1pct,measure,mldsa,SecP256r1MLKEM768,261.210,1,SecP256r1MLKEM768,mldsa65,0,15914,1499,0,-provider_default
50ms_1pct-652,2026-09-24T22:51:13+05:45,50ms_1pct,measure,ecdsa,X25519MLKEM768,230.009,1,X25519MLKEM768,ecdsa_secp256r1_sha256,0,2380,1466,0,-provider_default
50ms_1pct-653,2026-09-24T22:51:13+05:45,50ms_1pct,measure,ecdsa,SecP256r1MLKEM768,228.732,1,SecP256r1MLKEM768,ecdsa_secp256r1_sha256,0,2427,1499,0,-provider_default
50ms_1pct-654,2026-09-24T22:51:14+05:45,50ms_1pct,measure,mldsa,X25519,309.373,1,X25519,mldsa65,0,14793,290,0,-provider_default
50ms_1pct-655,2026-09-24T22:51:15+05:45,50ms_1pct,measure,mldsa,X25519,1336.138,1,X25519,mldsa65,0,14793,290,1,-provider_default
50ms_1pct-656,2026-09-24T22:51:15+05:45,50ms_1pct,measure,ecdsa,SecP256r1MLKEM768,215.648,1,SecP256r1MLKEM768,ecdsa_secp256r1_sha256,0,2427,1499,0,-provider_default
50ms_1pct-657,2026-09-24T22:51:16+05:45,50ms_1pct,measure,mldsa,P-256,299.292,1,prime256v1,mldsa65,0,14826,323,0,-provider_default
50ms_1pct-658,2026-09-24T22:51:16+05:45,50ms_1pct,measure,ecdsa,P-256,227.329,1,prime256v1,ecdsa_secp256r1_sha256,0,1339,323,0,-provider_default
50ms_1pct-659,2026-09-24T22:51:17+05:45,50ms_1pct,measure,mldsa,SecP256r1MLKEM768,264.912,1,SecP256r1MLKEM768,mldsa65,0,15914,1499,0,-provider_default
50ms_1pct-660,2026-09-24T22:51:18+05:45,50ms_1pct,measure,mldsa,SecP256r1MLKEM768,1377.803,1,SecP256r1MLKEM768,mldsa65,0,15914,1499,1,-provider_default
50ms_1pct-661,2026-09-24T22:51:19+05:45,50ms_1pct,measure,ecdsa,SecP256r1MLKEM768,467.531,1,SecP256r1MLKEM768,ecdsa_secp256r1_sha256,0,2427,1499,0,-provider_default
50ms_1pct-662,2026-09-24T22:51:19+05:45,50ms_1pct,measure,ecdsa,P-256,248.251,1,prime256v1,ecdsa_secp256r1_sha256,0,1339,323,0,-provider_default
50ms_1pct-663,2026-09-24T22:51:19+05:45,50ms_1pct,measure,ecdsa,X25519MLKEM768,312.193,1,X25519MLKEM768,ecdsa_secp256r1_sha256,0,2379,1466,1,-provider_default
50ms_1pct-664,2026-09-24T22:51:20+05:45,50ms_1pct,measure,ecdsa,X25519,257.308,1,X25519,ecdsa_secp256r1_sha256,0,1305,290,0,-provider_default
50ms_1pct-665,2026-09-24T22:51:20+05:45,50ms_1pct,measure,mldsa,SecP256r1MLKEM768,302.496,1,SecP256r1MLKEM768,mldsa65,0,15914,1499,0,-provider_default
50ms_1pct-666,2026-09-24T22:51:20+05:45,50ms_1pct,measure,mldsa,P-256,381.988,1,prime256v1,mldsa65,0,14826,323,0,-provider_default
50ms_1pct-667,2026-09-24T22:51:21+05:45,50ms_1pct,measure,mldsa,X25519,390.161,1,X25519,mldsa65,0,14793,290,0,-provider_default
50ms_1pct-668,2026-09-24T22:51:21+05:45,50ms_1pct,measure,mldsa,SecP256r1MLKEM768,288.113,1,SecP256r1MLKEM768,mldsa65,0,15914,1499,0,-provider_default
50ms_1pct-669,2026-09-24T22:51:21+05:45,50ms_1pct,measure,ecdsa,P-256,246.434,1,prime256v1,ecdsa_secp256r1_sha256,0,1340,323,0,-provider_default
50ms_1pct-670,2026-09-24T22:51:22+05:45,50ms_1pct,measure,mldsa,X25519,312.416,1,X25519,mldsa65,0,14793,290,0,-provider_default
50ms_1pct-671,2026-09-24T22:51:22+05:45,50ms_1pct,measure,mldsa,P-256,332.480,1,prime256v1,mldsa65,0,14826,323,0,-provider_default
50ms_1pct-672,2026-09-24T22:51:22+05:45,50ms_1pct,measure,mldsa,P-256,260.111,1,prime256v1,mldsa65,0,14826,323,0,-provider_default
50ms_1pct-673,2026-09-24T22:51:23+05:45,50ms_1pct,measure,ecdsa,P-256,281.338,1,prime256v1,ecdsa_secp256r1_sha256,0,1339,323,0,-provider_default
50ms_1pct-674,2026-09-24T22:51:23+05:45,50ms_1pct,measure,mldsa,P-256,407.835,1,prime256v1,mldsa65,0,14826,323,1,-provider_default
50ms_1pct-675,2026-09-24T22:51:24+05:45,50ms_1pct,measure,mldsa,X25519,363.534,1,X25519,mldsa65,0,14793,290,0,-provider_default
50ms_1pct-676,2026-09-24T22:51:24+05:45,50ms_1pct,measure,ecdsa,X25519,293.832,1,X25519,ecdsa_secp256r1_sha256,0,1307,290,1,-provider_default
50ms_1pct-677,2026-09-24T22:51:24+05:45,50ms_1pct,measure,ecdsa,X25519,270.061,1,X25519,ecdsa_secp256r1_sha256,0,1306,290,0,-provider_default
50ms_1pct-678,2026-09-24T22:51:25+05:45,50ms_1pct,measure,ecdsa,X25519MLKEM768,490.924,1,X25519MLKEM768,ecdsa_secp256r1_sha256,0,2380,1466,0,-provider_default
50ms_1pct-679,2026-09-24T22:51:25+05:45,50ms_1pct,measure,ecdsa,SecP256r1MLKEM768,219.849,1,SecP256r1MLKEM768,ecdsa_secp256r1_sha256,0,2427,1499,0,-provider_default
50ms_1pct-680,2026-09-24T22:51:26+05:45,50ms_1pct,measure,ecdsa,X25519,203.233,1,X25519,ecdsa_secp256r1_sha256,0,1307,290,0,-provider_default
50ms_1pct-681,2026-09-24T22:51:26+05:45,50ms_1pct,measure,ecdsa,SecP256r1MLKEM768,209.807,1,SecP256r1MLKEM768,ecdsa_secp256r1_sha256,0,2426,1499,0,-provider_default
50ms_1pct-682,2026-09-24T22:51:26+05:45,50ms_1pct,measure,ecdsa,X25519,222.501,1,X25519,ecdsa_secp256r1_sha256,0,1306,290,0,-provider_default
50ms_1pct-683,2026-09-24T22:51:27+05:45,50ms_1pct,measure,mldsa,X25519MLKEM768,490.308,1,X25519MLKEM768,mldsa65,0,15867,1466,1,-provider_default
50ms_1pct-684,2026-09-24T22:51:27+05:45,50ms_1pct,measure,mldsa,SecP256r1MLKEM768,274.673,1,SecP256r1MLKEM768,mldsa65,0,15914,1499,0,-provider_default
50ms_1pct-685,2026-09-24T22:51:27+05:45,50ms_1pct,measure,mldsa,X25519MLKEM768,222.504,1,X25519MLKEM768,mldsa65,0,15867,1466,0,-provider_default
50ms_1pct-686,2026-09-24T22:51:28+05:45,50ms_1pct,measure,mldsa,X25519MLKEM768,275.162,1,X25519MLKEM768,mldsa65,0,15867,1466,0,-provider_default
50ms_1pct-687,2026-09-24T22:51:28+05:45,50ms_1pct,measure,mldsa,X25519MLKEM768,286.808,1,X25519MLKEM768,mldsa65,0,15867,1466,0,-provider_default
50ms_1pct-688,2026-09-24T22:51:28+05:45,50ms_1pct,measure,ecdsa,X25519MLKEM768,192.679,1,X25519MLKEM768,ecdsa_secp256r1_sha256,0,2381,1466,0,-provider_default
50ms_1pct-689,2026-09-24T22:51:29+05:45,50ms_1pct,measure,mldsa,SecP256r1MLKEM768,354.171,1,SecP256r1MLKEM768,mldsa65,0,15914,1499,0,-provider_default
50ms_1pct-690,2026-09-24T22:51:29+05:45,50ms_1pct,measure,mldsa,P-256,309.297,1,prime256v1,mldsa65,0,14826,323,0,-provider_default
50ms_1pct-691,2026-09-24T22:51:29+05:45,50ms_1pct,measure,ecdsa,X25519,223.656,1,X25519,ecdsa_secp256r1_sha256,0,1306,290,0,-provider_default
50ms_1pct-692,2026-09-24T22:51:30+05:45,50ms_1pct,measure,ecdsa,X25519MLKEM768,244.423,1,X25519MLKEM768,ecdsa_secp256r1_sha256,0,2379,1466,0,-provider_default
50ms_1pct-693,2026-09-24T22:51:30+05:45,50ms_1pct,measure,ecdsa,P-256,610.483,1,prime256v1,ecdsa_secp256r1_sha256,0,1339,323,0,-provider_default
50ms_1pct-694,2026-09-24T22:51:31+05:45,50ms_1pct,measure,ecdsa,X25519MLKEM768,229.380,1,X25519MLKEM768,ecdsa_secp256r1_sha256,0,2379,1466,0,-provider_default
50ms_1pct-695,2026-09-24T22:51:31+05:45,50ms_1pct,measure,ecdsa,X25519MLKEM768,313.400,1,X25519MLKEM768,ecdsa_secp256r1_sha256,0,2379,1466,0,-provider_default
50ms_1pct-696,2026-09-24T22:51:31+05:45,50ms_1pct,measure,ecdsa,SecP256r1MLKEM768,222.401,1,SecP256r1MLKEM768,ecdsa_secp256r1_sha256,0,2425,1499,0,-provider_default
50ms_1pct-697,2026-09-24T22:51:32+05:45,50ms_1pct,measure,mldsa,X25519MLKEM768,424.210,1,X25519MLKEM768,mldsa65,0,15867,1466,0,-provider_default
50ms_1pct-698,2026-09-24T22:51:32+05:45,50ms_1pct,measure,ecdsa,X25519,254.711,1,X25519,ecdsa_secp256r1_sha256,0,1306,290,0,-provider_default
50ms_1pct-699,2026-09-24T22:51:32+05:45,50ms_1pct,measure,ecdsa,P-256,225.231,1,prime256v1,ecdsa_secp256r1_sha256,0,1339,323,0,-provider_default
50ms_1pct-700,2026-09-24T22:51:33+05:45,50ms_1pct,measure,mldsa,X25519,528.776,1,X25519,mldsa65,0,14793,290,0,-provider_default
50ms_1pct-701,2026-09-24T22:51:34+05:45,50ms_1pct,measure,mldsa,X25519,343.380,1,X25519,mldsa65,0,14793,290,0,-provider_default
50ms_1pct-702,2026-09-24T22:51:34+05:45,50ms_1pct,measure,mldsa,SecP256r1MLKEM768,564.146,1,SecP256r1MLKEM768,mldsa65,0,15914,1499,0,-provider_default
50ms_1pct-703,2026-09-24T22:51:34+05:45,50ms_1pct,measure,ecdsa,X25519,292.023,1,X25519,ecdsa_secp256r1_sha256,0,1306,290,0,-provider_default
50ms_1pct-704,2026-09-24T22:51:35+05:45,50ms_1pct,measure,ecdsa,P-256,269.731,1,prime256v1,ecdsa_secp256r1_sha256,0,1339,323,0,-provider_default
50ms_1pct-705,2026-09-24T22:51:35+05:45,50ms_1pct,measure,ecdsa,SecP256r1MLKEM768,202.968,1,SecP256r1MLKEM768,ecdsa_secp256r1_sha256,0,2427,1499,0,-provider_default
50ms_1pct-706,2026-09-24T22:51:35+05:45,50ms_1pct,measure,ecdsa,X25519MLKEM768,182.967,1,X25519MLKEM768,ecdsa_secp256r1_sha256,0,2380,1466,0,-provider_default
50ms_1pct-707,2026-09-24T22:51:36+05:45,50ms_1pct,measure,ecdsa,SecP256r1MLKEM768,247.564,1,SecP256r1MLKEM768,ecdsa_secp256r1_sha256,0,2427,1499,0,-provider_default
50ms_1pct-708,2026-09-24T22:51:36+05:45,50ms_1pct,measure,ecdsa,X25519,305.402,1,X25519,ecdsa_secp256r1_sha256,0,1305,290,0,-provider_default
50ms_1pct-709,2026-09-24T22:51:37+05:45,50ms_1pct,measure,mldsa,X25519MLKEM768,707.643,1,X25519MLKEM768,mldsa65,0,15867,1466,0,-provider_default
50ms_1pct-710,2026-09-24T22:51:37+05:45,50ms_1pct,measure,ecdsa,X25519,276.206,1,X25519,ecdsa_secp256r1_sha256,0,1305,290,0,-provider_default
50ms_1pct-711,2026-09-24T22:51:38+05:45,50ms_1pct,measure,mldsa,P-256,281.523,1,prime256v1,mldsa65,0,14826,323,0,-provider_default
50ms_1pct-712,2026-09-24T22:51:38+05:45,50ms_1pct,measure,ecdsa,X25519MLKEM768,349.642,1,X25519MLKEM768,ecdsa_secp256r1_sha256,0,2381,1466,0,-provider_default
50ms_1pct-713,2026-09-24T22:51:38+05:45,50ms_1pct,measure,ecdsa,X25519MLKEM768,286.618,1,X25519MLKEM768,ecdsa_secp256r1_sha256,0,2380,1466,0,-provider_default
50ms_1pct-714,2026-09-24T22:51:39+05:45,50ms_1pct,measure,mldsa,X25519,332.741,1,X25519,mldsa65,0,14793,290,1,-provider_default
50ms_1pct-715,2026-09-24T22:51:40+05:45,50ms_1pct,measure,ecdsa,P-256,1294.356,1,prime256v1,ecdsa_secp256r1_sha256,0,1338,323,1,-provider_default
50ms_1pct-716,2026-09-24T22:51:40+05:45,50ms_1pct,measure,ecdsa,X25519MLKEM768,286.551,1,X25519MLKEM768,ecdsa_secp256r1_sha256,0,2381,1466,0,-provider_default
50ms_1pct-717,2026-09-24T22:51:41+05:45,50ms_1pct,measure,mldsa,X25519MLKEM768,351.845,1,X25519MLKEM768,mldsa65,0,15867,1466,0,-provider_default
50ms_1pct-718,2026-09-24T22:51:41+05:45,50ms_1pct,measure,mldsa,X25519,241.654,1,X25519,mldsa65,0,14793,290,0,-provider_default
50ms_1pct-719,2026-09-24T22:51:41+05:45,50ms_1pct,measure,ecdsa,X25519,205.561,1,X25519,ecdsa_secp256r1_sha256,0,1307,290,0,-provider_default
50ms_1pct-720,2026-09-24T22:51:42+05:45,50ms_1pct,measure,ecdsa,X25519MLKEM768,225.323,1,X25519MLKEM768,ecdsa_secp256r1_sha256,0,2381,1466,0,-provider_default
50ms_1pct-721,2026-09-24T22:51:42+05:45,50ms_1pct,measure,mldsa,X25519MLKEM768,273.548,1,X25519MLKEM768,mldsa65,0,15867,1466,0,-provider_default
50ms_1pct-722,2026-09-24T22:51:42+05:45,50ms_1pct,measure,ecdsa,SecP256r1MLKEM768,337.334,1,SecP256r1MLKEM768,ecdsa_secp256r1_sha256,0,2427,1499,0,-provider_default
50ms_1pct-723,2026-09-24T22:51:43+05:45,50ms_1pct,measure,ecdsa,X25519MLKEM768,219.217,1,X25519MLKEM768,ecdsa_secp256r1_sha256,0,2379,1466,0,-provider_default
50ms_1pct-724,2026-09-24T22:51:43+05:45,50ms_1pct,measure,ecdsa,X25519,228.942,1,X25519,ecdsa_secp256r1_sha256,0,1306,290,0,-provider_default
50ms_1pct-725,2026-09-24T22:51:43+05:45,50ms_1pct,measure,mldsa,P-256,310.068,1,prime256v1,mldsa65,0,14826,323,0,-provider_default
50ms_1pct-726,2026-09-24T22:51:44+05:45,50ms_1pct,measure,mldsa,SecP256r1MLKEM768,243.751,1,SecP256r1MLKEM768,mldsa65,0,15914,1499,0,-provider_default
50ms_1pct-727,2026-09-24T22:51:44+05:45,50ms_1pct,measure,ecdsa,X25519MLKEM768,216.191,1,X25519MLKEM768,ecdsa_secp256r1_sha256,0,2380,1466,0,-provider_default
50ms_1pct-728,2026-09-24T22:51:44+05:45,50ms_1pct,measure,ecdsa,P-256,191.641,1,prime256v1,ecdsa_secp256r1_sha256,0,1340,323,0,-provider_default
50ms_1pct-729,2026-09-24T22:51:44+05:45,50ms_1pct,measure,mldsa,X25519MLKEM768,338.338,1,X25519MLKEM768,mldsa65,0,15867,1466,0,-provider_default
50ms_1pct-730,2026-09-24T22:51:45+05:45,50ms_1pct,measure,mldsa,SecP256r1MLKEM768,305.141,1,SecP256r1MLKEM768,mldsa65,0,15914,1499,0,-provider_default
50ms_1pct-731,2026-09-24T22:51:45+05:45,50ms_1pct,measure,ecdsa,X25519MLKEM768,222.463,1,X25519MLKEM768,ecdsa_secp256r1_sha256,0,2380,1466,0,-provider_default
50ms_1pct-732,2026-09-24T22:51:45+05:45,50ms_1pct,measure,ecdsa,SecP256r1MLKEM768,198.384,1,SecP256r1MLKEM768,ecdsa_secp256r1_sha256,0,2427,1499,0,-provider_default
50ms_1pct-733,2026-09-24T22:51:46+05:45,50ms_1pct,measure,mldsa,X25519MLKEM768,226.678,1,X25519MLKEM768,mldsa65,0,15867,1466,0,-provider_default
50ms_1pct-734,2026-09-24T22:51:47+05:45,50ms_1pct,measure,ecdsa,P-256,1215.143,1,prime256v1,ecdsa_secp256r1_sha256,0,1339,323,1,-provider_default
50ms_1pct-735,2026-09-24T22:51:47+05:45,50ms_1pct,measure,mldsa,P-256,301.737,1,prime256v1,mldsa65,0,14826,323,0,-provider_default
50ms_1pct-736,2026-09-24T22:51:48+05:45,50ms_1pct,measure,ecdsa,X25519,243.903,1,X25519,ecdsa_secp256r1_sha256,0,1306,290,0,-provider_default
50ms_1pct-737,2026-09-24T22:51:48+05:45,50ms_1pct,measure,mldsa,X25519,382.922,1,X25519,mldsa65,0,14793,290,0,-provider_default
50ms_1pct-738,2026-09-24T22:51:49+05:45,50ms_1pct,measure,mldsa,SecP256r1MLKEM768,400.313,1,SecP256r1MLKEM768,mldsa65,0,15914,1499,0,-provider_default
50ms_1pct-739,2026-09-24T22:51:49+05:45,50ms_1pct,measure,mldsa,P-256,363.628,1,prime256v1,mldsa65,0,14826,323,0,-provider_default
50ms_1pct-740,2026-09-24T22:51:50+05:45,50ms_1pct,measure,mldsa,X25519,325.769,1,X25519,mldsa65,0,14793,290,0,-provider_default
50ms_1pct-741,2026-09-24T22:51:50+05:45,50ms_1pct,measure,ecdsa,SecP256r1MLKEM768,186.732,1,SecP256r1MLKEM768,ecdsa_secp256r1_sha256,0,2427,1499,0,-provider_default
50ms_1pct-742,2026-09-24T22:51:50+05:45,50ms_1pct,measure,ecdsa,X25519,304.408,1,X25519,ecdsa_secp256r1_sha256,0,1306,290,0,-provider_default
50ms_1pct-743,2026-09-24T22:51:51+05:45,50ms_1pct,measure,mldsa,X25519MLKEM768,289.423,1,X25519MLKEM768,mldsa65,0,15867,1466,0,-provider_default
50ms_1pct-744,2026-09-24T22:51:51+05:45,50ms_1pct,measure,ecdsa,P-256,370.115,1,prime256v1,ecdsa_secp256r1_sha256,0,1340,323,0,-provider_default
50ms_1pct-745,2026-09-24T22:51:52+05:45,50ms_1pct,measure,ecdsa,SecP256r1MLKEM768,219.693,1,SecP256r1MLKEM768,ecdsa_secp256r1_sha256,0,2427,1499,0,-provider_default
50ms_1pct-746,2026-09-24T22:51:52+05:45,50ms_1pct,measure,mldsa,P-256,468.576,1,prime256v1,mldsa65,0,14826,323,0,-provider_default
50ms_1pct-747,2026-09-24T22:51:53+05:45,50ms_1pct,measure,ecdsa,P-256,298.089,1,prime256v1,ecdsa_secp256r1_sha256,0,1339,323,0,-provider_default
50ms_1pct-748,2026-09-24T22:51:53+05:45,50ms_1pct,measure,mldsa,SecP256r1MLKEM768,274.175,1,SecP256r1MLKEM768,mldsa65,0,15914,1499,0,-provider_default
50ms_1pct-749,2026-09-24T22:51:54+05:45,50ms_1pct,measure,mldsa,SecP256r1MLKEM768,372.485,1,SecP256r1MLKEM768,mldsa65,0,15914,1499,0,-provider_default
50ms_1pct-750,2026-09-24T22:51:55+05:45,50ms_1pct,measure,mldsa,P-256,777.895,1,prime256v1,mldsa65,0,14826,323,0,-provider_default
50ms_1pct-751,2026-09-24T22:51:55+05:45,50ms_1pct,measure,ecdsa,X25519,239.163,1,X25519,ecdsa_secp256r1_sha256,0,1306,290,0,-provider_default
50ms_1pct-752,2026-09-24T22:51:55+05:45,50ms_1pct,measure,ecdsa,X25519,313.327,1,X25519,ecdsa_secp256r1_sha256,0,1307,290,1,-provider_default
50ms_1pct-753,2026-09-24T22:51:56+05:45,50ms_1pct,measure,ecdsa,SecP256r1MLKEM768,263.853,1,SecP256r1MLKEM768,ecdsa_secp256r1_sha256,0,2427,1499,0,-provider_default
50ms_1pct-754,2026-09-24T22:51:56+05:45,50ms_1pct,measure,ecdsa,X25519,330.191,1,X25519,ecdsa_secp256r1_sha256,0,1305,290,0,-provider_default
50ms_1pct-755,2026-09-24T22:51:57+05:45,50ms_1pct,measure,mldsa,X25519MLKEM768,276.640,1,X25519MLKEM768,mldsa65,0,15867,1466,0,-provider_default
50ms_1pct-756,2026-09-24T22:51:57+05:45,50ms_1pct,measure,mldsa,SecP256r1MLKEM768,567.633,1,SecP256r1MLKEM768,mldsa65,0,15914,1499,0,-provider_default
50ms_1pct-757,2026-09-24T22:51:58+05:45,50ms_1pct,measure,mldsa,X25519MLKEM768,553.350,1,X25519MLKEM768,mldsa65,0,15867,1466,0,-provider_default
50ms_1pct-758,2026-09-24T22:51:59+05:45,50ms_1pct,measure,mldsa,SecP256r1MLKEM768,388.873,1,SecP256r1MLKEM768,mldsa65,0,15914,1499,0,-provider_default
50ms_1pct-759,2026-09-24T22:51:59+05:45,50ms_1pct,measure,mldsa,X25519MLKEM768,430.782,1,X25519MLKEM768,mldsa65,0,15867,1466,0,-provider_default
50ms_1pct-760,2026-09-24T22:52:00+05:45,50ms_1pct,measure,ecdsa,P-256,286.733,1,prime256v1,ecdsa_secp256r1_sha256,0,1338,323,0,-provider_default
50ms_1pct-761,2026-09-24T22:52:00+05:45,50ms_1pct,measure,ecdsa,X25519MLKEM768,359.390,1,X25519MLKEM768,ecdsa_secp256r1_sha256,0,2379,1466,0,-provider_default
50ms_1pct-762,2026-09-24T22:52:00+05:45,50ms_1pct,measure,ecdsa,X25519MLKEM768,188.495,1,X25519MLKEM768,ecdsa_secp256r1_sha256,0,2381,1466,0,-provider_default
50ms_1pct-763,2026-09-24T22:52:01+05:45,50ms_1pct,measure,ecdsa,X25519,342.669,1,X25519,ecdsa_secp256r1_sha256,0,1306,290,0,-provider_default
50ms_1pct-764,2026-09-24T22:52:01+05:45,50ms_1pct,measure,ecdsa,P-256,199.119,1,prime256v1,ecdsa_secp256r1_sha256,0,1338,323,0,-provider_default
50ms_1pct-765,2026-09-24T22:52:02+05:45,50ms_1pct,measure,ecdsa,SecP256r1MLKEM768,244.061,1,SecP256r1MLKEM768,ecdsa_secp256r1_sha256,0,2428,1499,0,-provider_default
50ms_1pct-766,2026-09-24T22:52:02+05:45,50ms_1pct,measure,mldsa,SecP256r1MLKEM768,316.480,1,SecP256r1MLKEM768,mldsa65,0,15914,1499,0,-provider_default
50ms_1pct-767,2026-09-24T22:52:02+05:45,50ms_1pct,measure,mldsa,X25519MLKEM768,320.131,1,X25519MLKEM768,mldsa65,0,15867,1466,0,-provider_default
50ms_1pct-768,2026-09-24T22:52:03+05:45,50ms_1pct,measure,ecdsa,SecP256r1MLKEM768,214.682,1,SecP256r1MLKEM768,ecdsa_secp256r1_sha256,0,2427,1499,0,-provider_default
50ms_1pct-769,2026-09-24T22:52:03+05:45,50ms_1pct,measure,mldsa,X25519,411.192,1,X25519,mldsa65,0,14793,290,0,-provider_default
50ms_1pct-770,2026-09-24T22:52:04+05:45,50ms_1pct,measure,mldsa,P-256,426.555,1,prime256v1,mldsa65,0,14826,323,0,-provider_default
50ms_1pct-771,2026-09-24T22:52:04+05:45,50ms_1pct,measure,ecdsa,X25519,286.407,1,X25519,ecdsa_secp256r1_sha256,0,1306,290,0,-provider_default
50ms_1pct-772,2026-09-24T22:52:05+05:45,50ms_1pct,measure,mldsa,P-256,347.610,1,prime256v1,mldsa65,0,14826,323,0,-provider_default
50ms_1pct-773,2026-09-24T22:52:05+05:45,50ms_1pct,measure,ecdsa,SecP256r1MLKEM768,205.696,1,SecP256r1MLKEM768,ecdsa_secp256r1_sha256,0,2428,1499,0,-provider_default
50ms_1pct-774,2026-09-24T22:52:06+05:45,50ms_1pct,measure,ecdsa,P-256,229.723,1,prime256v1,ecdsa_secp256r1_sha256,0,1339,323,0,-provider_default
50ms_1pct-775,2026-09-24T22:52:06+05:45,50ms_1pct,measure,mldsa,SecP256r1MLKEM768,381.426,1,SecP256r1MLKEM768,mldsa65,0,15914,1499,0,-provider_default
50ms_1pct-776,2026-09-24T22:52:07+05:45,50ms_1pct,measure,mldsa,P-256,486.737,1,prime256v1,mldsa65,0,14826,323,0,-provider_default
50ms_1pct-777,2026-09-24T22:52:07+05:45,50ms_1pct,measure,ecdsa,X25519MLKEM768,321.548,1,X25519MLKEM768,ecdsa_secp256r1_sha256,0,2380,1466,0,-provider_default
50ms_1pct-778,2026-09-24T22:52:08+05:45,50ms_1pct,measure,ecdsa,X25519,615.515,1,X25519,ecdsa_secp256r1_sha256,0,1307,290,1,-provider_default
50ms_1pct-779,2026-09-24T22:52:09+05:45,50ms_1pct,measure,ecdsa,X25519MLKEM768,457.571,1,X25519MLKEM768,ecdsa_secp256r1_sha256,0,2379,1466,0,-provider_default
50ms_1pct-780,2026-09-24T22:52:09+05:45,50ms_1pct,measure,mldsa,SecP256r1MLKEM768,400.632,1,SecP256r1MLKEM768,mldsa65,0,15914,1499,0,-provider_default
50ms_1pct-781,2026-09-24T22:52:10+05:45,50ms_1pct,measure,mldsa,P-256,363.787,1,prime256v1,mldsa65,0,14826,323,0,-provider_default
50ms_1pct-782,2026-09-24T22:52:10+05:45,50ms_1pct,measure,mldsa,P-256,357.707,1,prime256v1,mldsa65,0,14826,323,0,-provider_default
50ms_1pct-783,2026-09-24T22:52:11+05:45,50ms_1pct,measure,ecdsa,X25519MLKEM768,268.477,1,X25519MLKEM768,ecdsa_secp256r1_sha256,0,2379,1466,0,-provider_default
50ms_1pct-784,2026-09-24T22:52:11+05:45,50ms_1pct,measure,mldsa,X25519,276.796,1,X25519,mldsa65,0,14793,290,0,-provider_default
50ms_1pct-785,2026-09-24T22:52:11+05:45,50ms_1pct,measure,mldsa,X25519,276.021,1,X25519,mldsa65,0,14793,290,0,-provider_default
50ms_1pct-786,2026-09-24T22:52:12+05:45,50ms_1pct,measure,mldsa,X25519,268.631,1,X25519,mldsa65,0,14793,290,0,-provider_default
50ms_1pct-787,2026-09-24T22:52:12+05:45,50ms_1pct,measure,ecdsa,SecP256r1MLKEM768,314.142,1,SecP256r1MLKEM768,ecdsa_secp256r1_sha256,0,2427,1499,0,-provider_default
50ms_1pct-788,2026-09-24T22:52:13+05:45,50ms_1pct,measure,mldsa,P-256,459.118,1,prime256v1,mldsa65,0,14826,323,1,-provider_default
50ms_1pct-789,2026-09-24T22:52:13+05:45,50ms_1pct,measure,mldsa,P-256,500.054,1,prime256v1,mldsa65,0,14826,323,0,-provider_default
50ms_1pct-790,2026-09-24T22:52:14+05:45,50ms_1pct,measure,ecdsa,P-256,247.408,1,prime256v1,ecdsa_secp256r1_sha256,0,1340,323,0,-provider_default
50ms_1pct-791,2026-09-24T22:52:14+05:45,50ms_1pct,measure,mldsa,X25519,264.112,1,X25519,mldsa65,0,14793,290,0,-provider_default
50ms_1pct-792,2026-09-24T22:52:15+05:45,50ms_1pct,measure,ecdsa,SecP256r1MLKEM768,209.316,1,SecP256r1MLKEM768,ecdsa_secp256r1_sha256,0,2428,1499,0,-provider_default
50ms_1pct-793,2026-09-24T22:52:15+05:45,50ms_1pct,measure,ecdsa,X25519,393.710,1,X25519,ecdsa_secp256r1_sha256,0,1305,290,1,-provider_default
50ms_1pct-794,2026-09-24T22:52:16+05:45,50ms_1pct,measure,mldsa,P-256,347.929,1,prime256v1,mldsa65,0,14826,323,0,-provider_default
50ms_1pct-795,2026-09-24T22:52:16+05:45,50ms_1pct,measure,mldsa,X25519,307.587,1,X25519,mldsa65,0,14793,290,0,-provider_default
50ms_1pct-796,2026-09-24T22:52:17+05:45,50ms_1pct,measure,ecdsa,SecP256r1MLKEM768,345.352,1,SecP256r1MLKEM768,ecdsa_secp256r1_sha256,0,2426,1499,0,-provider_default
50ms_1pct-797,2026-09-24T22:52:17+05:45,50ms_1pct,measure,ecdsa,SecP256r1MLKEM768,260.039,1,SecP256r1MLKEM768,ecdsa_secp256r1_sha256,0,2427,1499,0,-provider_default
50ms_1pct-798,2026-09-24T22:52:17+05:45,50ms_1pct,measure,mldsa,SecP256r1MLKEM768,348.973,1,SecP256r1MLKEM768,mldsa65,0,15914,1499,0,-provider_default
50ms_1pct-799,2026-09-24T22:52:18+05:45,50ms_1pct,measure,ecdsa,P-256,235.539,1,prime256v1,ecdsa_secp256r1_sha256,0,1339,323,0,-provider_default
50ms_1pct-800,2026-09-24T22:52:18+05:45,50ms_1pct,measure,mldsa,X25519MLKEM768,537.163,1,X25519MLKEM768,mldsa65,0,15867,1466,0,-provider_default
150ms_0.5pct-w1,2026-09-24T22:52:30+05:45,150ms_0.5pct,warmup,ecdsa,X25519,611.823,1,X25519,ecdsa_secp256r1_sha256,0,1307,290,0,-provider_default
150ms_0.5pct-w2,2026-09-24T22:52:30+05:45,150ms_0.5pct,warmup,ecdsa,X25519,576.158,1,X25519,ecdsa_secp256r1_sha256,0,1306,290,0,-provider_default
150ms_0.5pct-w3,2026-09-24T22:52:31+05:45,150ms_0.5pct,warmup,ecdsa,X25519,537.106,1,X25519,ecdsa_secp256r1_sha256,0,1307,290,0,-provider_default
150ms_0.5pct-w4,2026-09-24T22:52:32+05:45,150ms_0.5pct,warmup,ecdsa,X25519,584.028,1,X25519,ecdsa_secp256r1_sha256,0,1305,290,0,-provider_default
150ms_0.5pct-w5,2026-09-24T22:52:33+05:45,150ms_0.5pct,warmup,ecdsa,X25519,640.476,1,X25519,ecdsa_secp256r1_sha256,0,1306,290,0,-provider_default
150ms_0.5pct-w6,2026-09-24T22:52:33+05:45,150ms_0.5pct,warmup,ecdsa,X25519,495.618,1,X25519,ecdsa_secp256r1_sha256,0,1305,290,0,-provider_default
150ms_0.5pct-w7,2026-09-24T22:52:34+05:45,150ms_0.5pct,warmup,ecdsa,X25519,586.919,1,X25519,ecdsa_secp256r1_sha256,0,1307,290,0,-provider_default
150ms_0.5pct-w8,2026-09-24T22:52:35+05:45,150ms_0.5pct,warmup,ecdsa,X25519,1175.374,1,X25519,ecdsa_secp256r1_sha256,0,1306,290,0,-provider_default
150ms_0.5pct-w9,2026-09-24T22:52:36+05:45,150ms_0.5pct,warmup,ecdsa,X25519,560.212,1,X25519,ecdsa_secp256r1_sha256,0,1306,290,0,-provider_default
150ms_0.5pct-w10,2026-09-24T22:52:37+05:45,150ms_0.5pct,warmup,ecdsa,X25519,553.451,1,X25519,ecdsa_secp256r1_sha256,0,1306,290,0,-provider_default
150ms_0.5pct-w11,2026-09-24T22:52:37+05:45,150ms_0.5pct,warmup,ecdsa,P-256,527.462,1,prime256v1,ecdsa_secp256r1_sha256,0,1339,323,0,-provider_default
150ms_0.5pct-w12,2026-09-24T22:52:38+05:45,150ms_0.5pct,warmup,ecdsa,P-256,592.962,1,prime256v1,ecdsa_secp256r1_sha256,0,1338,323,0,-provider_default
150ms_0.5pct-w13,2026-09-24T22:52:39+05:45,150ms_0.5pct,warmup,ecdsa,P-256,520.727,1,prime256v1,ecdsa_secp256r1_sha256,0,1339,323,0,-provider_default
150ms_0.5pct-w14,2026-09-24T22:52:40+05:45,150ms_0.5pct,warmup,ecdsa,P-256,725.531,1,prime256v1,ecdsa_secp256r1_sha256,0,1338,323,0,-provider_default
150ms_0.5pct-w15,2026-09-24T22:52:40+05:45,150ms_0.5pct,warmup,ecdsa,P-256,561.112,1,prime256v1,ecdsa_secp256r1_sha256,0,1339,323,0,-provider_default
150ms_0.5pct-w16,2026-09-24T22:52:41+05:45,150ms_0.5pct,warmup,ecdsa,P-256,525.443,1,prime256v1,ecdsa_secp256r1_sha256,0,1339,323,0,-provider_default
150ms_0.5pct-w17,2026-09-24T22:52:42+05:45,150ms_0.5pct,warmup,ecdsa,P-256,873.623,1,prime256v1,ecdsa_secp256r1_sha256,0,1339,323,0,-provider_default
150ms_0.5pct-w18,2026-09-24T22:52:43+05:45,150ms_0.5pct,warmup,ecdsa,P-256,719.254,1,prime256v1,ecdsa_secp256r1_sha256,0,1340,323,0,-provider_default
150ms_0.5pct-w19,2026-09-24T22:52:43+05:45,150ms_0.5pct,warmup,ecdsa,P-256,607.133,1,prime256v1,ecdsa_secp256r1_sha256,0,1340,323,0,-provider_default
150ms_0.5pct-w20,2026-09-24T22:52:44+05:45,150ms_0.5pct,warmup,ecdsa,P-256,535.301,1,prime256v1,ecdsa_secp256r1_sha256,0,1339,323,0,-provider_default
150ms_0.5pct-w21,2026-09-24T22:52:45+05:45,150ms_0.5pct,warmup,ecdsa,X25519MLKEM768,624.271,1,X25519MLKEM768,ecdsa_secp256r1_sha256,0,2380,1466,0,-provider_default
150ms_0.5pct-w22,2026-09-24T22:52:46+05:45,150ms_0.5pct,warmup,ecdsa,X25519MLKEM768,570.593,1,X25519MLKEM768,ecdsa_secp256r1_sha256,0,2380,1466,0,-provider_default
150ms_0.5pct-w23,2026-09-24T22:52:46+05:45,150ms_0.5pct,warmup,ecdsa,X25519MLKEM768,535.411,1,X25519MLKEM768,ecdsa_secp256r1_sha256,0,2380,1466,0,-provider_default
150ms_0.5pct-w24,2026-09-24T22:52:47+05:45,150ms_0.5pct,warmup,ecdsa,X25519MLKEM768,574.351,1,X25519MLKEM768,ecdsa_secp256r1_sha256,0,2380,1466,0,-provider_default
150ms_0.5pct-w25,2026-09-24T22:52:48+05:45,150ms_0.5pct,warmup,ecdsa,X25519MLKEM768,545.922,1,X25519MLKEM768,ecdsa_secp256r1_sha256,0,2379,1466,0,-provider_default
150ms_0.5pct-w26,2026-09-24T22:52:48+05:45,150ms_0.5pct,warmup,ecdsa,X25519MLKEM768,550.473,1,X25519MLKEM768,ecdsa_secp256r1_sha256,0,2380,1466,0,-provider_default
150ms_0.5pct-w27,2026-09-24T22:52:49+05:45,150ms_0.5pct,warmup,ecdsa,X25519MLKEM768,636.784,1,X25519MLKEM768,ecdsa_secp256r1_sha256,0,2381,1466,0,-provider_default
150ms_0.5pct-w28,2026-09-24T22:52:50+05:45,150ms_0.5pct,warmup,ecdsa,X25519MLKEM768,1117.769,1,X25519MLKEM768,ecdsa_secp256r1_sha256,0,2380,1466,0,-provider_default
150ms_0.5pct-w29,2026-09-24T22:52:51+05:45,150ms_0.5pct,warmup,ecdsa,X25519MLKEM768,768.030,1,X25519MLKEM768,ecdsa_secp256r1_sha256,0,2379,1466,0,-provider_default
150ms_0.5pct-w30,2026-09-24T22:52:52+05:45,150ms_0.5pct,warmup,ecdsa,X25519MLKEM768,573.397,1,X25519MLKEM768,ecdsa_secp256r1_sha256,0,2379,1466,0,-provider_default
150ms_0.5pct-w31,2026-09-24T22:52:53+05:45,150ms_0.5pct,warmup,ecdsa,SecP256r1MLKEM768,570.934,1,SecP256r1MLKEM768,ecdsa_secp256r1_sha256,0,2427,1499,0,-provider_default
150ms_0.5pct-w32,2026-09-24T22:52:53+05:45,150ms_0.5pct,warmup,ecdsa,SecP256r1MLKEM768,602.852,1,SecP256r1MLKEM768,ecdsa_secp256r1_sha256,0,2427,1499,0,-provider_default
150ms_0.5pct-w33,2026-09-24T22:52:54+05:45,150ms_0.5pct,warmup,ecdsa,SecP256r1MLKEM768,520.940,1,SecP256r1MLKEM768,ecdsa_secp256r1_sha256,0,2427,1499,0,-provider_default
150ms_0.5pct-w34,2026-09-24T22:52:55+05:45,150ms_0.5pct,warmup,ecdsa,SecP256r1MLKEM768,545.073,1,SecP256r1MLKEM768,ecdsa_secp256r1_sha256,0,2426,1499,0,-provider_default
150ms_0.5pct-w35,2026-09-24T22:52:55+05:45,150ms_0.5pct,warmup,ecdsa,SecP256r1MLKEM768,560.130,1,SecP256r1MLKEM768,ecdsa_secp256r1_sha256,0,2427,1499,0,-provider_default
150ms_0.5pct-w36,2026-09-24T22:52:56+05:45,150ms_0.5pct,warmup,ecdsa,SecP256r1MLKEM768,518.860,1,SecP256r1MLKEM768,ecdsa_secp256r1_sha256,0,2427,1499,0,-provider_default
150ms_0.5pct-w37,2026-09-24T22:52:57+05:45,150ms_0.5pct,warmup,ecdsa,SecP256r1MLKEM768,523.183,1,SecP256r1MLKEM768,ecdsa_secp256r1_sha256,0,2428,1499,0,-provider_default
150ms_0.5pct-w38,2026-09-24T22:52:57+05:45,150ms_0.5pct,warmup,ecdsa,SecP256r1MLKEM768,668.656,1,SecP256r1MLKEM768,ecdsa_secp256r1_sha256,0,2428,1499,0,-provider_default
150ms_0.5pct-w39,2026-09-24T22:52:58+05:45,150ms_0.5pct,warmup,ecdsa,SecP256r1MLKEM768,582.728,1,SecP256r1MLKEM768,ecdsa_secp256r1_sha256,0,2428,1499,0,-provider_default
150ms_0.5pct-w40,2026-09-24T22:52:59+05:45,150ms_0.5pct,warmup,ecdsa,SecP256r1MLKEM768,584.914,1,SecP256r1MLKEM768,ecdsa_secp256r1_sha256,0,2428,1499,0,-provider_default
150ms_0.5pct-w41,2026-09-24T22:53:00+05:45,150ms_0.5pct,warmup,mldsa,X25519,699.802,1,X25519,mldsa65,0,14793,290,0,-provider_default
150ms_0.5pct-w42,2026-09-24T22:53:01+05:45,150ms_0.5pct,warmup,mldsa,X25519,763.725,1,X25519,mldsa65,0,14793,290,0,-provider_default
150ms_0.5pct-w43,2026-09-24T22:53:01+05:45,150ms_0.5pct,warmup,mldsa,X25519,789.979,1,X25519,mldsa65,0,14793,290,0,-provider_default
150ms_0.5pct-w44,2026-09-24T22:53:02+05:45,150ms_0.5pct,warmup,mldsa,X25519,687.653,1,X25519,mldsa65,0,14793,290,0,-provider_default
150ms_0.5pct-w45,2026-09-24T22:53:03+05:45,150ms_0.5pct,warmup,mldsa,X25519,989.964,1,X25519,mldsa65,0,14793,290,0,-provider_default
150ms_0.5pct-w46,2026-09-24T22:53:04+05:45,150ms_0.5pct,warmup,mldsa,X25519,667.472,1,X25519,mldsa65,0,14793,290,0,-provider_default
150ms_0.5pct-w47,2026-09-24T22:53:06+05:45,150ms_0.5pct,warmup,mldsa,X25519,1198.402,1,X25519,mldsa65,0,14793,290,0,-provider_default
150ms_0.5pct-w48,2026-09-24T22:53:06+05:45,150ms_0.5pct,warmup,mldsa,X25519,674.038,1,X25519,mldsa65,0,14793,290,0,-provider_default
150ms_0.5pct-w49,2026-09-24T22:53:07+05:45,150ms_0.5pct,warmup,mldsa,X25519,708.697,1,X25519,mldsa65,0,14793,290,0,-provider_default
150ms_0.5pct-w50,2026-09-24T22:53:08+05:45,150ms_0.5pct,warmup,mldsa,X25519,670.797,1,X25519,mldsa65,0,14793,290,0,-provider_default
150ms_0.5pct-w51,2026-09-24T22:53:10+05:45,150ms_0.5pct,warmup,mldsa,P-256,1400.854,1,prime256v1,mldsa65,0,14826,323,1,-provider_default
150ms_0.5pct-w52,2026-09-24T22:53:11+05:45,150ms_0.5pct,warmup,mldsa,P-256,878.251,1,prime256v1,mldsa65,0,14826,323,0,-provider_default
150ms_0.5pct-w53,2026-09-24T22:53:11+05:45,150ms_0.5pct,warmup,mldsa,P-256,769.121,1,prime256v1,mldsa65,0,14826,323,0,-provider_default
150ms_0.5pct-w54,2026-09-24T22:53:12+05:45,150ms_0.5pct,warmup,mldsa,P-256,751.677,1,prime256v1,mldsa65,0,14826,323,0,-provider_default
150ms_0.5pct-w55,2026-09-24T22:53:13+05:45,150ms_0.5pct,warmup,mldsa,P-256,653.803,1,prime256v1,mldsa65,0,14826,323,0,-provider_default
150ms_0.5pct-w56,2026-09-24T22:53:14+05:45,150ms_0.5pct,warmup,mldsa,P-256,749.061,1,prime256v1,mldsa65,0,14826,323,0,-provider_default
150ms_0.5pct-w57,2026-09-24T22:53:15+05:45,150ms_0.5pct,warmup,mldsa,P-256,698.102,1,prime256v1,mldsa65,0,14826,323,0,-provider_default
150ms_0.5pct-w58,2026-09-24T22:53:16+05:45,150ms_0.5pct,warmup,mldsa,P-256,809.218,1,prime256v1,mldsa65,0,14826,323,0,-provider_default
150ms_0.5pct-w59,2026-09-24T22:53:17+05:45,150ms_0.5pct,warmup,mldsa,P-256,721.408,1,prime256v1,mldsa65,0,14826,323,0,-provider_default
150ms_0.5pct-w60,2026-09-24T22:53:17+05:45,150ms_0.5pct,warmup,mldsa,P-256,723.309,1,prime256v1,mldsa65,0,14826,323,0,-provider_default
150ms_0.5pct-w61,2026-09-24T22:53:18+05:45,150ms_0.5pct,warmup,mldsa,X25519MLKEM768,776.306,1,X25519MLKEM768,mldsa65,0,15867,1466,0,-provider_default
150ms_0.5pct-w62,2026-09-24T22:53:19+05:45,150ms_0.5pct,warmup,mldsa,X25519MLKEM768,911.864,1,X25519MLKEM768,mldsa65,0,15867,1466,0,-provider_default
150ms_0.5pct-w63,2026-09-24T22:53:20+05:45,150ms_0.5pct,warmup,mldsa,X25519MLKEM768,747.852,1,X25519MLKEM768,mldsa65,0,15867,1466,0,-provider_default
150ms_0.5pct-w64,2026-09-24T22:53:21+05:45,150ms_0.5pct,warmup,mldsa,X25519MLKEM768,839.665,1,X25519MLKEM768,mldsa65,0,15867,1466,0,-provider_default
150ms_0.5pct-w65,2026-09-24T22:53:22+05:45,150ms_0.5pct,warmup,mldsa,X25519MLKEM768,644.006,1,X25519MLKEM768,mldsa65,0,15867,1466,0,-provider_default
150ms_0.5pct-w66,2026-09-24T22:53:23+05:45,150ms_0.5pct,warmup,mldsa,X25519MLKEM768,710.799,1,X25519MLKEM768,mldsa65,0,15867,1466,0,-provider_default
150ms_0.5pct-w67,2026-09-24T22:53:24+05:45,150ms_0.5pct,warmup,mldsa,X25519MLKEM768,842.393,1,X25519MLKEM768,mldsa65,0,15867,1466,0,-provider_default
150ms_0.5pct-w68,2026-09-24T22:53:25+05:45,150ms_0.5pct,warmup,mldsa,X25519MLKEM768,741.346,1,X25519MLKEM768,mldsa65,0,15867,1466,0,-provider_default
150ms_0.5pct-w69,2026-09-24T22:53:26+05:45,150ms_0.5pct,warmup,mldsa,X25519MLKEM768,728.986,1,X25519MLKEM768,mldsa65,0,15867,1466,0,-provider_default
150ms_0.5pct-w70,2026-09-24T22:53:27+05:45,150ms_0.5pct,warmup,mldsa,X25519MLKEM768,944.514,1,X25519MLKEM768,mldsa65,0,15867,1466,0,-provider_default
150ms_0.5pct-w71,2026-09-24T22:53:27+05:45,150ms_0.5pct,warmup,mldsa,SecP256r1MLKEM768,750.218,1,SecP256r1MLKEM768,mldsa65,0,15914,1499,0,-provider_default
150ms_0.5pct-w72,2026-09-24T22:53:28+05:45,150ms_0.5pct,warmup,mldsa,SecP256r1MLKEM768,767.690,1,SecP256r1MLKEM768,mldsa65,0,15914,1499,0,-provider_default
150ms_0.5pct-w73,2026-09-24T22:53:29+05:45,150ms_0.5pct,warmup,mldsa,SecP256r1MLKEM768,661.104,1,SecP256r1MLKEM768,mldsa65,0,15914,1499,0,-provider_default
150ms_0.5pct-w74,2026-09-24T22:53:30+05:45,150ms_0.5pct,warmup,mldsa,SecP256r1MLKEM768,703.641,1,SecP256r1MLKEM768,mldsa65,0,15914,1499,0,-provider_default
150ms_0.5pct-w75,2026-09-24T22:53:31+05:45,150ms_0.5pct,warmup,mldsa,SecP256r1MLKEM768,667.233,1,SecP256r1MLKEM768,mldsa65,0,15914,1499,0,-provider_default
150ms_0.5pct-w76,2026-09-24T22:53:31+05:45,150ms_0.5pct,warmup,mldsa,SecP256r1MLKEM768,743.892,1,SecP256r1MLKEM768,mldsa65,0,15914,1499,0,-provider_default
150ms_0.5pct-w77,2026-09-24T22:53:32+05:45,150ms_0.5pct,warmup,mldsa,SecP256r1MLKEM768,723.509,1,SecP256r1MLKEM768,mldsa65,0,15914,1499,0,-provider_default
150ms_0.5pct-w78,2026-09-24T22:53:33+05:45,150ms_0.5pct,warmup,mldsa,SecP256r1MLKEM768,744.920,1,SecP256r1MLKEM768,mldsa65,0,15914,1499,0,-provider_default
150ms_0.5pct-w79,2026-09-24T22:53:34+05:45,150ms_0.5pct,warmup,mldsa,SecP256r1MLKEM768,679.432,1,SecP256r1MLKEM768,mldsa65,0,15914,1499,0,-provider_default
150ms_0.5pct-w80,2026-09-24T22:53:34+05:45,150ms_0.5pct,warmup,mldsa,SecP256r1MLKEM768,687.074,1,SecP256r1MLKEM768,mldsa65,0,15914,1499,0,-provider_default
150ms_0.5pct-1,2026-09-24T22:53:35+05:45,150ms_0.5pct,measure,mldsa,SecP256r1MLKEM768,806.573,1,SecP256r1MLKEM768,mldsa65,0,15914,1499,0,-provider_default
150ms_0.5pct-2,2026-09-24T22:53:36+05:45,150ms_0.5pct,measure,ecdsa,SecP256r1MLKEM768,694.857,1,SecP256r1MLKEM768,ecdsa_secp256r1_sha256,0,2426,1499,1,-provider_default
150ms_0.5pct-3,2026-09-24T22:53:37+05:45,150ms_0.5pct,measure,mldsa,X25519MLKEM768,635.345,1,X25519MLKEM768,mldsa65,0,15867,1466,0,-provider_default
150ms_0.5pct-4,2026-09-24T22:53:38+05:45,150ms_0.5pct,measure,mldsa,X25519MLKEM768,677.052,1,X25519MLKEM768,mldsa65,0,15867,1466,0,-provider_default
150ms_0.5pct-5,2026-09-24T22:53:38+05:45,150ms_0.5pct,measure,mldsa,SecP256r1MLKEM768,666.988,1,SecP256r1MLKEM768,mldsa65,0,15914,1499,0,-provider_default
150ms_0.5pct-6,2026-09-24T22:53:39+05:45,150ms_0.5pct,measure,ecdsa,SecP256r1MLKEM768,564.385,1,SecP256r1MLKEM768,ecdsa_secp256r1_sha256,0,2427,1499,0,-provider_default
150ms_0.5pct-7,2026-09-24T22:53:40+05:45,150ms_0.5pct,measure,ecdsa,X25519,559.268,1,X25519,ecdsa_secp256r1_sha256,0,1305,290,0,-provider_default
150ms_0.5pct-8,2026-09-24T22:53:41+05:45,150ms_0.5pct,measure,mldsa,P-256,776.890,1,prime256v1,mldsa65,0,14826,323,0,-provider_default
150ms_0.5pct-9,2026-09-24T22:53:41+05:45,150ms_0.5pct,measure,ecdsa,X25519,695.022,1,X25519,ecdsa_secp256r1_sha256,0,1307,290,0,-provider_default
150ms_0.5pct-10,2026-09-24T22:53:42+05:45,150ms_0.5pct,measure,mldsa,SecP256r1MLKEM768,965.043,1,SecP256r1MLKEM768,mldsa65,0,15914,1499,0,-provider_default
150ms_0.5pct-11,2026-09-24T22:53:43+05:45,150ms_0.5pct,measure,mldsa,X25519MLKEM768,683.552,1,X25519MLKEM768,mldsa65,0,15867,1466,0,-provider_default
150ms_0.5pct-12,2026-09-24T22:53:44+05:45,150ms_0.5pct,measure,ecdsa,SecP256r1MLKEM768,586.022,1,SecP256r1MLKEM768,ecdsa_secp256r1_sha256,0,2427,1499,0,-provider_default
150ms_0.5pct-13,2026-09-24T22:53:45+05:45,150ms_0.5pct,measure,mldsa,X25519,668.741,1,X25519,mldsa65,0,14793,290,0,-provider_default
150ms_0.5pct-14,2026-09-24T22:53:46+05:45,150ms_0.5pct,measure,mldsa,X25519,721.730,1,X25519,mldsa65,0,14793,290,0,-provider_default
150ms_0.5pct-15,2026-09-24T22:53:47+05:45,150ms_0.5pct,measure,ecdsa,X25519MLKEM768,592.053,1,X25519MLKEM768,ecdsa_secp256r1_sha256,0,2380,1466,0,-provider_default
150ms_0.5pct-16,2026-09-24T22:53:47+05:45,150ms_0.5pct,measure,mldsa,SecP256r1MLKEM768,671.731,1,SecP256r1MLKEM768,mldsa65,0,15914,1499,0,-provider_default
150ms_0.5pct-17,2026-09-24T22:53:49+05:45,150ms_0.5pct,measure,ecdsa,X25519,1118.036,1,X25519,ecdsa_secp256r1_sha256,0,1307,290,0,-provider_default
150ms_0.5pct-18,2026-09-24T22:53:50+05:45,150ms_0.5pct,measure,mldsa,P-256,765.083,1,prime256v1,mldsa65,0,14826,323,0,-provider_default
150ms_0.5pct-19,2026-09-24T22:53:50+05:45,150ms_0.5pct,measure,ecdsa,X25519MLKEM768,647.729,1,X25519MLKEM768,ecdsa_secp256r1_sha256,0,2381,1466,0,-provider_default
150ms_0.5pct-20,2026-09-24T22:53:51+05:45,150ms_0.5pct,measure,mldsa,X25519,697.388,1,X25519,mldsa65,0,14793,290,0,-provider_default
150ms_0.5pct-21,2026-09-24T22:53:52+05:45,150ms_0.5pct,measure,mldsa,P-256,748.192,1,prime256v1,mldsa65,0,14826,323,0,-provider_default
150ms_0.5pct-22,2026-09-24T22:53:53+05:45,150ms_0.5pct,measure,ecdsa,X25519MLKEM768,533.316,1,X25519MLKEM768,ecdsa_secp256r1_sha256,0,2381,1466,0,-provider_default
150ms_0.5pct-23,2026-09-24T22:53:54+05:45,150ms_0.5pct,measure,mldsa,SecP256r1MLKEM768,802.374,1,SecP256r1MLKEM768,mldsa65,0,15914,1499,0,-provider_default
150ms_0.5pct-24,2026-09-24T22:53:55+05:45,150ms_0.5pct,measure,ecdsa,X25519,1041.921,1,X25519,ecdsa_secp256r1_sha256,0,1305,290,0,-provider_default
150ms_0.5pct-25,2026-09-24T22:53:56+05:45,150ms_0.5pct,measure,mldsa,X25519MLKEM768,810.405,1,X25519MLKEM768,mldsa65,0,15867,1466,0,-provider_default
150ms_0.5pct-26,2026-09-24T22:53:57+05:45,150ms_0.5pct,measure,ecdsa,P-256,608.640,1,prime256v1,ecdsa_secp256r1_sha256,0,1340,323,0,-provider_default
150ms_0.5pct-27,2026-09-24T22:53:58+05:45,150ms_0.5pct,measure,mldsa,SecP256r1MLKEM768,740.768,1,SecP256r1MLKEM768,mldsa65,0,15914,1499,0,-provider_default
150ms_0.5pct-28,2026-09-24T22:53:59+05:45,150ms_0.5pct,measure,mldsa,P-256,770.027,1,prime256v1,mldsa65,0,14826,323,0,-provider_default
150ms_0.5pct-29,2026-09-24T22:53:59+05:45,150ms_0.5pct,measure,mldsa,SecP256r1MLKEM768,678.490,1,SecP256r1MLKEM768,mldsa65,0,15914,1499,0,-provider_default
150ms_0.5pct-30,2026-09-24T22:54:00+05:45,150ms_0.5pct,measure,mldsa,X25519,702.250,1,X25519,mldsa65,0,14793,290,0,-provider_default
150ms_0.5pct-31,2026-09-24T22:54:01+05:45,150ms_0.5pct,measure,ecdsa,X25519,954.359,1,X25519,ecdsa_secp256r1_sha256,0,1305,290,1,-provider_default
150ms_0.5pct-32,2026-09-24T22:54:02+05:45,150ms_0.5pct,measure,ecdsa,SecP256r1MLKEM768,705.042,1,SecP256r1MLKEM768,ecdsa_secp256r1_sha256,0,2428,1499,0,-provider_default
150ms_0.5pct-33,2026-09-24T22:54:03+05:45,150ms_0.5pct,measure,mldsa,X25519MLKEM768,719.382,1,X25519MLKEM768,mldsa65,0,15867,1466,0,-provider_default
150ms_0.5pct-34,2026-09-24T22:54:04+05:45,150ms_0.5pct,measure,ecdsa,X25519,645.672,1,X25519,ecdsa_secp256r1_sha256,0,1306,290,0,-provider_default
150ms_0.5pct-35,2026-09-24T22:54:05+05:45,150ms_0.5pct,measure,mldsa,X25519MLKEM768,738.125,1,X25519MLKEM768,mldsa65,0,15867,1466,0,-provider_default
150ms_0.5pct-36,2026-09-24T22:54:06+05:45,150ms_0.5pct,measure,ecdsa,P-256,558.125,1,prime256v1,ecdsa_secp256r1_sha256,0,1338,323,0,-provider_default
150ms_0.5pct-37,2026-09-24T22:54:06+05:45,150ms_0.5pct,measure,ecdsa,X25519,622.873,1,X25519,ecdsa_secp256r1_sha256,0,1305,290,0,-provider_default
150ms_0.5pct-38,2026-09-24T22:54:07+05:45,150ms_0.5pct,measure,ecdsa,X25519MLKEM768,580.589,1,X25519MLKEM768,ecdsa_secp256r1_sha256,0,2379,1466,0,-provider_default
150ms_0.5pct-39,2026-09-24T22:54:08+05:45,150ms_0.5pct,measure,mldsa,SecP256r1MLKEM768,762.939,1,SecP256r1MLKEM768,mldsa65,0,15914,1499,0,-provider_default
150ms_0.5pct-40,2026-09-24T22:54:09+05:45,150ms_0.5pct,measure,mldsa,SecP256r1MLKEM768,648.650,1,SecP256r1MLKEM768,mldsa65,0,15914,1499,0,-provider_default
150ms_0.5pct-41,2026-09-24T22:54:10+05:45,150ms_0.5pct,measure,ecdsa,X25519MLKEM768,603.317,1,X25519MLKEM768,ecdsa_secp256r1_sha256,0,2381,1466,0,-provider_default
150ms_0.5pct-42,2026-09-24T22:54:10+05:45,150ms_0.5pct,measure,ecdsa,X25519MLKEM768,612.388,1,X25519MLKEM768,ecdsa_secp256r1_sha256,0,2380,1466,0,-provider_default
150ms_0.5pct-43,2026-09-24T22:54:11+05:45,150ms_0.5pct,measure,ecdsa,P-256,580.258,1,prime256v1,ecdsa_secp256r1_sha256,0,1338,323,0,-provider_default
150ms_0.5pct-44,2026-09-24T22:54:12+05:45,150ms_0.5pct,measure,mldsa,X25519,730.381,1,X25519,mldsa65,0,14793,290,0,-provider_default
150ms_0.5pct-45,2026-09-24T22:54:13+05:45,150ms_0.5pct,measure,mldsa,X25519MLKEM768,638.447,1,X25519MLKEM768,mldsa65,0,15867,1466,0,-provider_default
150ms_0.5pct-46,2026-09-24T22:54:13+05:45,150ms_0.5pct,measure,ecdsa,X25519,541.279,1,X25519,ecdsa_secp256r1_sha256,0,1307,290,0,-provider_default
150ms_0.5pct-47,2026-09-24T22:54:15+05:45,150ms_0.5pct,measure,ecdsa,X25519,1559.410,1,X25519,ecdsa_secp256r1_sha256,0,1307,290,1,-provider_default
150ms_0.5pct-48,2026-09-24T22:54:16+05:45,150ms_0.5pct,measure,ecdsa,SecP256r1MLKEM768,541.673,1,SecP256r1MLKEM768,ecdsa_secp256r1_sha256,0,2426,1499,0,-provider_default
150ms_0.5pct-49,2026-09-24T22:54:16+05:45,150ms_0.5pct,measure,ecdsa,P-256,489.791,1,prime256v1,ecdsa_secp256r1_sha256,0,1340,323,0,-provider_default
150ms_0.5pct-50,2026-09-24T22:54:17+05:45,150ms_0.5pct,measure,mldsa,SecP256r1MLKEM768,663.755,1,SecP256r1MLKEM768,mldsa65,0,15914,1499,0,-provider_default
150ms_0.5pct-51,2026-09-24T22:54:18+05:45,150ms_0.5pct,measure,mldsa,SecP256r1MLKEM768,724.323,1,SecP256r1MLKEM768,mldsa65,0,15914,1499,0,-provider_default
150ms_0.5pct-52,2026-09-24T22:54:19+05:45,150ms_0.5pct,measure,ecdsa,SecP256r1MLKEM768,594.877,1,SecP256r1MLKEM768,ecdsa_secp256r1_sha256,0,2427,1499,0,-provider_default
150ms_0.5pct-53,2026-09-24T22:54:20+05:45,150ms_0.5pct,measure,mldsa,X25519MLKEM768,682.388,1,X25519MLKEM768,mldsa65,0,15867,1466,0,-provider_default
150ms_0.5pct-54,2026-09-24T22:54:21+05:45,150ms_0.5pct,measure,mldsa,X25519MLKEM768,758.630,1,X25519MLKEM768,mldsa65,0,15867,1466,0,-provider_default
150ms_0.5pct-55,2026-09-24T22:54:21+05:45,150ms_0.5pct,measure,ecdsa,X25519,686.587,1,X25519,ecdsa_secp256r1_sha256,0,1305,290,0,-provider_default
150ms_0.5pct-56,2026-09-24T22:54:22+05:45,150ms_0.5pct,measure,mldsa,P-256,775.155,1,prime256v1,mldsa65,0,14826,323,0,-provider_default
150ms_0.5pct-57,2026-09-24T22:54:23+05:45,150ms_0.5pct,measure,ecdsa,X25519,549.540,1,X25519,ecdsa_secp256r1_sha256,0,1305,290,0,-provider_default
150ms_0.5pct-58,2026-09-24T22:54:24+05:45,150ms_0.5pct,measure,mldsa,P-256,720.350,1,prime256v1,mldsa65,0,14826,323,0,-provider_default
150ms_0.5pct-59,2026-09-24T22:54:25+05:45,150ms_0.5pct,measure,ecdsa,P-256,564.758,1,prime256v1,ecdsa_secp256r1_sha256,0,1339,323,0,-provider_default
150ms_0.5pct-60,2026-09-24T22:54:25+05:45,150ms_0.5pct,measure,mldsa,X25519,784.206,1,X25519,mldsa65,0,14793,290,0,-provider_default
150ms_0.5pct-61,2026-09-24T22:54:26+05:45,150ms_0.5pct,measure,mldsa,X25519MLKEM768,759.365,1,X25519MLKEM768,mldsa65,0,15867,1466,0,-provider_default
150ms_0.5pct-62,2026-09-24T22:54:27+05:45,150ms_0.5pct,measure,ecdsa,X25519MLKEM768,525.324,1,X25519MLKEM768,ecdsa_secp256r1_sha256,0,2380,1466,0,-provider_default
150ms_0.5pct-63,2026-09-24T22:54:28+05:45,150ms_0.5pct,measure,mldsa,X25519MLKEM768,696.355,1,X25519MLKEM768,mldsa65,0,15867,1466,0,-provider_default
150ms_0.5pct-64,2026-09-24T22:54:28+05:45,150ms_0.5pct,measure,ecdsa,P-256,547.330,1,prime256v1,ecdsa_secp256r1_sha256,0,1339,323,0,-provider_default
150ms_0.5pct-65,2026-09-24T22:54:29+05:45,150ms_0.5pct,measure,mldsa,X25519,678.804,1,X25519,mldsa65,0,14793,290,0,-provider_default
150ms_0.5pct-66,2026-09-24T22:54:30+05:45,150ms_0.5pct,measure,ecdsa,X25519MLKEM768,472.893,1,X25519MLKEM768,ecdsa_secp256r1_sha256,0,2380,1466,0,-provider_default
150ms_0.5pct-67,2026-09-24T22:54:30+05:45,150ms_0.5pct,measure,ecdsa,SecP256r1MLKEM768,482.836,1,SecP256r1MLKEM768,ecdsa_secp256r1_sha256,0,2427,1499,0,-provider_default
150ms_0.5pct-68,2026-09-24T22:54:31+05:45,150ms_0.5pct,measure,ecdsa,P-256,544.413,1,prime256v1,ecdsa_secp256r1_sha256,0,1338,323,0,-provider_default
150ms_0.5pct-69,2026-09-24T22:54:32+05:45,150ms_0.5pct,measure,mldsa,X25519,635.540,1,X25519,mldsa65,0,14793,290,0,-provider_default
150ms_0.5pct-70,2026-09-24T22:54:32+05:45,150ms_0.5pct,measure,ecdsa,P-256,487.749,1,prime256v1,ecdsa_secp256r1_sha256,0,1338,323,0,-provider_default
150ms_0.5pct-71,2026-09-24T22:54:33+05:45,150ms_0.5pct,measure,mldsa,X25519MLKEM768,636.043,1,X25519MLKEM768,mldsa65,0,15867,1466,0,-provider_default
150ms_0.5pct-72,2026-09-24T22:54:34+05:45,150ms_0.5pct,measure,mldsa,X25519MLKEM768,995.290,1,X25519MLKEM768,mldsa65,0,15867,1466,0,-provider_default
150ms_0.5pct-73,2026-09-24T22:54:35+05:45,150ms_0.5pct,measure,ecdsa,X25519MLKEM768,496.416,1,X25519MLKEM768,ecdsa_secp256r1_sha256,0,2380,1466,0,-provider_default
150ms_0.5pct-74,2026-09-24T22:54:35+05:45,150ms_0.5pct,measure,mldsa,X25519MLKEM768,756.842,1,X25519MLKEM768,mldsa65,0,15867,1466,0,-provider_default
150ms_0.5pct-75,2026-09-24T22:54:36+05:45,150ms_0.5pct,measure,mldsa,SecP256r1MLKEM768,651.309,1,SecP256r1MLKEM768,mldsa65,0,15914,1499,0,-provider_default
150ms_0.5pct-76,2026-09-24T22:54:37+05:45,150ms_0.5pct,measure,mldsa,X25519,672.148,1,X25519,mldsa65,0,14793,290,0,-provider_default
150ms_0.5pct-77,2026-09-24T22:54:38+05:45,150ms_0.5pct,measure,mldsa,SecP256r1MLKEM768,652.007,1,SecP256r1MLKEM768,mldsa65,0,15914,1499,0,-provider_default
150ms_0.5pct-78,2026-09-24T22:54:38+05:45,150ms_0.5pct,measure,mldsa,X25519,665.546,1,X25519,mldsa65,0,14793,290,0,-provider_default
150ms_0.5pct-79,2026-09-24T22:54:39+05:45,150ms_0.5pct,measure,ecdsa,X25519,495.560,1,X25519,ecdsa_secp256r1_sha256,0,1306,290,0,-provider_default
150ms_0.5pct-80,2026-09-24T22:54:40+05:45,150ms_0.5pct,measure,mldsa,X25519MLKEM768,697.417,1,X25519MLKEM768,mldsa65,0,15867,1466,0,-provider_default
150ms_0.5pct-81,2026-09-24T22:54:40+05:45,150ms_0.5pct,measure,mldsa,X25519MLKEM768,734.898,1,X25519MLKEM768,mldsa65,0,15867,1466,0,-provider_default
150ms_0.5pct-82,2026-09-24T22:54:41+05:45,150ms_0.5pct,measure,mldsa,X25519MLKEM768,713.843,1,X25519MLKEM768,mldsa65,0,15867,1466,0,-provider_default
150ms_0.5pct-83,2026-09-24T22:54:42+05:45,150ms_0.5pct,measure,ecdsa,P-256,510.754,1,prime256v1,ecdsa_secp256r1_sha256,0,1338,323,0,-provider_default
150ms_0.5pct-84,2026-09-24T22:54:42+05:45,150ms_0.5pct,measure,ecdsa,SecP256r1MLKEM768,486.073,1,SecP256r1MLKEM768,ecdsa_secp256r1_sha256,0,2427,1499,0,-provider_default
150ms_0.5pct-85,2026-09-24T22:54:43+05:45,150ms_0.5pct,measure,mldsa,X25519MLKEM768,644.084,1,X25519MLKEM768,mldsa65,0,15867,1466,0,-provider_default
150ms_0.5pct-86,2026-09-24T22:54:44+05:45,150ms_0.5pct,measure,ecdsa,P-256,512.080,1,prime256v1,ecdsa_secp256r1_sha256,0,1338,323,0,-provider_default
150ms_0.5pct-87,2026-09-24T22:54:44+05:45,150ms_0.5pct,measure,mldsa,P-256,673.372,1,prime256v1,mldsa65,0,14826,323,0,-provider_default
150ms_0.5pct-88,2026-09-24T22:54:45+05:45,150ms_0.5pct,measure,ecdsa,SecP256r1MLKEM768,532.436,1,SecP256r1MLKEM768,ecdsa_secp256r1_sha256,0,2427,1499,0,-provider_default
150ms_0.5pct-89,2026-09-24T22:54:45+05:45,150ms_0.5pct,measure,ecdsa,SecP256r1MLKEM768,576.856,1,SecP256r1MLKEM768,ecdsa_secp256r1_sha256,0,2426,1499,0,-provider_default
150ms_0.5pct-90,2026-09-24T22:54:46+05:45,150ms_0.5pct,measure,ecdsa,SecP256r1MLKEM768,511.331,1,SecP256r1MLKEM768,ecdsa_secp256r1_sha256,0,2428,1499,0,-provider_default
150ms_0.5pct-91,2026-09-24T22:54:47+05:45,150ms_0.5pct,measure,mldsa,P-256,853.368,1,prime256v1,mldsa65,0,14826,323,0,-provider_default
150ms_0.5pct-92,2026-09-24T22:54:48+05:45,150ms_0.5pct,measure,mldsa,SecP256r1MLKEM768,746.316,1,SecP256r1MLKEM768,mldsa65,0,15914,1499,0,-provider_default
150ms_0.5pct-93,2026-09-24T22:54:48+05:45,150ms_0.5pct,measure,ecdsa,X25519MLKEM768,599.909,1,X25519MLKEM768,ecdsa_secp256r1_sha256,0,2379,1466,0,-provider_default
150ms_0.5pct-94,2026-09-24T22:54:49+05:45,150ms_0.5pct,measure,ecdsa,X25519MLKEM768,479.275,1,X25519MLKEM768,ecdsa_secp256r1_sha256,0,2380,1466,0,-provider_default
150ms_0.5pct-95,2026-09-24T22:54:50+05:45,150ms_0.5pct,measure,mldsa,P-256,709.580,1,prime256v1,mldsa65,0,14826,323,0,-provider_default
150ms_0.5pct-96,2026-09-24T22:54:51+05:45,150ms_0.5pct,measure,ecdsa,P-256,1148.409,1,prime256v1,ecdsa_secp256r1_sha256,0,1339,323,0,-provider_default
150ms_0.5pct-97,2026-09-24T22:54:51+05:45,150ms_0.5pct,measure,ecdsa,X25519,475.323,1,X25519,ecdsa_secp256r1_sha256,0,1306,290,0,-provider_default
150ms_0.5pct-98,2026-09-24T22:54:52+05:45,150ms_0.5pct,measure,mldsa,P-256,704.967,1,prime256v1,mldsa65,0,14826,323,0,-provider_default
150ms_0.5pct-99,2026-09-24T22:54:53+05:45,150ms_0.5pct,measure,ecdsa,X25519MLKEM768,497.931,1,X25519MLKEM768,ecdsa_secp256r1_sha256,0,2380,1466,0,-provider_default
150ms_0.5pct-100,2026-09-24T22:54:53+05:45,150ms_0.5pct,measure,mldsa,X25519MLKEM768,673.036,1,X25519MLKEM768,mldsa65,0,15867,1466,0,-provider_default
150ms_0.5pct-101,2026-09-24T22:54:54+05:45,150ms_0.5pct,measure,ecdsa,P-256,526.688,1,prime256v1,ecdsa_secp256r1_sha256,0,1340,323,0,-provider_default
150ms_0.5pct-102,2026-09-24T22:54:55+05:45,150ms_0.5pct,measure,mldsa,SecP256r1MLKEM768,655.466,1,SecP256r1MLKEM768,mldsa65,0,15914,1499,0,-provider_default
150ms_0.5pct-103,2026-09-24T22:54:55+05:45,150ms_0.5pct,measure,mldsa,X25519MLKEM768,693.301,1,X25519MLKEM768,mldsa65,0,15867,1466,0,-provider_default
150ms_0.5pct-104,2026-09-24T22:54:56+05:45,150ms_0.5pct,measure,mldsa,X25519,735.495,1,X25519,mldsa65,0,14793,290,0,-provider_default
150ms_0.5pct-105,2026-09-24T22:54:57+05:45,150ms_0.5pct,measure,ecdsa,P-256,530.236,1,prime256v1,ecdsa_secp256r1_sha256,0,1339,323,0,-provider_default
150ms_0.5pct-106,2026-09-24T22:54:57+05:45,150ms_0.5pct,measure,ecdsa,P-256,545.210,1,prime256v1,ecdsa_secp256r1_sha256,0,1338,323,0,-provider_default
150ms_0.5pct-107,2026-09-24T22:54:58+05:45,150ms_0.5pct,measure,mldsa,P-256,694.692,1,prime256v1,mldsa65,0,14826,323,0,-provider_default
150ms_0.5pct-108,2026-09-24T22:54:59+05:45,150ms_0.5pct,measure,mldsa,X25519,661.503,1,X25519,mldsa65,0,14793,290,0,-provider_default
150ms_0.5pct-109,2026-09-24T22:55:00+05:45,150ms_0.5pct,measure,ecdsa,SecP256r1MLKEM768,592.427,1,SecP256r1MLKEM768,ecdsa_secp256r1_sha256,0,2428,1499,0,-provider_default
150ms_0.5pct-110,2026-09-24T22:55:00+05:45,150ms_0.5pct,measure,ecdsa,X25519MLKEM768,490.523,1,X25519MLKEM768,ecdsa_secp256r1_sha256,0,2380,1466,0,-provider_default
150ms_0.5pct-111,2026-09-24T22:55:01+05:45,150ms_0.5pct,measure,mldsa,SecP256r1MLKEM768,760.120,1,SecP256r1MLKEM768,mldsa65,0,15914,1499,0,-provider_default
150ms_0.5pct-112,2026-09-24T22:55:02+05:45,150ms_0.5pct,measure,mldsa,SecP256r1MLKEM768,713.819,1,SecP256r1MLKEM768,mldsa65,0,15914,1499,0,-provider_default
150ms_0.5pct-113,2026-09-24T22:55:02+05:45,150ms_0.5pct,measure,ecdsa,X25519,622.506,1,X25519,ecdsa_secp256r1_sha256,0,1307,290,0,-provider_default
150ms_0.5pct-114,2026-09-24T22:55:03+05:45,150ms_0.5pct,measure,mldsa,SecP256r1MLKEM768,702.480,1,SecP256r1MLKEM768,mldsa65,0,15914,1499,0,-provider_default
150ms_0.5pct-115,2026-09-24T22:55:04+05:45,150ms_0.5pct,measure,mldsa,P-256,636.115,1,prime256v1,mldsa65,0,14826,323,0,-provider_default
150ms_0.5pct-116,2026-09-24T22:55:04+05:45,150ms_0.5pct,measure,ecdsa,P-256,543.498,1,prime256v1,ecdsa_secp256r1_sha256,0,1339,323,0,-provider_default
150ms_0.5pct-117,2026-09-24T22:55:05+05:45,150ms_0.5pct,measure,ecdsa,SecP256r1MLKEM768,559.857,1,SecP256r1MLKEM768,ecdsa_secp256r1_sha256,0,2426,1499,0,-provider_default
150ms_0.5pct-118,2026-09-24T22:55:06+05:45,150ms_0.5pct,measure,ecdsa,X25519MLKEM768,541.802,1,X25519MLKEM768,ecdsa_secp256r1_sha256,0,2381,1466,0,-provider_default
150ms_0.5pct-119,2026-09-24T22:55:06+05:45,150ms_0.5pct,measure,ecdsa,X25519,560.434,1,X25519,ecdsa_secp256r1_sha256,0,1305,290,0,-provider_default
150ms_0.5pct-120,2026-09-24T22:55:07+05:45,150ms_0.5pct,measure,mldsa,X25519MLKEM768,688.908,1,X25519MLKEM768,mldsa65,0,15867,1466,0,-provider_default
150ms_0.5pct-121,2026-09-24T22:55:08+05:45,150ms_0.5pct,measure,mldsa,P-256,760.812,1,prime256v1,mldsa65,0,14826,323,0,-provider_default
150ms_0.5pct-122,2026-09-24T22:55:08+05:45,150ms_0.5pct,measure,mldsa,P-256,636.805,1,prime256v1,mldsa65,0,14826,323,0,-provider_default
150ms_0.5pct-123,2026-09-24T22:55:09+05:45,150ms_0.5pct,measure,mldsa,X25519MLKEM768,720.383,1,X25519MLKEM768,mldsa65,0,15867,1466,0,-provider_default
150ms_0.5pct-124,2026-09-24T22:55:10+05:45,150ms_0.5pct,measure,ecdsa,X25519,602.285,1,X25519,ecdsa_secp256r1_sha256,0,1307,290,0,-provider_default
150ms_0.5pct-125,2026-09-24T22:55:11+05:45,150ms_0.5pct,measure,mldsa,X25519MLKEM768,739.596,1,X25519MLKEM768,mldsa65,0,15867,1466,0,-provider_default
150ms_0.5pct-126,2026-09-24T22:55:11+05:45,150ms_0.5pct,measure,mldsa,P-256,717.583,1,prime256v1,mldsa65,0,14826,323,0,-provider_default
150ms_0.5pct-127,2026-09-24T22:55:12+05:45,150ms_0.5pct,measure,mldsa,X25519MLKEM768,762.942,1,X25519MLKEM768,mldsa65,0,15867,1466,0,-provider_default
150ms_0.5pct-128,2026-09-24T22:55:13+05:45,150ms_0.5pct,measure,ecdsa,X25519MLKEM768,526.128,1,X25519MLKEM768,ecdsa_secp256r1_sha256,0,2380,1466,0,-provider_default
150ms_0.5pct-129,2026-09-24T22:55:13+05:45,150ms_0.5pct,measure,ecdsa,P-256,551.225,1,prime256v1,ecdsa_secp256r1_sha256,0,1339,323,0,-provider_default
150ms_0.5pct-130,2026-09-24T22:55:14+05:45,150ms_0.5pct,measure,mldsa,X25519MLKEM768,702.894,1,X25519MLKEM768,mldsa65,0,15867,1466,0,-provider_default
150ms_0.5pct-131,2026-09-24T22:55:15+05:45,150ms_0.5pct,measure,ecdsa,SecP256r1MLKEM768,515.476,1,SecP256r1MLKEM768,ecdsa_secp256r1_sha256,0,2427,1499,0,-provider_default
150ms_0.5pct-132,2026-09-24T22:55:15+05:45,150ms_0.5pct,measure,ecdsa,P-256,539.284,1,prime256v1,ecdsa_secp256r1_sha256,0,1339,323,0,-provider_default
150ms_0.5pct-133,2026-09-24T22:55:16+05:45,150ms_0.5pct,measure,mldsa,SecP256r1MLKEM768,904.737,1,SecP256r1MLKEM768,mldsa65,0,15914,1499,0,-provider_default
150ms_0.5pct-134,2026-09-24T22:55:17+05:45,150ms_0.5pct,measure,ecdsa,P-256,808.657,1,prime256v1,ecdsa_secp256r1_sha256,0,1339,323,0,-provider_default
150ms_0.5pct-135,2026-09-24T22:55:18+05:45,150ms_0.5pct,measure,ecdsa,X25519,494.288,1,X25519,ecdsa_secp256r1_sha256,0,1305,290,0,-provider_default
150ms_0.5pct-136,2026-09-24T22:55:18+05:45,150ms_0.5pct,measure,ecdsa,X25519MLKEM768,584.573,1,X25519MLKEM768,ecdsa_secp256r1_sha256,0,2381,1466,0,-provider_default
150ms_0.5pct-137,2026-09-24T22:55:19+05:45,150ms_0.5pct,measure,ecdsa,P-256,872.105,1,prime256v1,ecdsa_secp256r1_sha256,0,1339,323,1,-provider_default
150ms_0.5pct-138,2026-09-24T22:55:20+05:45,150ms_0.5pct,measure,ecdsa,SecP256r1MLKEM768,645.658,1,SecP256r1MLKEM768,ecdsa_secp256r1_sha256,0,2426,1499,0,-provider_default
150ms_0.5pct-139,2026-09-24T22:55:21+05:45,150ms_0.5pct,measure,ecdsa,P-256,592.102,1,prime256v1,ecdsa_secp256r1_sha256,0,1339,323,0,-provider_default
150ms_0.5pct-140,2026-09-24T22:55:21+05:45,150ms_0.5pct,measure,mldsa,P-256,657.645,1,prime256v1,mldsa65,0,14826,323,0,-provider_default
150ms_0.5pct-141,2026-09-24T22:55:22+05:45,150ms_0.5pct,measure,mldsa,SecP256r1MLKEM768,752.489,1,SecP256r1MLKEM768,mldsa65,0,15914,1499,0,-provider_default
150ms_0.5pct-142,2026-09-24T22:55:23+05:45,150ms_0.5pct,measure,ecdsa,SecP256r1MLKEM768,537.517,1,SecP256r1MLKEM768,ecdsa_secp256r1_sha256,0,2427,1499,0,-provider_default
150ms_0.5pct-143,2026-09-24T22:55:23+05:45,150ms_0.5pct,measure,mldsa,SecP256r1MLKEM768,712.077,1,SecP256r1MLKEM768,mldsa65,0,15914,1499,0,-provider_default
150ms_0.5pct-144,2026-09-24T22:55:24+05:45,150ms_0.5pct,measure,mldsa,SecP256r1MLKEM768,665.591,1,SecP256r1MLKEM768,mldsa65,0,15914,1499,0,-provider_default
150ms_0.5pct-145,2026-09-24T22:55:25+05:45,150ms_0.5pct,measure,ecdsa,X25519MLKEM768,574.498,1,X25519MLKEM768,ecdsa_secp256r1_sha256,0,2380,1466,0,-provider_default
150ms_0.5pct-146,2026-09-24T22:55:26+05:45,150ms_0.5pct,measure,ecdsa,SecP256r1MLKEM768,891.787,1,SecP256r1MLKEM768,ecdsa_secp256r1_sha256,0,2428,1499,0,-provider_default
150ms_0.5pct-147,2026-09-24T22:55:27+05:45,150ms_0.5pct,measure,mldsa,P-256,778.448,1,prime256v1,mldsa65,0,14826,323,0,-provider_default
150ms_0.5pct-148,2026-09-24T22:55:27+05:45,150ms_0.5pct,measure,ecdsa,X25519,558.437,1,X25519,ecdsa_secp256r1_sha256,0,1305,290,0,-provider_default
150ms_0.5pct-149,2026-09-24T22:55:28+05:45,150ms_0.5pct,measure,ecdsa,SecP256r1MLKEM768,559.874,1,SecP256r1MLKEM768,ecdsa_secp256r1_sha256,0,2428,1499,0,-provider_default
150ms_0.5pct-150,2026-09-24T22:55:29+05:45,150ms_0.5pct,measure,mldsa,P-256,864.813,1,prime256v1,mldsa65,0,14826,323,0,-provider_default
150ms_0.5pct-151,2026-09-24T22:55:29+05:45,150ms_0.5pct,measure,ecdsa,SecP256r1MLKEM768,596.829,1,SecP256r1MLKEM768,ecdsa_secp256r1_sha256,0,2427,1499,0,-provider_default
150ms_0.5pct-152,2026-09-24T22:55:30+05:45,150ms_0.5pct,measure,mldsa,SecP256r1MLKEM768,722.792,1,SecP256r1MLKEM768,mldsa65,0,15914,1499,0,-provider_default
150ms_0.5pct-153,2026-09-24T22:55:31+05:45,150ms_0.5pct,measure,mldsa,SecP256r1MLKEM768,1025.880,1,SecP256r1MLKEM768,mldsa65,0,15914,1499,0,-provider_default
150ms_0.5pct-154,2026-09-24T22:55:32+05:45,150ms_0.5pct,measure,mldsa,P-256,694.820,1,prime256v1,mldsa65,0,14826,323,0,-provider_default
150ms_0.5pct-155,2026-09-24T22:55:33+05:45,150ms_0.5pct,measure,ecdsa,X25519,542.415,1,X25519,ecdsa_secp256r1_sha256,0,1307,290,0,-provider_default
150ms_0.5pct-156,2026-09-24T22:55:33+05:45,150ms_0.5pct,measure,ecdsa,P-256,549.821,1,prime256v1,ecdsa_secp256r1_sha256,0,1340,323,0,-provider_default
150ms_0.5pct-157,2026-09-24T22:55:34+05:45,150ms_0.5pct,measure,mldsa,X25519,714.792,1,X25519,mldsa65,0,14793,290,0,-provider_default
150ms_0.5pct-158,2026-09-24T22:55:35+05:45,150ms_0.5pct,measure,mldsa,P-256,663.480,1,prime256v1,mldsa65,0,14826,323,0,-provider_default
150ms_0.5pct-159,2026-09-24T22:55:35+05:45,150ms_0.5pct,measure,mldsa,X25519MLKEM768,633.228,1,X25519MLKEM768,mldsa65,0,15867,1466,0,-provider_default
150ms_0.5pct-160,2026-09-24T22:55:36+05:45,150ms_0.5pct,measure,mldsa,X25519,658.056,1,X25519,mldsa65,0,14793,290,0,-provider_default
150ms_0.5pct-161,2026-09-24T22:55:37+05:45,150ms_0.5pct,measure,ecdsa,P-256,485.972,1,prime256v1,ecdsa_secp256r1_sha256,0,1339,323,0,-provider_default
150ms_0.5pct-162,2026-09-24T22:55:37+05:45,150ms_0.5pct,measure,ecdsa,X25519MLKEM768,544.869,1,X25519MLKEM768,ecdsa_secp256r1_sha256,0,2379,1466,0,-provider_default
150ms_0.5pct-163,2026-09-24T22:55:38+05:45,150ms_0.5pct,measure,mldsa,SecP256r1MLKEM768,672.551,1,SecP256r1MLKEM768,mldsa65,0,15914,1499,0,-provider_default
150ms_0.5pct-164,2026-09-24T22:55:39+05:45,150ms_0.5pct,measure,mldsa,X25519MLKEM768,662.593,1,X25519MLKEM768,mldsa65,0,15867,1466,0,-provider_default
150ms_0.5pct-165,2026-09-24T22:55:39+05:45,150ms_0.5pct,measure,mldsa,P-256,660.538,1,prime256v1,mldsa65,0,14826,323,0,-provider_default
150ms_0.5pct-166,2026-09-24T22:55:40+05:45,150ms_0.5pct,measure,ecdsa,X25519,488.690,1,X25519,ecdsa_secp256r1_sha256,0,1305,290,0,-provider_default
150ms_0.5pct-167,2026-09-24T22:55:41+05:45,150ms_0.5pct,measure,ecdsa,X25519,634.313,1,X25519,ecdsa_secp256r1_sha256,0,1306,290,0,-provider_default
150ms_0.5pct-168,2026-09-24T22:55:41+05:45,150ms_0.5pct,measure,ecdsa,SecP256r1MLKEM768,662.755,1,SecP256r1MLKEM768,ecdsa_secp256r1_sha256,0,2427,1499,0,-provider_default
150ms_0.5pct-169,2026-09-24T22:55:43+05:45,150ms_0.5pct,measure,mldsa,P-256,1728.159,1,prime256v1,mldsa65,0,14826,323,1,-provider_default
150ms_0.5pct-170,2026-09-24T22:55:44+05:45,150ms_0.5pct,measure,mldsa,X25519,660.354,1,X25519,mldsa65,0,14793,290,0,-provider_default
150ms_0.5pct-171,2026-09-24T22:55:45+05:45,150ms_0.5pct,measure,mldsa,X25519,632.999,1,X25519,mldsa65,0,14793,290,0,-provider_default
150ms_0.5pct-172,2026-09-24T22:55:45+05:45,150ms_0.5pct,measure,mldsa,X25519MLKEM768,731.972,1,X25519MLKEM768,mldsa65,0,15867,1466,0,-provider_default
150ms_0.5pct-173,2026-09-24T22:55:46+05:45,150ms_0.5pct,measure,ecdsa,P-256,495.136,1,prime256v1,ecdsa_secp256r1_sha256,0,1340,323,0,-provider_default
150ms_0.5pct-174,2026-09-24T22:55:46+05:45,150ms_0.5pct,measure,ecdsa,X25519,496.312,1,X25519,ecdsa_secp256r1_sha256,0,1306,290,0,-provider_default
150ms_0.5pct-175,2026-09-24T22:55:47+05:45,150ms_0.5pct,measure,ecdsa,SecP256r1MLKEM768,498.745,1,SecP256r1MLKEM768,ecdsa_secp256r1_sha256,0,2427,1499,0,-provider_default
150ms_0.5pct-176,2026-09-24T22:55:48+05:45,150ms_0.5pct,measure,mldsa,SecP256r1MLKEM768,655.827,1,SecP256r1MLKEM768,mldsa65,0,15914,1499,0,-provider_default
150ms_0.5pct-177,2026-09-24T22:55:48+05:45,150ms_0.5pct,measure,mldsa,SecP256r1MLKEM768,659.359,1,SecP256r1MLKEM768,mldsa65,0,15914,1499,0,-provider_default
150ms_0.5pct-178,2026-09-24T22:55:49+05:45,150ms_0.5pct,measure,ecdsa,X25519,495.297,1,X25519,ecdsa_secp256r1_sha256,0,1307,290,0,-provider_default
150ms_0.5pct-179,2026-09-24T22:55:50+05:45,150ms_0.5pct,measure,mldsa,X25519,637.672,1,X25519,mldsa65,0,14793,290,0,-provider_default
150ms_0.5pct-180,2026-09-24T22:55:50+05:45,150ms_0.5pct,measure,ecdsa,SecP256r1MLKEM768,530.785,1,SecP256r1MLKEM768,ecdsa_secp256r1_sha256,0,2427,1499,0,-provider_default
150ms_0.5pct-181,2026-09-24T22:55:51+05:45,150ms_0.5pct,measure,mldsa,X25519,635.395,1,X25519,mldsa65,0,14793,290,0,-provider_default
150ms_0.5pct-182,2026-09-24T22:55:52+05:45,150ms_0.5pct,measure,mldsa,SecP256r1MLKEM768,655.068,1,SecP256r1MLKEM768,mldsa65,0,15914,1499,0,-provider_default
150ms_0.5pct-183,2026-09-24T22:55:52+05:45,150ms_0.5pct,measure,mldsa,X25519MLKEM768,655.731,1,X25519MLKEM768,mldsa65,0,15867,1466,0,-provider_default
150ms_0.5pct-184,2026-09-24T22:55:53+05:45,150ms_0.5pct,measure,ecdsa,SecP256r1MLKEM768,482.334,1,SecP256r1MLKEM768,ecdsa_secp256r1_sha256,0,2427,1499,0,-provider_default
150ms_0.5pct-185,2026-09-24T22:55:53+05:45,150ms_0.5pct,measure,ecdsa,X25519MLKEM768,550.485,1,X25519MLKEM768,ecdsa_secp256r1_sha256,0,2379,1466,0,-provider_default
150ms_0.5pct-186,2026-09-24T22:55:54+05:45,150ms_0.5pct,measure,ecdsa,X25519,492.909,1,X25519,ecdsa_secp256r1_sha256,0,1307,290,0,-provider_default
150ms_0.5pct-187,2026-09-24T22:55:54+05:45,150ms_0.5pct,measure,ecdsa,X25519,480.900,1,X25519,ecdsa_secp256r1_sha256,0,1305,290,0,-provider_default
150ms_0.5pct-188,2026-09-24T22:55:56+05:45,150ms_0.5pct,measure,mldsa,X25519MLKEM768,1010.777,1,X25519MLKEM768,mldsa65,0,15867,1466,0,-provider_default
150ms_0.5pct-189,2026-09-24T22:55:56+05:45,150ms_0.5pct,measure,mldsa,X25519,712.916,1,X25519,mldsa65,0,14793,290,0,-provider_default
150ms_0.5pct-190,2026-09-24T22:55:57+05:45,150ms_0.5pct,measure,ecdsa,X25519MLKEM768,568.919,1,X25519MLKEM768,ecdsa_secp256r1_sha256,0,2380,1466,0,-provider_default
150ms_0.5pct-191,2026-09-24T22:55:58+05:45,150ms_0.5pct,measure,mldsa,X25519,631.133,1,X25519,mldsa65,0,14793,290,0,-provider_default
150ms_0.5pct-192,2026-09-24T22:55:58+05:45,150ms_0.5pct,measure,ecdsa,P-256,514.249,1,prime256v1,ecdsa_secp256r1_sha256,0,1338,323,0,-provider_default
150ms_0.5pct-193,2026-09-24T22:55:59+05:45,150ms_0.5pct,measure,mldsa,X25519,629.969,1,X25519,mldsa65,0,14793,290,0,-provider_default
150ms_0.5pct-194,2026-09-24T22:55:59+05:45,150ms_0.5pct,measure,ecdsa,X25519MLKEM768,514.175,1,X25519MLKEM768,ecdsa_secp256r1_sha256,0,2379,1466,0,-provider_default
150ms_0.5pct-195,2026-09-24T22:56:00+05:45,150ms_0.5pct,measure,ecdsa,P-256,482.869,1,prime256v1,ecdsa_secp256r1_sha256,0,1340,323,0,-provider_default
150ms_0.5pct-196,2026-09-24T22:56:01+05:45,150ms_0.5pct,measure,ecdsa,P-256,507.689,1,prime256v1,ecdsa_secp256r1_sha256,0,1339,323,0,-provider_default
150ms_0.5pct-197,2026-09-24T22:56:01+05:45,150ms_0.5pct,measure,mldsa,X25519,664.381,1,X25519,mldsa65,0,14793,290,0,-provider_default
150ms_0.5pct-198,2026-09-24T22:56:02+05:45,150ms_0.5pct,measure,ecdsa,SecP256r1MLKEM768,560.788,1,SecP256r1MLKEM768,ecdsa_secp256r1_sha256,0,2426,1499,0,-provider_default
150ms_0.5pct-199,2026-09-24T22:56:02+05:45,150ms_0.5pct,measure,ecdsa,P-256,475.024,1,prime256v1,ecdsa_secp256r1_sha256,0,1339,323,0,-provider_default
150ms_0.5pct-200,2026-09-24T22:56:03+05:45,150ms_0.5pct,measure,mldsa,X25519MLKEM768,647.764,1,X25519MLKEM768,mldsa65,0,15867,1466,0,-provider_default
150ms_0.5pct-201,2026-09-24T22:56:04+05:45,150ms_0.5pct,measure,mldsa,X25519,621.549,1,X25519,mldsa65,0,14793,290,0,-provider_default
150ms_0.5pct-202,2026-09-24T22:56:04+05:45,150ms_0.5pct,measure,mldsa,X25519,642.103,1,X25519,mldsa65,0,14793,290,0,-provider_default
150ms_0.5pct-203,2026-09-24T22:56:05+05:45,150ms_0.5pct,measure,mldsa,P-256,639.898,1,prime256v1,mldsa65,0,14826,323,0,-provider_default
150ms_0.5pct-204,2026-09-24T22:56:06+05:45,150ms_0.5pct,measure,mldsa,X25519,636.995,1,X25519,mldsa65,0,14793,290,0,-provider_default
150ms_0.5pct-205,2026-09-24T22:56:07+05:45,150ms_0.5pct,measure,mldsa,X25519MLKEM768,788.918,1,X25519MLKEM768,mldsa65,0,15867,1466,0,-provider_default
150ms_0.5pct-206,2026-09-24T22:56:07+05:45,150ms_0.5pct,measure,mldsa,P-256,688.294,1,prime256v1,mldsa65,0,14826,323,0,-provider_default
150ms_0.5pct-207,2026-09-24T22:56:08+05:45,150ms_0.5pct,measure,mldsa,SecP256r1MLKEM768,688.016,1,SecP256r1MLKEM768,mldsa65,0,15914,1499,0,-provider_default
150ms_0.5pct-208,2026-09-24T22:56:09+05:45,150ms_0.5pct,measure,ecdsa,X25519MLKEM768,482.685,1,X25519MLKEM768,ecdsa_secp256r1_sha256,0,2380,1466,0,-provider_default
150ms_0.5pct-209,2026-09-24T22:56:09+05:45,150ms_0.5pct,measure,ecdsa,X25519,470.110,1,X25519,ecdsa_secp256r1_sha256,0,1306,290,0,-provider_default
150ms_0.5pct-210,2026-09-24T22:56:10+05:45,150ms_0.5pct,measure,mldsa,X25519,620.975,1,X25519,mldsa65,0,14793,290,0,-provider_default
150ms_0.5pct-211,2026-09-24T22:56:10+05:45,150ms_0.5pct,measure,ecdsa,X25519MLKEM768,484.362,1,X25519MLKEM768,ecdsa_secp256r1_sha256,0,2380,1466,0,-provider_default
150ms_0.5pct-212,2026-09-24T22:56:11+05:45,150ms_0.5pct,measure,ecdsa,X25519MLKEM768,516.670,1,X25519MLKEM768,ecdsa_secp256r1_sha256,0,2379,1466,0,-provider_default
150ms_0.5pct-213,2026-09-24T22:56:12+05:45,150ms_0.5pct,measure,mldsa,X25519,652.015,1,X25519,mldsa65,0,14793,290,0,-provider_default
150ms_0.5pct-214,2026-09-24T22:56:12+05:45,150ms_0.5pct,measure,mldsa,SecP256r1MLKEM768,633.865,1,SecP256r1MLKEM768,mldsa65,0,15914,1499,0,-provider_default
150ms_0.5pct-215,2026-09-24T22:56:13+05:45,150ms_0.5pct,measure,mldsa,P-256,711.093,1,prime256v1,mldsa65,0,14826,323,0,-provider_default
150ms_0.5pct-216,2026-09-24T22:56:14+05:45,150ms_0.5pct,measure,ecdsa,X25519,630.609,1,X25519,ecdsa_secp256r1_sha256,0,1306,290,0,-provider_default
150ms_0.5pct-217,2026-09-24T22:56:15+05:45,150ms_0.5pct,measure,mldsa,SecP256r1MLKEM768,746.685,1,SecP256r1MLKEM768,mldsa65,0,15914,1499,0,-provider_default
150ms_0.5pct-218,2026-09-24T22:56:15+05:45,150ms_0.5pct,measure,mldsa,X25519,650.672,1,X25519,mldsa65,0,14793,290,0,-provider_default
150ms_0.5pct-219,2026-09-24T22:56:16+05:45,150ms_0.5pct,measure,ecdsa,P-256,527.808,1,prime256v1,ecdsa_secp256r1_sha256,0,1339,323,0,-provider_default
150ms_0.5pct-220,2026-09-24T22:56:17+05:45,150ms_0.5pct,measure,mldsa,X25519,794.845,1,X25519,mldsa65,0,14793,290,0,-provider_default
150ms_0.5pct-221,2026-09-24T22:56:18+05:45,150ms_0.5pct,measure,ecdsa,P-256,1135.349,1,prime256v1,ecdsa_secp256r1_sha256,0,1340,323,0,-provider_default
150ms_0.5pct-222,2026-09-24T22:56:19+05:45,150ms_0.5pct,measure,ecdsa,P-256,569.493,1,prime256v1,ecdsa_secp256r1_sha256,0,1340,323,0,-provider_default
150ms_0.5pct-223,2026-09-24T22:56:20+05:45,150ms_0.5pct,measure,ecdsa,X25519,548.915,1,X25519,ecdsa_secp256r1_sha256,0,1307,290,0,-provider_default
150ms_0.5pct-224,2026-09-24T22:56:20+05:45,150ms_0.5pct,measure,ecdsa,X25519,541.797,1,X25519,ecdsa_secp256r1_sha256,0,1307,290,0,-provider_default
150ms_0.5pct-225,2026-09-24T22:56:21+05:45,150ms_0.5pct,measure,ecdsa,SecP256r1MLKEM768,590.553,1,SecP256r1MLKEM768,ecdsa_secp256r1_sha256,0,2427,1499,0,-provider_default
150ms_0.5pct-226,2026-09-24T22:56:22+05:45,150ms_0.5pct,measure,ecdsa,SecP256r1MLKEM768,829.539,1,SecP256r1MLKEM768,ecdsa_secp256r1_sha256,0,2427,1499,0,-provider_default
150ms_0.5pct-227,2026-09-24T22:56:23+05:45,150ms_0.5pct,measure,ecdsa,P-256,734.403,1,prime256v1,ecdsa_secp256r1_sha256,0,1339,323,0,-provider_default
150ms_0.5pct-228,2026-09-24T22:56:24+05:45,150ms_0.5pct,measure,ecdsa,X25519MLKEM768,909.761,1,X25519MLKEM768,ecdsa_secp256r1_sha256,0,2379,1466,0,-provider_default
150ms_0.5pct-229,2026-09-24T22:56:25+05:45,150ms_0.5pct,measure,mldsa,SecP256r1MLKEM768,810.669,1,SecP256r1MLKEM768,mldsa65,0,15914,1499,0,-provider_default
150ms_0.5pct-230,2026-09-24T22:56:25+05:45,150ms_0.5pct,measure,ecdsa,X25519,498.881,1,X25519,ecdsa_secp256r1_sha256,0,1306,290,0,-provider_default
150ms_0.5pct-231,2026-09-24T22:56:26+05:45,150ms_0.5pct,measure,mldsa,P-256,919.907,1,prime256v1,mldsa65,0,14826,323,0,-provider_default
150ms_0.5pct-232,2026-09-24T22:56:27+05:45,150ms_0.5pct,measure,ecdsa,SecP256r1MLKEM768,863.964,1,SecP256r1MLKEM768,ecdsa_secp256r1_sha256,0,2427,1499,0,-provider_default
150ms_0.5pct-233,2026-09-24T22:56:28+05:45,150ms_0.5pct,measure,ecdsa,X25519,846.979,1,X25519,ecdsa_secp256r1_sha256,0,1305,290,1,-provider_default
150ms_0.5pct-234,2026-09-24T22:56:29+05:45,150ms_0.5pct,measure,ecdsa,P-256,540.167,1,prime256v1,ecdsa_secp256r1_sha256,0,1340,323,0,-provider_default
150ms_0.5pct-235,2026-09-24T22:56:30+05:45,150ms_0.5pct,measure,mldsa,SecP256r1MLKEM768,791.096,1,SecP256r1MLKEM768,mldsa65,0,15914,1499,0,-provider_default
150ms_0.5pct-236,2026-09-24T22:56:31+05:45,150ms_0.5pct,measure,mldsa,X25519,696.161,1,X25519,mldsa65,0,14793,290,0,-provider_default
150ms_0.5pct-237,2026-09-24T22:56:32+05:45,150ms_0.5pct,measure,mldsa,P-256,742.184,1,prime256v1,mldsa65,0,14826,323,0,-provider_default
150ms_0.5pct-238,2026-09-24T22:56:32+05:45,150ms_0.5pct,measure,ecdsa,P-256,549.583,1,prime256v1,ecdsa_secp256r1_sha256,0,1340,323,0,-provider_default
150ms_0.5pct-239,2026-09-24T22:56:33+05:45,150ms_0.5pct,measure,mldsa,X25519MLKEM768,741.548,1,X25519MLKEM768,mldsa65,0,15867,1466,0,-provider_default
150ms_0.5pct-240,2026-09-24T22:56:34+05:45,150ms_0.5pct,measure,mldsa,P-256,806.262,1,prime256v1,mldsa65,0,14826,323,0,-provider_default
150ms_0.5pct-241,2026-09-24T22:56:35+05:45,150ms_0.5pct,measure,ecdsa,X25519,565.083,1,X25519,ecdsa_secp256r1_sha256,0,1305,290,0,-provider_default
150ms_0.5pct-242,2026-09-24T22:56:36+05:45,150ms_0.5pct,measure,mldsa,X25519,1074.987,1,X25519,mldsa65,0,14793,290,0,-provider_default
150ms_0.5pct-243,2026-09-24T22:56:37+05:45,150ms_0.5pct,measure,mldsa,SecP256r1MLKEM768,698.600,1,SecP256r1MLKEM768,mldsa65,0,15914,1499,0,-provider_default
150ms_0.5pct-244,2026-09-24T22:56:38+05:45,150ms_0.5pct,measure,mldsa,SecP256r1MLKEM768,891.585,1,SecP256r1MLKEM768,mldsa65,0,15914,1499,0,-provider_default
150ms_0.5pct-245,2026-09-24T22:56:39+05:45,150ms_0.5pct,measure,mldsa,X25519MLKEM768,689.645,1,X25519MLKEM768,mldsa65,0,15867,1466,0,-provider_default
150ms_0.5pct-246,2026-09-24T22:56:39+05:45,150ms_0.5pct,measure,mldsa,X25519,731.415,1,X25519,mldsa65,0,14793,290,0,-provider_default
150ms_0.5pct-247,2026-09-24T22:56:40+05:45,150ms_0.5pct,measure,ecdsa,P-256,557.772,1,prime256v1,ecdsa_secp256r1_sha256,0,1337,323,0,-provider_default
150ms_0.5pct-248,2026-09-24T22:56:41+05:45,150ms_0.5pct,measure,ecdsa,X25519,557.317,1,X25519,ecdsa_secp256r1_sha256,0,1306,290,0,-provider_default
150ms_0.5pct-249,2026-09-24T22:56:41+05:45,150ms_0.5pct,measure,ecdsa,X25519MLKEM768,539.501,1,X25519MLKEM768,ecdsa_secp256r1_sha256,0,2380,1466,0,-provider_default
150ms_0.5pct-250,2026-09-24T22:56:42+05:45,150ms_0.5pct,measure,mldsa,X25519MLKEM768,680.099,1,X25519MLKEM768,mldsa65,0,15867,1466,0,-provider_default
150ms_0.5pct-251,2026-09-24T22:56:43+05:45,150ms_0.5pct,measure,mldsa,P-256,668.621,1,prime256v1,mldsa65,0,14826,323,0,-provider_default
150ms_0.5pct-252,2026-09-24T22:56:45+05:45,150ms_0.5pct,measure,ecdsa,X25519MLKEM768,1531.400,1,X25519MLKEM768,ecdsa_secp256r1_sha256,0,2380,1466,1,-provider_default
150ms_0.5pct-253,2026-09-24T22:56:46+05:45,150ms_0.5pct,measure,mldsa,X25519MLKEM768,686.981,1,X25519MLKEM768,mldsa65,0,15867,1466,0,-provider_default
150ms_0.5pct-254,2026-09-24T22:56:46+05:45,150ms_0.5pct,measure,ecdsa,X25519,571.336,1,X25519,ecdsa_secp256r1_sha256,0,1305,290,0,-provider_default
150ms_0.5pct-255,2026-09-24T22:56:47+05:45,150ms_0.5pct,measure,ecdsa,P-256,537.759,1,prime256v1,ecdsa_secp256r1_sha256,0,1339,323,0,-provider_default
150ms_0.5pct-256,2026-09-24T22:56:48+05:45,150ms_0.5pct,measure,mldsa,X25519MLKEM768,685.171,1,X25519MLKEM768,mldsa65,0,15867,1466,0,-provider_default
150ms_0.5pct-257,2026-09-24T22:56:49+05:45,150ms_0.5pct,measure,mldsa,X25519MLKEM768,714.902,1,X25519MLKEM768,mldsa65,0,15867,1466,0,-provider_default
150ms_0.5pct-258,2026-09-24T22:56:49+05:45,150ms_0.5pct,measure,mldsa,X25519MLKEM768,789.501,1,X25519MLKEM768,mldsa65,0,15867,1466,0,-provider_default
150ms_0.5pct-259,2026-09-24T22:56:50+05:45,150ms_0.5pct,measure,mldsa,X25519MLKEM768,742.944,1,X25519MLKEM768,mldsa65,0,15867,1466,0,-provider_default
150ms_0.5pct-260,2026-09-24T22:56:51+05:45,150ms_0.5pct,measure,ecdsa,SecP256r1MLKEM768,639.658,1,SecP256r1MLKEM768,ecdsa_secp256r1_sha256,0,2427,1499,0,-provider_default
150ms_0.5pct-261,2026-09-24T22:56:52+05:45,150ms_0.5pct,measure,ecdsa,P-256,536.930,1,prime256v1,ecdsa_secp256r1_sha256,0,1338,323,0,-provider_default
150ms_0.5pct-262,2026-09-24T22:56:52+05:45,150ms_0.5pct,measure,ecdsa,X25519,507.226,1,X25519,ecdsa_secp256r1_sha256,0,1305,290,0,-provider_default
150ms_0.5pct-263,2026-09-24T22:56:53+05:45,150ms_0.5pct,measure,mldsa,P-256,717.078,1,prime256v1,mldsa65,0,14826,323,0,-provider_default
150ms_0.5pct-264,2026-09-24T22:56:54+05:45,150ms_0.5pct,measure,ecdsa,X25519,957.130,1,X25519,ecdsa_secp256r1_sha256,0,1307,290,0,-provider_default
150ms_0.5pct-265,2026-09-24T22:56:55+05:45,150ms_0.5pct,measure,ecdsa,P-256,554.446,1,prime256v1,ecdsa_secp256r1_sha256,0,1338,323,0,-provider_default
150ms_0.5pct-266,2026-09-24T22:56:56+05:45,150ms_0.5pct,measure,ecdsa,X25519MLKEM768,520.738,1,X25519MLKEM768,ecdsa_secp256r1_sha256,0,2380,1466,0,-provider_default
150ms_0.5pct-267,2026-09-24T22:56:57+05:45,150ms_0.5pct,measure,mldsa,SecP256r1MLKEM768,880.827,1,SecP256r1MLKEM768,mldsa65,0,15914,1499,0,-provider_default
150ms_0.5pct-268,2026-09-24T22:56:57+05:45,150ms_0.5pct,measure,ecdsa,SecP256r1MLKEM768,568.780,1,SecP256r1MLKEM768,ecdsa_secp256r1_sha256,0,2428,1499,0,-provider_default
150ms_0.5pct-269,2026-09-24T22:56:58+05:45,150ms_0.5pct,measure,ecdsa,X25519,543.019,1,X25519,ecdsa_secp256r1_sha256,0,1306,290,0,-provider_default
150ms_0.5pct-270,2026-09-24T22:56:59+05:45,150ms_0.5pct,measure,mldsa,X25519,766.512,1,X25519,mldsa65,0,14793,290,0,-provider_default
150ms_0.5pct-271,2026-09-24T22:57:00+05:45,150ms_0.5pct,measure,mldsa,SecP256r1MLKEM768,867.448,1,SecP256r1MLKEM768,mldsa65,0,15914,1499,0,-provider_default
150ms_0.5pct-272,2026-09-24T22:57:01+05:45,150ms_0.5pct,measure,ecdsa,P-256,554.737,1,prime256v1,ecdsa_secp256r1_sha256,0,1338,323,0,-provider_default
150ms_0.5pct-273,2026-09-24T22:57:01+05:45,150ms_0.5pct,measure,ecdsa,X25519MLKEM768,537.061,1,X25519MLKEM768,ecdsa_secp256r1_sha256,0,2380,1466,0,-provider_default
150ms_0.5pct-274,2026-09-24T22:57:02+05:45,150ms_0.5pct,measure,mldsa,P-256,775.621,1,prime256v1,mldsa65,0,14826,323,0,-provider_default
150ms_0.5pct-275,2026-09-24T22:57:03+05:45,150ms_0.5pct,measure,mldsa,X25519,664.634,1,X25519,mldsa65,0,14793,290,0,-provider_default
150ms_0.5pct-276,2026-09-24T22:57:04+05:45,150ms_0.5pct,measure,mldsa,P-256,708.490,1,prime256v1,mldsa65,0,14826,323,0,-provider_default
150ms_0.5pct-277,2026-09-24T22:57:04+05:45,150ms_0.5pct,measure,ecdsa,SecP256r1MLKEM768,531.980,1,SecP256r1MLKEM768,ecdsa_secp256r1_sha256,0,2428,1499,0,-provider_default
150ms_0.5pct-278,2026-09-24T22:57:05+05:45,150ms_0.5pct,measure,ecdsa,SecP256r1MLKEM768,529.744,1,SecP256r1MLKEM768,ecdsa_secp256r1_sha256,0,2427,1499,0,-provider_default
150ms_0.5pct-279,2026-09-24T22:57:06+05:45,150ms_0.5pct,measure,mldsa,X25519,645.141,1,X25519,mldsa65,0,14793,290,0,-provider_default
150ms_0.5pct-280,2026-09-24T22:57:07+05:45,150ms_0.5pct,measure,mldsa,X25519,698.257,1,X25519,mldsa65,0,14793,290,0,-provider_default
150ms_0.5pct-281,2026-09-24T22:57:07+05:45,150ms_0.5pct,measure,mldsa,X25519MLKEM768,632.198,1,X25519MLKEM768,mldsa65,0,15867,1466,0,-provider_default
150ms_0.5pct-282,2026-09-24T22:57:08+05:45,150ms_0.5pct,measure,mldsa,P-256,720.530,1,prime256v1,mldsa65,0,14826,323,0,-provider_default
150ms_0.5pct-283,2026-09-24T22:57:09+05:45,150ms_0.5pct,measure,mldsa,SecP256r1MLKEM768,701.870,1,SecP256r1MLKEM768,mldsa65,0,15914,1499,0,-provider_default
150ms_0.5pct-284,2026-09-24T22:57:10+05:45,150ms_0.5pct,measure,ecdsa,X25519MLKEM768,502.045,1,X25519MLKEM768,ecdsa_secp256r1_sha256,0,2380,1466,0,-provider_default
150ms_0.5pct-285,2026-09-24T22:57:10+05:45,150ms_0.5pct,measure,ecdsa,P-256,643.286,1,prime256v1,ecdsa_secp256r1_sha256,0,1339,323,0,-provider_default
150ms_0.5pct-286,2026-09-24T22:57:11+05:45,150ms_0.5pct,measure,mldsa,X25519,707.798,1,X25519,mldsa65,0,14793,290,0,-provider_default
150ms_0.5pct-287,2026-09-24T22:57:12+05:45,150ms_0.5pct,measure,ecdsa,P-256,513.555,1,prime256v1,ecdsa_secp256r1_sha256,0,1340,323,0,-provider_default
150ms_0.5pct-288,2026-09-24T22:57:13+05:45,150ms_0.5pct,measure,ecdsa,X25519MLKEM768,586.402,1,X25519MLKEM768,ecdsa_secp256r1_sha256,0,2379,1466,0,-provider_default
150ms_0.5pct-289,2026-09-24T22:57:13+05:45,150ms_0.5pct,measure,mldsa,X25519MLKEM768,644.663,1,X25519MLKEM768,mldsa65,0,15867,1466,0,-provider_default
150ms_0.5pct-290,2026-09-24T22:57:14+05:45,150ms_0.5pct,measure,ecdsa,P-256,701.509,1,prime256v1,ecdsa_secp256r1_sha256,0,1340,323,1,-provider_default
150ms_0.5pct-291,2026-09-24T22:57:16+05:45,150ms_0.5pct,measure,ecdsa,X25519MLKEM768,1479.980,1,X25519MLKEM768,ecdsa_secp256r1_sha256,0,2381,1466,1,-provider_default
150ms_0.5pct-292,2026-09-24T22:57:16+05:45,150ms_0.5pct,measure,ecdsa,SecP256r1MLKEM768,498.619,1,SecP256r1MLKEM768,ecdsa_secp256r1_sha256,0,2427,1499,0,-provider_default
150ms_0.5pct-293,2026-09-24T22:57:17+05:45,150ms_0.5pct,measure,ecdsa,X25519,502.530,1,X25519,ecdsa_secp256r1_sha256,0,1307,290,0,-provider_default
150ms_0.5pct-294,2026-09-24T22:57:18+05:45,150ms_0.5pct,measure,ecdsa,X25519,690.120,1,X25519,ecdsa_secp256r1_sha256,0,1305,290,1,-provider_default
150ms_0.5pct-295,2026-09-24T22:57:19+05:45,150ms_0.5pct,measure,ecdsa,X25519MLKEM768,612.535,1,X25519MLKEM768,ecdsa_secp256r1_sha256,0,2379,1466,0,-provider_default
150ms_0.5pct-296,2026-09-24T22:57:19+05:45,150ms_0.5pct,measure,mldsa,X25519MLKEM768,767.248,1,X25519MLKEM768,mldsa65,0,15867,1466,0,-provider_default
150ms_0.5pct-297,2026-09-24T22:57:20+05:45,150ms_0.5pct,measure,mldsa,P-256,731.741,1,prime256v1,mldsa65,0,14826,323,0,-provider_default
150ms_0.5pct-298,2026-09-24T22:57:21+05:45,150ms_0.5pct,measure,ecdsa,P-256,533.940,1,prime256v1,ecdsa_secp256r1_sha256,0,1339,323,0,-provider_default
150ms_0.5pct-299,2026-09-24T22:57:22+05:45,150ms_0.5pct,measure,mldsa,SecP256r1MLKEM768,701.400,1,SecP256r1MLKEM768,mldsa65,0,15914,1499,0,-provider_default
150ms_0.5pct-300,2026-09-24T22:57:22+05:45,150ms_0.5pct,measure,ecdsa,X25519MLKEM768,556.930,1,X25519MLKEM768,ecdsa_secp256r1_sha256,0,2379,1466,0,-provider_default
150ms_0.5pct-301,2026-09-24T22:57:23+05:45,150ms_0.5pct,measure,ecdsa,P-256,584.760,1,prime256v1,ecdsa_secp256r1_sha256,0,1340,323,0,-provider_default
150ms_0.5pct-302,2026-09-24T22:57:24+05:45,150ms_0.5pct,measure,ecdsa,SecP256r1MLKEM768,694.504,1,SecP256r1MLKEM768,ecdsa_secp256r1_sha256,0,2428,1499,0,-provider_default
150ms_0.5pct-303,2026-09-24T22:57:26+05:45,150ms_0.5pct,measure,mldsa,P-256,1810.859,1,prime256v1,mldsa65,0,14826,323,1,-provider_default
150ms_0.5pct-304,2026-09-24T22:57:27+05:45,150ms_0.5pct,measure,ecdsa,SecP256r1MLKEM768,718.650,1,SecP256r1MLKEM768,ecdsa_secp256r1_sha256,0,2427,1499,0,-provider_default
150ms_0.5pct-305,2026-09-24T22:57:28+05:45,150ms_0.5pct,measure,mldsa,X25519,816.278,1,X25519,mldsa65,0,14793,290,0,-provider_default
150ms_0.5pct-306,2026-09-24T22:57:29+05:45,150ms_0.5pct,measure,mldsa,SecP256r1MLKEM768,707.749,1,SecP256r1MLKEM768,mldsa65,0,15914,1499,0,-provider_default
150ms_0.5pct-307,2026-09-24T22:57:29+05:45,150ms_0.5pct,measure,ecdsa,X25519MLKEM768,550.003,1,X25519MLKEM768,ecdsa_secp256r1_sha256,0,2380,1466,0,-provider_default
150ms_0.5pct-308,2026-09-24T22:57:30+05:45,150ms_0.5pct,measure,ecdsa,X25519,920.387,1,X25519,ecdsa_secp256r1_sha256,0,1306,290,0,-provider_default
150ms_0.5pct-309,2026-09-24T22:57:31+05:45,150ms_0.5pct,measure,mldsa,P-256,672.802,1,prime256v1,mldsa65,0,14826,323,0,-provider_default
150ms_0.5pct-310,2026-09-24T22:57:32+05:45,150ms_0.5pct,measure,ecdsa,P-256,555.889,1,prime256v1,ecdsa_secp256r1_sha256,0,1339,323,0,-provider_default
150ms_0.5pct-311,2026-09-24T22:57:32+05:45,150ms_0.5pct,measure,ecdsa,SecP256r1MLKEM768,550.574,1,SecP256r1MLKEM768,ecdsa_secp256r1_sha256,0,2426,1499,0,-provider_default
150ms_0.5pct-312,2026-09-24T22:57:33+05:45,150ms_0.5pct,measure,ecdsa,P-256,536.065,1,prime256v1,ecdsa_secp256r1_sha256,0,1338,323,0,-provider_default
150ms_0.5pct-313,2026-09-24T22:57:34+05:45,150ms_0.5pct,measure,ecdsa,X25519MLKEM768,822.239,1,X25519MLKEM768,ecdsa_secp256r1_sha256,0,2381,1466,1,-provider_default
150ms_0.5pct-314,2026-09-24T22:57:35+05:45,150ms_0.5pct,measure,ecdsa,P-256,826.212,1,prime256v1,ecdsa_secp256r1_sha256,0,1340,323,0,-provider_default
150ms_0.5pct-315,2026-09-24T22:57:36+05:45,150ms_0.5pct,measure,mldsa,X25519MLKEM768,751.916,1,X25519MLKEM768,mldsa65,0,15867,1466,0,-provider_default
150ms_0.5pct-316,2026-09-24T22:57:37+05:45,150ms_0.5pct,measure,mldsa,X25519MLKEM768,773.480,1,X25519MLKEM768,mldsa65,0,15867,1466,0,-provider_default
150ms_0.5pct-317,2026-09-24T22:57:38+05:45,150ms_0.5pct,measure,ecdsa,SecP256r1MLKEM768,746.826,1,SecP256r1MLKEM768,ecdsa_secp256r1_sha256,0,2427,1499,0,-provider_default
150ms_0.5pct-318,2026-09-24T22:57:38+05:45,150ms_0.5pct,measure,mldsa,SecP256r1MLKEM768,700.814,1,SecP256r1MLKEM768,mldsa65,0,15914,1499,0,-provider_default
150ms_0.5pct-319,2026-09-24T22:57:39+05:45,150ms_0.5pct,measure,mldsa,P-256,843.532,1,prime256v1,mldsa65,0,14826,323,0,-provider_default
150ms_0.5pct-320,2026-09-24T22:57:40+05:45,150ms_0.5pct,measure,mldsa,SecP256r1MLKEM768,847.033,1,SecP256r1MLKEM768,mldsa65,0,15914,1499,0,-provider_default
150ms_0.5pct-321,2026-09-24T22:57:41+05:45,150ms_0.5pct,measure,ecdsa,SecP256r1MLKEM768,572.620,1,SecP256r1MLKEM768,ecdsa_secp256r1_sha256,0,2427,1499,0,-provider_default
150ms_0.5pct-322,2026-09-24T22:57:42+05:45,150ms_0.5pct,measure,mldsa,X25519,906.985,1,X25519,mldsa65,0,14793,290,0,-provider_default
150ms_0.5pct-323,2026-09-24T22:57:43+05:45,150ms_0.5pct,measure,ecdsa,P-256,627.815,1,prime256v1,ecdsa_secp256r1_sha256,0,1338,323,0,-provider_default
150ms_0.5pct-324,2026-09-24T22:57:44+05:45,150ms_0.5pct,measure,ecdsa,X25519MLKEM768,554.126,1,X25519MLKEM768,ecdsa_secp256r1_sha256,0,2381,1466,0,-provider_default
150ms_0.5pct-325,2026-09-24T22:57:44+05:45,150ms_0.5pct,measure,ecdsa,X25519,553.161,1,X25519,ecdsa_secp256r1_sha256,0,1306,290,0,-provider_default
150ms_0.5pct-326,2026-09-24T22:57:45+05:45,150ms_0.5pct,measure,mldsa,X25519MLKEM768,724.337,1,X25519MLKEM768,mldsa65,0,15867,1466,0,-provider_default
150ms_0.5pct-327,2026-09-24T22:57:46+05:45,150ms_0.5pct,measure,mldsa,X25519,1128.222,1,X25519,mldsa65,0,14793,290,0,-provider_default
150ms_0.5pct-328,2026-09-24T22:57:47+05:45,150ms_0.5pct,measure,mldsa,X25519MLKEM768,819.261,1,X25519MLKEM768,mldsa65,0,15867,1466,0,-provider_default
150ms_0.5pct-329,2026-09-24T22:57:48+05:45,150ms_0.5pct,measure,mldsa,SecP256r1MLKEM768,784.575,1,SecP256r1MLKEM768,mldsa65,0,15914,1499,0,-provider_default
150ms_0.5pct-330,2026-09-24T22:57:49+05:45,150ms_0.5pct,measure,mldsa,X25519,781.491,1,X25519,mldsa65,0,14793,290,0,-provider_default
150ms_0.5pct-331,2026-09-24T22:57:50+05:45,150ms_0.5pct,measure,ecdsa,X25519MLKEM768,519.868,1,X25519MLKEM768,ecdsa_secp256r1_sha256,0,2381,1466,0,-provider_default
150ms_0.5pct-332,2026-09-24T22:57:51+05:45,150ms_0.5pct,measure,mldsa,SecP256r1MLKEM768,920.040,1,SecP256r1MLKEM768,mldsa65,0,15914,1499,0,-provider_default
150ms_0.5pct-333,2026-09-24T22:57:52+05:45,150ms_0.5pct,measure,mldsa,P-256,707.346,1,prime256v1,mldsa65,0,14826,323,0,-provider_default
150ms_0.5pct-334,2026-09-24T22:57:52+05:45,150ms_0.5pct,measure,ecdsa,P-256,542.420,1,prime256v1,ecdsa_secp256r1_sha256,0,1340,323,0,-provider_default
150ms_0.5pct-335,2026-09-24T22:57:53+05:45,150ms_0.5pct,measure,ecdsa,X25519MLKEM768,520.183,1,X25519MLKEM768,ecdsa_secp256r1_sha256,0,2380,1466,0,-provider_default
150ms_0.5pct-336,2026-09-24T22:57:54+05:45,150ms_0.5pct,measure,ecdsa,X25519MLKEM768,632.936,1,X25519MLKEM768,ecdsa_secp256r1_sha256,0,2380,1466,0,-provider_default
150ms_0.5pct-337,2026-09-24T22:57:54+05:45,150ms_0.5pct,measure,ecdsa,P-256,515.949,1,prime256v1,ecdsa_secp256r1_sha256,0,1339,323,0,-provider_default
150ms_0.5pct-338,2026-09-24T22:57:55+05:45,150ms_0.5pct,measure,ecdsa,P-256,561.936,1,prime256v1,ecdsa_secp256r1_sha256,0,1338,323,0,-provider_default
150ms_0.5pct-339,2026-09-24T22:57:56+05:45,150ms_0.5pct,measure,mldsa,SecP256r1MLKEM768,709.493,1,SecP256r1MLKEM768,mldsa65,0,15914,1499,0,-provider_default
150ms_0.5pct-340,2026-09-24T22:57:57+05:45,150ms_0.5pct,measure,ecdsa,P-256,674.857,1,prime256v1,ecdsa_secp256r1_sha256,0,1339,323,0,-provider_default
150ms_0.5pct-341,2026-09-24T22:57:58+05:45,150ms_0.5pct,measure,mldsa,X25519MLKEM768,967.702,1,X25519MLKEM768,mldsa65,0,15867,1466,0,-provider_default
150ms_0.5pct-342,2026-09-24T22:57:59+05:45,150ms_0.5pct,measure,mldsa,X25519MLKEM768,781.126,1,X25519MLKEM768,mldsa65,0,15867,1466,0,-provider_default
150ms_0.5pct-343,2026-09-24T22:57:59+05:45,150ms_0.5pct,measure,ecdsa,SecP256r1MLKEM768,512.791,1,SecP256r1MLKEM768,ecdsa_secp256r1_sha256,0,2427,1499,0,-provider_default
150ms_0.5pct-344,2026-09-24T22:58:00+05:45,150ms_0.5pct,measure,ecdsa,SecP256r1MLKEM768,561.255,1,SecP256r1MLKEM768,ecdsa_secp256r1_sha256,0,2427,1499,0,-provider_default
150ms_0.5pct-345,2026-09-24T22:58:01+05:45,150ms_0.5pct,measure,mldsa,X25519,770.018,1,X25519,mldsa65,0,14793,290,0,-provider_default
150ms_0.5pct-346,2026-09-24T22:58:02+05:45,150ms_0.5pct,measure,mldsa,SecP256r1MLKEM768,686.372,1,SecP256r1MLKEM768,mldsa65,0,15914,1499,0,-provider_default
150ms_0.5pct-347,2026-09-24T22:58:03+05:45,150ms_0.5pct,measure,ecdsa,P-256,549.325,1,prime256v1,ecdsa_secp256r1_sha256,0,1340,323,0,-provider_default
150ms_0.5pct-348,2026-09-24T22:58:03+05:45,150ms_0.5pct,measure,ecdsa,X25519MLKEM768,666.476,1,X25519MLKEM768,ecdsa_secp256r1_sha256,0,2380,1466,0,-provider_default
150ms_0.5pct-349,2026-09-24T22:58:04+05:45,150ms_0.5pct,measure,mldsa,P-256,786.994,1,prime256v1,mldsa65,0,14826,323,0,-provider_default
150ms_0.5pct-350,2026-09-24T22:58:05+05:45,150ms_0.5pct,measure,ecdsa,X25519,587.750,1,X25519,ecdsa_secp256r1_sha256,0,1305,290,0,-provider_default
150ms_0.5pct-351,2026-09-24T22:58:06+05:45,150ms_0.5pct,measure,ecdsa,P-256,515.219,1,prime256v1,ecdsa_secp256r1_sha256,0,1338,323,0,-provider_default
150ms_0.5pct-352,2026-09-24T22:58:07+05:45,150ms_0.5pct,measure,mldsa,X25519,771.249,1,X25519,mldsa65,0,14793,290,0,-provider_default
150ms_0.5pct-353,2026-09-24T22:58:07+05:45,150ms_0.5pct,measure,mldsa,X25519,723.840,1,X25519,mldsa65,0,14793,290,0,-provider_default
150ms_0.5pct-354,2026-09-24T22:58:08+05:45,150ms_0.5pct,measure,ecdsa,X25519,648.468,1,X25519,ecdsa_secp256r1_sha256,0,1307,290,0,-provider_default
150ms_0.5pct-355,2026-09-24T22:58:09+05:45,150ms_0.5pct,measure,ecdsa,SecP256r1MLKEM768,583.554,1,SecP256r1MLKEM768,ecdsa_secp256r1_sha256,0,2427,1499,0,-provider_default
150ms_0.5pct-356,2026-09-24T22:58:10+05:45,150ms_0.5pct,measure,ecdsa,X25519MLKEM768,634.347,1,X25519MLKEM768,ecdsa_secp256r1_sha256,0,2379,1466,0,-provider_default
150ms_0.5pct-357,2026-09-24T22:58:10+05:45,150ms_0.5pct,measure,ecdsa,P-256,594.083,1,prime256v1,ecdsa_secp256r1_sha256,0,1338,323,0,-provider_default
150ms_0.5pct-358,2026-09-24T22:58:11+05:45,150ms_0.5pct,measure,ecdsa,P-256,599.521,1,prime256v1,ecdsa_secp256r1_sha256,0,1340,323,0,-provider_default
150ms_0.5pct-359,2026-09-24T22:58:12+05:45,150ms_0.5pct,measure,ecdsa,P-256,542.873,1,prime256v1,ecdsa_secp256r1_sha256,0,1339,323,0,-provider_default
150ms_0.5pct-360,2026-09-24T22:58:13+05:45,150ms_0.5pct,measure,ecdsa,X25519MLKEM768,635.853,1,X25519MLKEM768,ecdsa_secp256r1_sha256,0,2379,1466,0,-provider_default
150ms_0.5pct-361,2026-09-24T22:58:14+05:45,150ms_0.5pct,measure,ecdsa,P-256,816.960,1,prime256v1,ecdsa_secp256r1_sha256,0,1339,323,0,-provider_default
150ms_0.5pct-362,2026-09-24T22:58:14+05:45,150ms_0.5pct,measure,ecdsa,SecP256r1MLKEM768,527.731,1,SecP256r1MLKEM768,ecdsa_secp256r1_sha256,0,2427,1499,0,-provider_default
150ms_0.5pct-363,2026-09-24T22:58:15+05:45,150ms_0.5pct,measure,ecdsa,SecP256r1MLKEM768,554.517,1,SecP256r1MLKEM768,ecdsa_secp256r1_sha256,0,2426,1499,0,-provider_default
150ms_0.5pct-364,2026-09-24T22:58:16+05:45,150ms_0.5pct,measure,ecdsa,X25519MLKEM768,612.139,1,X25519MLKEM768,ecdsa_secp256r1_sha256,0,2380,1466,0,-provider_default
150ms_0.5pct-365,2026-09-24T22:58:16+05:45,150ms_0.5pct,measure,ecdsa,X25519MLKEM768,523.022,1,X25519MLKEM768,ecdsa_secp256r1_sha256,0,2380,1466,0,-provider_default
150ms_0.5pct-366,2026-09-24T22:58:17+05:45,150ms_0.5pct,measure,mldsa,X25519,683.749,1,X25519,mldsa65,0,14793,290,0,-provider_default
150ms_0.5pct-367,2026-09-24T22:58:18+05:45,150ms_0.5pct,measure,mldsa,SecP256r1MLKEM768,822.043,1,SecP256r1MLKEM768,mldsa65,0,15914,1499,0,-provider_default
150ms_0.5pct-368,2026-09-24T22:58:19+05:45,150ms_0.5pct,measure,ecdsa,X25519MLKEM768,511.642,1,X25519MLKEM768,ecdsa_secp256r1_sha256,0,2380,1466,0,-provider_default
150ms_0.5pct-369,2026-09-24T22:58:20+05:45,150ms_0.5pct,measure,ecdsa,X25519MLKEM768,596.304,1,X25519MLKEM768,ecdsa_secp256r1_sha256,0,2380,1466,0,-provider_default
150ms_0.5pct-370,2026-09-24T22:58:20+05:45,150ms_0.5pct,measure,mldsa,X25519,744.519,1,X25519,mldsa65,0,14793,290,0,-provider_default
150ms_0.5pct-371,2026-09-24T22:58:21+05:45,150ms_0.5pct,measure,ecdsa,X25519,616.580,1,X25519,ecdsa_secp256r1_sha256,0,1306,290,0,-provider_default
150ms_0.5pct-372,2026-09-24T22:58:22+05:45,150ms_0.5pct,measure,ecdsa,X25519MLKEM768,527.799,1,X25519MLKEM768,ecdsa_secp256r1_sha256,0,2379,1466,0,-provider_default
150ms_0.5pct-373,2026-09-24T22:58:23+05:45,150ms_0.5pct,measure,mldsa,SecP256r1MLKEM768,748.934,1,SecP256r1MLKEM768,mldsa65,0,15914,1499,0,-provider_default
150ms_0.5pct-374,2026-09-24T22:58:23+05:45,150ms_0.5pct,measure,ecdsa,X25519,534.857,1,X25519,ecdsa_secp256r1_sha256,0,1305,290,0,-provider_default
150ms_0.5pct-375,2026-09-24T22:58:24+05:45,150ms_0.5pct,measure,ecdsa,SecP256r1MLKEM768,559.197,1,SecP256r1MLKEM768,ecdsa_secp256r1_sha256,0,2428,1499,0,-provider_default
150ms_0.5pct-376,2026-09-24T22:58:24+05:45,150ms_0.5pct,measure,ecdsa,X25519,494.781,1,X25519,ecdsa_secp256r1_sha256,0,1306,290,0,-provider_default
150ms_0.5pct-377,2026-09-24T22:58:25+05:45,150ms_0.5pct,measure,ecdsa,SecP256r1MLKEM768,500.058,1,SecP256r1MLKEM768,ecdsa_secp256r1_sha256,0,2427,1499,0,-provider_default
150ms_0.5pct-378,2026-09-24T22:58:26+05:45,150ms_0.5pct,measure,mldsa,X25519,638.166,1,X25519,mldsa65,0,14793,290,0,-provider_default
150ms_0.5pct-379,2026-09-24T22:58:26+05:45,150ms_0.5pct,measure,mldsa,P-256,759.298,1,prime256v1,mldsa65,0,14826,323,0,-provider_default
150ms_0.5pct-380,2026-09-24T22:58:27+05:45,150ms_0.5pct,measure,mldsa,P-256,691.392,1,prime256v1,mldsa65,0,14826,323,0,-provider_default
150ms_0.5pct-381,2026-09-24T22:58:28+05:45,150ms_0.5pct,measure,mldsa,SecP256r1MLKEM768,747.338,1,SecP256r1MLKEM768,mldsa65,0,15914,1499,0,-provider_default
150ms_0.5pct-382,2026-09-24T22:58:29+05:45,150ms_0.5pct,measure,ecdsa,X25519,595.841,1,X25519,ecdsa_secp256r1_sha256,0,1306,290,0,-provider_default
150ms_0.5pct-383,2026-09-24T22:58:29+05:45,150ms_0.5pct,measure,ecdsa,X25519,579.325,1,X25519,ecdsa_secp256r1_sha256,0,1305,290,0,-provider_default
150ms_0.5pct-384,2026-09-24T22:58:30+05:45,150ms_0.5pct,measure,ecdsa,SecP256r1MLKEM768,596.024,1,SecP256r1MLKEM768,ecdsa_secp256r1_sha256,0,2426,1499,0,-provider_default
150ms_0.5pct-385,2026-09-24T22:58:30+05:45,150ms_0.5pct,measure,ecdsa,X25519,529.802,1,X25519,ecdsa_secp256r1_sha256,0,1306,290,0,-provider_default
150ms_0.5pct-386,2026-09-24T22:58:31+05:45,150ms_0.5pct,measure,mldsa,P-256,716.734,1,prime256v1,mldsa65,0,14826,323,0,-provider_default
150ms_0.5pct-387,2026-09-24T22:58:32+05:45,150ms_0.5pct,measure,ecdsa,SecP256r1MLKEM768,552.373,1,SecP256r1MLKEM768,ecdsa_secp256r1_sha256,0,2427,1499,0,-provider_default
150ms_0.5pct-388,2026-09-24T22:58:33+05:45,150ms_0.5pct,measure,mldsa,P-256,750.431,1,prime256v1,mldsa65,0,14826,323,0,-provider_default
150ms_0.5pct-389,2026-09-24T22:58:33+05:45,150ms_0.5pct,measure,ecdsa,SecP256r1MLKEM768,541.843,1,SecP256r1MLKEM768,ecdsa_secp256r1_sha256,0,2427,1499,0,-provider_default
150ms_0.5pct-390,2026-09-24T22:58:34+05:45,150ms_0.5pct,measure,mldsa,X25519,623.258,1,X25519,mldsa65,0,14793,290,0,-provider_default
150ms_0.5pct-391,2026-09-24T22:58:35+05:45,150ms_0.5pct,measure,mldsa,X25519MLKEM768,711.773,1,X25519MLKEM768,mldsa65,0,15867,1466,0,-provider_default
150ms_0.5pct-392,2026-09-24T22:58:36+05:45,150ms_0.5pct,measure,mldsa,P-256,667.873,1,prime256v1,mldsa65,0,14826,323,0,-provider_default
150ms_0.5pct-393,2026-09-24T22:58:36+05:45,150ms_0.5pct,measure,ecdsa,P-256,524.269,1,prime256v1,ecdsa_secp256r1_sha256,0,1339,323,0,-provider_default
150ms_0.5pct-394,2026-09-24T22:58:37+05:45,150ms_0.5pct,measure,mldsa,P-256,659.958,1,prime256v1,mldsa65,0,14826,323,0,-provider_default
150ms_0.5pct-395,2026-09-24T22:58:37+05:45,150ms_0.5pct,measure,ecdsa,SecP256r1MLKEM768,573.311,1,SecP256r1MLKEM768,ecdsa_secp256r1_sha256,0,2427,1499,0,-provider_default
150ms_0.5pct-396,2026-09-24T22:58:38+05:45,150ms_0.5pct,measure,mldsa,X25519MLKEM768,667.867,1,X25519MLKEM768,mldsa65,0,15867,1466,0,-provider_default
150ms_0.5pct-397,2026-09-24T22:58:39+05:45,150ms_0.5pct,measure,ecdsa,X25519,554.166,1,X25519,ecdsa_secp256r1_sha256,0,1305,290,0,-provider_default
150ms_0.5pct-398,2026-09-24T22:58:40+05:45,150ms_0.5pct,measure,ecdsa,P-256,569.105,1,prime256v1,ecdsa_secp256r1_sha256,0,1339,323,0,-provider_default
150ms_0.5pct-399,2026-09-24T22:58:40+05:45,150ms_0.5pct,measure,ecdsa,X25519MLKEM768,493.640,1,X25519MLKEM768,ecdsa_secp256r1_sha256,0,2380,1466,0,-provider_default
150ms_0.5pct-400,2026-09-24T22:58:41+05:45,150ms_0.5pct,measure,ecdsa,X25519,617.602,1,X25519,ecdsa_secp256r1_sha256,0,1306,290,0,-provider_default
150ms_0.5pct-401,2026-09-24T22:58:42+05:45,150ms_0.5pct,measure,ecdsa,SecP256r1MLKEM768,942.315,1,SecP256r1MLKEM768,ecdsa_secp256r1_sha256,0,2426,1499,0,-provider_default
150ms_0.5pct-402,2026-09-24T22:58:43+05:45,150ms_0.5pct,measure,mldsa,SecP256r1MLKEM768,818.517,1,SecP256r1MLKEM768,mldsa65,0,15914,1499,0,-provider_default
150ms_0.5pct-403,2026-09-24T22:58:43+05:45,150ms_0.5pct,measure,ecdsa,X25519,599.260,1,X25519,ecdsa_secp256r1_sha256,0,1306,290,0,-provider_default
150ms_0.5pct-404,2026-09-24T22:58:44+05:45,150ms_0.5pct,measure,ecdsa,SecP256r1MLKEM768,531.628,1,SecP256r1MLKEM768,ecdsa_secp256r1_sha256,0,2427,1499,0,-provider_default
150ms_0.5pct-405,2026-09-24T22:58:45+05:45,150ms_0.5pct,measure,ecdsa,P-256,1320.841,1,prime256v1,ecdsa_secp256r1_sha256,0,1339,323,0,-provider_default
150ms_0.5pct-406,2026-09-24T22:58:46+05:45,150ms_0.5pct,measure,ecdsa,X25519,714.176,1,X25519,ecdsa_secp256r1_sha256,0,1306,290,0,-provider_default
150ms_0.5pct-407,2026-09-24T22:58:47+05:45,150ms_0.5pct,measure,ecdsa,SecP256r1MLKEM768,544.907,1,SecP256r1MLKEM768,ecdsa_secp256r1_sha256,0,2426,1499,0,-provider_default
150ms_0.5pct-408,2026-09-24T22:58:48+05:45,150ms_0.5pct,measure,mldsa,X25519MLKEM768,746.836,1,X25519MLKEM768,mldsa65,0,15867,1466,0,-provider_default
150ms_0.5pct-409,2026-09-24T22:58:49+05:45,150ms_0.5pct,measure,mldsa,X25519MLKEM768,1383.926,1,X25519MLKEM768,mldsa65,0,15867,1466,0,-provider_default
150ms_0.5pct-410,2026-09-24T22:58:50+05:45,150ms_0.5pct,measure,ecdsa,P-256,807.610,1,prime256v1,ecdsa_secp256r1_sha256,0,1338,323,0,-provider_default
150ms_0.5pct-411,2026-09-24T22:58:51+05:45,150ms_0.5pct,measure,ecdsa,X25519MLKEM768,552.328,1,X25519MLKEM768,ecdsa_secp256r1_sha256,0,2380,1466,0,-provider_default
150ms_0.5pct-412,2026-09-24T22:58:51+05:45,150ms_0.5pct,measure,mldsa,X25519,741.046,1,X25519,mldsa65,0,14793,290,0,-provider_default
150ms_0.5pct-413,2026-09-24T22:58:52+05:45,150ms_0.5pct,measure,mldsa,X25519MLKEM768,644.750,1,X25519MLKEM768,mldsa65,0,15867,1466,0,-provider_default
150ms_0.5pct-414,2026-09-24T22:58:53+05:45,150ms_0.5pct,measure,mldsa,X25519,751.430,1,X25519,mldsa65,0,14793,290,0,-provider_default
150ms_0.5pct-415,2026-09-24T22:58:54+05:45,150ms_0.5pct,measure,ecdsa,X25519,558.871,1,X25519,ecdsa_secp256r1_sha256,0,1306,290,0,-provider_default
150ms_0.5pct-416,2026-09-24T22:58:55+05:45,150ms_0.5pct,measure,mldsa,X25519MLKEM768,693.809,1,X25519MLKEM768,mldsa65,0,15867,1466,0,-provider_default
150ms_0.5pct-417,2026-09-24T22:58:55+05:45,150ms_0.5pct,measure,mldsa,SecP256r1MLKEM768,668.340,1,SecP256r1MLKEM768,mldsa65,0,15914,1499,0,-provider_default
150ms_0.5pct-418,2026-09-24T22:58:56+05:45,150ms_0.5pct,measure,ecdsa,X25519,559.213,1,X25519,ecdsa_secp256r1_sha256,0,1306,290,0,-provider_default
150ms_0.5pct-419,2026-09-24T22:58:57+05:45,150ms_0.5pct,measure,ecdsa,SecP256r1MLKEM768,509.502,1,SecP256r1MLKEM768,ecdsa_secp256r1_sha256,0,2427,1499,0,-provider_default
150ms_0.5pct-420,2026-09-24T22:58:57+05:45,150ms_0.5pct,measure,mldsa,P-256,691.019,1,prime256v1,mldsa65,0,14826,323,0,-provider_default
150ms_0.5pct-421,2026-09-24T22:58:59+05:45,150ms_0.5pct,measure,mldsa,P-256,1008.405,1,prime256v1,mldsa65,0,14826,323,0,-provider_default
150ms_0.5pct-422,2026-09-24T22:58:59+05:45,150ms_0.5pct,measure,ecdsa,P-256,523.726,1,prime256v1,ecdsa_secp256r1_sha256,0,1340,323,0,-provider_default
150ms_0.5pct-423,2026-09-24T22:59:00+05:45,150ms_0.5pct,measure,ecdsa,SecP256r1MLKEM768,529.099,1,SecP256r1MLKEM768,ecdsa_secp256r1_sha256,0,2426,1499,0,-provider_default
150ms_0.5pct-424,2026-09-24T22:59:01+05:45,150ms_0.5pct,measure,ecdsa,X25519,592.290,1,X25519,ecdsa_secp256r1_sha256,0,1305,290,0,-provider_default
150ms_0.5pct-425,2026-09-24T22:59:02+05:45,150ms_0.5pct,measure,mldsa,SecP256r1MLKEM768,979.754,1,SecP256r1MLKEM768,mldsa65,0,15914,1499,1,-provider_default
150ms_0.5pct-426,2026-09-24T22:59:02+05:45,150ms_0.5pct,measure,ecdsa,X25519,500.487,1,X25519,ecdsa_secp256r1_sha256,0,1305,290,0,-provider_default
150ms_0.5pct-427,2026-09-24T22:59:03+05:45,150ms_0.5pct,measure,mldsa,P-256,737.095,1,prime256v1,mldsa65,0,14826,323,0,-provider_default
150ms_0.5pct-428,2026-09-24T22:59:04+05:45,150ms_0.5pct,measure,mldsa,SecP256r1MLKEM768,799.363,1,SecP256r1MLKEM768,mldsa65,0,15914,1499,0,-provider_default
150ms_0.5pct-429,2026-09-24T22:59:05+05:45,150ms_0.5pct,measure,ecdsa,X25519,595.769,1,X25519,ecdsa_secp256r1_sha256,0,1306,290,0,-provider_default
150ms_0.5pct-430,2026-09-24T22:59:05+05:45,150ms_0.5pct,measure,ecdsa,SecP256r1MLKEM768,542.212,1,SecP256r1MLKEM768,ecdsa_secp256r1_sha256,0,2426,1499,0,-provider_default
150ms_0.5pct-431,2026-09-24T22:59:06+05:45,150ms_0.5pct,measure,mldsa,X25519,738.493,1,X25519,mldsa65,0,14793,290,0,-provider_default
150ms_0.5pct-432,2026-09-24T22:59:07+05:45,150ms_0.5pct,measure,ecdsa,X25519,556.940,1,X25519,ecdsa_secp256r1_sha256,0,1306,290,0,-provider_default
150ms_0.5pct-433,2026-09-24T22:59:08+05:45,150ms_0.5pct,measure,mldsa,X25519,669.881,1,X25519,mldsa65,0,14793,290,0,-provider_default
150ms_0.5pct-434,2026-09-24T22:59:09+05:45,150ms_0.5pct,measure,ecdsa,X25519,571.259,1,X25519,ecdsa_secp256r1_sha256,0,1305,290,0,-provider_default
150ms_0.5pct-435,2026-09-24T22:59:09+05:45,150ms_0.5pct,measure,ecdsa,P-256,547.511,1,prime256v1,ecdsa_secp256r1_sha256,0,1339,323,0,-provider_default
150ms_0.5pct-436,2026-09-24T22:59:10+05:45,150ms_0.5pct,measure,ecdsa,SecP256r1MLKEM768,511.422,1,SecP256r1MLKEM768,ecdsa_secp256r1_sha256,0,2427,1499,0,-provider_default
150ms_0.5pct-437,2026-09-24T22:59:11+05:45,150ms_0.5pct,measure,ecdsa,X25519MLKEM768,634.193,1,X25519MLKEM768,ecdsa_secp256r1_sha256,0,2381,1466,0,-provider_default
150ms_0.5pct-438,2026-09-24T22:59:12+05:45,150ms_0.5pct,measure,mldsa,X25519,834.236,1,X25519,mldsa65,0,14793,290,0,-provider_default
150ms_0.5pct-439,2026-09-24T22:59:13+05:45,150ms_0.5pct,measure,mldsa,X25519MLKEM768,1162.693,1,X25519MLKEM768,mldsa65,0,15867,1466,1,-provider_default
150ms_0.5pct-440,2026-09-24T22:59:13+05:45,150ms_0.5pct,measure,ecdsa,SecP256r1MLKEM768,502.706,1,SecP256r1MLKEM768,ecdsa_secp256r1_sha256,0,2427,1499,0,-provider_default
150ms_0.5pct-441,2026-09-24T22:59:14+05:45,150ms_0.5pct,measure,mldsa,X25519,807.284,1,X25519,mldsa65,0,14793,290,1,-provider_default
150ms_0.5pct-442,2026-09-24T22:59:15+05:45,150ms_0.5pct,measure,mldsa,SecP256r1MLKEM768,866.933,1,SecP256r1MLKEM768,mldsa65,0,15914,1499,0,-provider_default
150ms_0.5pct-443,2026-09-24T22:59:16+05:45,150ms_0.5pct,measure,mldsa,SecP256r1MLKEM768,716.673,1,SecP256r1MLKEM768,mldsa65,0,15914,1499,0,-provider_default
150ms_0.5pct-444,2026-09-24T22:59:17+05:45,150ms_0.5pct,measure,ecdsa,X25519,576.270,1,X25519,ecdsa_secp256r1_sha256,0,1307,290,0,-provider_default
150ms_0.5pct-445,2026-09-24T22:59:18+05:45,150ms_0.5pct,measure,mldsa,X25519,751.871,1,X25519,mldsa65,0,14793,290,0,-provider_default
150ms_0.5pct-446,2026-09-24T22:59:19+05:45,150ms_0.5pct,measure,ecdsa,SecP256r1MLKEM768,542.612,1,SecP256r1MLKEM768,ecdsa_secp256r1_sha256,0,2428,1499,0,-provider_default
150ms_0.5pct-447,2026-09-24T22:59:20+05:45,150ms_0.5pct,measure,ecdsa,SecP256r1MLKEM768,981.383,1,SecP256r1MLKEM768,ecdsa_secp256r1_sha256,0,2426,1499,0,-provider_default
150ms_0.5pct-448,2026-09-24T22:59:21+05:45,150ms_0.5pct,measure,mldsa,X25519,702.772,1,X25519,mldsa65,0,14793,290,0,-provider_default
150ms_0.5pct-449,2026-09-24T22:59:21+05:45,150ms_0.5pct,measure,mldsa,X25519MLKEM768,716.851,1,X25519MLKEM768,mldsa65,0,15867,1466,0,-provider_default
150ms_0.5pct-450,2026-09-24T22:59:22+05:45,150ms_0.5pct,measure,mldsa,P-256,723.851,1,prime256v1,mldsa65,0,14826,323,0,-provider_default
150ms_0.5pct-451,2026-09-24T22:59:23+05:45,150ms_0.5pct,measure,ecdsa,X25519,532.592,1,X25519,ecdsa_secp256r1_sha256,0,1307,290,0,-provider_default
150ms_0.5pct-452,2026-09-24T22:59:24+05:45,150ms_0.5pct,measure,mldsa,X25519,830.651,1,X25519,mldsa65,0,14793,290,0,-provider_default
150ms_0.5pct-453,2026-09-24T22:59:25+05:45,150ms_0.5pct,measure,mldsa,SecP256r1MLKEM768,966.605,1,SecP256r1MLKEM768,mldsa65,0,15914,1499,0,-provider_default
150ms_0.5pct-454,2026-09-24T22:59:26+05:45,150ms_0.5pct,measure,mldsa,SecP256r1MLKEM768,726.569,1,SecP256r1MLKEM768,mldsa65,0,15914,1499,0,-provider_default
150ms_0.5pct-455,2026-09-24T22:59:26+05:45,150ms_0.5pct,measure,ecdsa,X25519MLKEM768,607.496,1,X25519MLKEM768,ecdsa_secp256r1_sha256,0,2380,1466,0,-provider_default
150ms_0.5pct-456,2026-09-24T22:59:27+05:45,150ms_0.5pct,measure,ecdsa,X25519,741.193,1,X25519,ecdsa_secp256r1_sha256,0,1305,290,1,-provider_default
150ms_0.5pct-457,2026-09-24T22:59:29+05:45,150ms_0.5pct,measure,mldsa,X25519,1558.278,1,X25519,mldsa65,0,14793,290,0,-provider_default
150ms_0.5pct-458,2026-09-24T22:59:30+05:45,150ms_0.5pct,measure,mldsa,X25519,795.925,1,X25519,mldsa65,0,14793,290,0,-provider_default
150ms_0.5pct-459,2026-09-24T22:59:31+05:45,150ms_0.5pct,measure,ecdsa,X25519,599.175,1,X25519,ecdsa_secp256r1_sha256,0,1306,290,0,-provider_default
150ms_0.5pct-460,2026-09-24T22:59:32+05:45,150ms_0.5pct,measure,mldsa,P-256,766.206,1,prime256v1,mldsa65,0,14826,323,0,-provider_default
150ms_0.5pct-461,2026-09-24T22:59:32+05:45,150ms_0.5pct,measure,mldsa,SecP256r1MLKEM768,727.729,1,SecP256r1MLKEM768,mldsa65,0,15914,1499,0,-provider_default
150ms_0.5pct-462,2026-09-24T22:59:33+05:45,150ms_0.5pct,measure,ecdsa,X25519MLKEM768,578.711,1,X25519MLKEM768,ecdsa_secp256r1_sha256,0,2380,1466,0,-provider_default
150ms_0.5pct-463,2026-09-24T22:59:34+05:45,150ms_0.5pct,measure,mldsa,P-256,818.094,1,prime256v1,mldsa65,0,14826,323,0,-provider_default
150ms_0.5pct-464,2026-09-24T22:59:35+05:45,150ms_0.5pct,measure,mldsa,X25519MLKEM768,829.683,1,X25519MLKEM768,mldsa65,0,15867,1466,0,-provider_default
150ms_0.5pct-465,2026-09-24T22:59:36+05:45,150ms_0.5pct,measure,mldsa,SecP256r1MLKEM768,719.171,1,SecP256r1MLKEM768,mldsa65,0,15914,1499,0,-provider_default
150ms_0.5pct-466,2026-09-24T22:59:37+05:45,150ms_0.5pct,measure,mldsa,X25519,851.271,1,X25519,mldsa65,0,14793,290,0,-provider_default
150ms_0.5pct-467,2026-09-24T22:59:38+05:45,150ms_0.5pct,measure,ecdsa,X25519,542.114,1,X25519,ecdsa_secp256r1_sha256,0,1305,290,0,-provider_default
150ms_0.5pct-468,2026-09-24T22:59:38+05:45,150ms_0.5pct,measure,ecdsa,X25519MLKEM768,585.862,1,X25519MLKEM768,ecdsa_secp256r1_sha256,0,2379,1466,0,-provider_default
150ms_0.5pct-469,2026-09-24T22:59:39+05:45,150ms_0.5pct,measure,mldsa,X25519,939.194,1,X25519,mldsa65,0,14793,290,0,-provider_default
150ms_0.5pct-470,2026-09-24T22:59:41+05:45,150ms_0.5pct,measure,mldsa,X25519,871.363,1,X25519,mldsa65,0,14793,290,0,-provider_default
150ms_0.5pct-471,2026-09-24T22:59:41+05:45,150ms_0.5pct,measure,ecdsa,SecP256r1MLKEM768,521.405,1,SecP256r1MLKEM768,ecdsa_secp256r1_sha256,0,2427,1499,0,-provider_default
150ms_0.5pct-472,2026-09-24T22:59:42+05:45,150ms_0.5pct,measure,ecdsa,X25519,567.810,1,X25519,ecdsa_secp256r1_sha256,0,1307,290,0,-provider_default
150ms_0.5pct-473,2026-09-24T22:59:43+05:45,150ms_0.5pct,measure,mldsa,SecP256r1MLKEM768,719.884,1,SecP256r1MLKEM768,mldsa65,0,15914,1499,0,-provider_default
150ms_0.5pct-474,2026-09-24T22:59:43+05:45,150ms_0.5pct,measure,ecdsa,SecP256r1MLKEM768,557.302,1,SecP256r1MLKEM768,ecdsa_secp256r1_sha256,0,2428,1499,0,-provider_default
150ms_0.5pct-475,2026-09-24T22:59:44+05:45,150ms_0.5pct,measure,mldsa,SecP256r1MLKEM768,724.918,1,SecP256r1MLKEM768,mldsa65,0,15914,1499,0,-provider_default
150ms_0.5pct-476,2026-09-24T22:59:45+05:45,150ms_0.5pct,measure,ecdsa,SecP256r1MLKEM768,591.917,1,SecP256r1MLKEM768,ecdsa_secp256r1_sha256,0,2427,1499,0,-provider_default
150ms_0.5pct-477,2026-09-24T22:59:46+05:45,150ms_0.5pct,measure,mldsa,SecP256r1MLKEM768,743.066,1,SecP256r1MLKEM768,mldsa65,0,15914,1499,0,-provider_default
150ms_0.5pct-478,2026-09-24T22:59:47+05:45,150ms_0.5pct,measure,mldsa,X25519MLKEM768,837.719,1,X25519MLKEM768,mldsa65,0,15867,1466,0,-provider_default
150ms_0.5pct-479,2026-09-24T22:59:48+05:45,150ms_0.5pct,measure,ecdsa,SecP256r1MLKEM768,604.271,1,SecP256r1MLKEM768,ecdsa_secp256r1_sha256,0,2426,1499,0,-provider_default
150ms_0.5pct-480,2026-09-24T22:59:49+05:45,150ms_0.5pct,measure,mldsa,SecP256r1MLKEM768,950.564,1,SecP256r1MLKEM768,mldsa65,0,15914,1499,0,-provider_default
150ms_0.5pct-481,2026-09-24T22:59:50+05:45,150ms_0.5pct,measure,mldsa,SecP256r1MLKEM768,691.276,1,SecP256r1MLKEM768,mldsa65,0,15914,1499,0,-provider_default
150ms_0.5pct-482,2026-09-24T22:59:50+05:45,150ms_0.5pct,measure,ecdsa,X25519,561.730,1,X25519,ecdsa_secp256r1_sha256,0,1307,290,0,-provider_default
150ms_0.5pct-483,2026-09-24T22:59:51+05:45,150ms_0.5pct,measure,mldsa,SecP256r1MLKEM768,780.413,1,SecP256r1MLKEM768,mldsa65,0,15914,1499,0,-provider_default
150ms_0.5pct-484,2026-09-24T22:59:52+05:45,150ms_0.5pct,measure,mldsa,SecP256r1MLKEM768,734.941,1,SecP256r1MLKEM768,mldsa65,0,15914,1499,0,-provider_default
150ms_0.5pct-485,2026-09-24T22:59:53+05:45,150ms_0.5pct,measure,mldsa,X25519MLKEM768,839.365,1,X25519MLKEM768,mldsa65,0,15867,1466,0,-provider_default
150ms_0.5pct-486,2026-09-24T22:59:54+05:45,150ms_0.5pct,measure,mldsa,P-256,729.923,1,prime256v1,mldsa65,0,14826,323,0,-provider_default
150ms_0.5pct-487,2026-09-24T22:59:54+05:45,150ms_0.5pct,measure,mldsa,X25519,704.685,1,X25519,mldsa65,0,14793,290,0,-provider_default
150ms_0.5pct-488,2026-09-24T22:59:55+05:45,150ms_0.5pct,measure,ecdsa,X25519,643.451,1,X25519,ecdsa_secp256r1_sha256,0,1306,290,0,-provider_default
150ms_0.5pct-489,2026-09-24T22:59:56+05:45,150ms_0.5pct,measure,ecdsa,X25519,534.583,1,X25519,ecdsa_secp256r1_sha256,0,1305,290,0,-provider_default
150ms_0.5pct-490,2026-09-24T22:59:57+05:45,150ms_0.5pct,measure,ecdsa,SecP256r1MLKEM768,681.527,1,SecP256r1MLKEM768,ecdsa_secp256r1_sha256,0,2428,1499,0,-provider_default
150ms_0.5pct-491,2026-09-24T22:59:57+05:45,150ms_0.5pct,measure,mldsa,SecP256r1MLKEM768,676.597,1,SecP256r1MLKEM768,mldsa65,0,15914,1499,0,-provider_default
150ms_0.5pct-492,2026-09-24T22:59:58+05:45,150ms_0.5pct,measure,mldsa,X25519MLKEM768,717.629,1,X25519MLKEM768,mldsa65,0,15867,1466,0,-provider_default
150ms_0.5pct-493,2026-09-24T22:59:59+05:45,150ms_0.5pct,measure,ecdsa,P-256,507.355,1,prime256v1,ecdsa_secp256r1_sha256,0,1339,323,0,-provider_default
150ms_0.5pct-494,2026-09-24T23:00:00+05:45,150ms_0.5pct,measure,mldsa,X25519MLKEM768,671.858,1,X25519MLKEM768,mldsa65,0,15867,1466,0,-provider_default
150ms_0.5pct-495,2026-09-24T23:00:00+05:45,150ms_0.5pct,measure,ecdsa,P-256,505.916,1,prime256v1,ecdsa_secp256r1_sha256,0,1339,323,0,-provider_default
150ms_0.5pct-496,2026-09-24T23:00:01+05:45,150ms_0.5pct,measure,mldsa,P-256,674.555,1,prime256v1,mldsa65,0,14826,323,0,-provider_default
150ms_0.5pct-497,2026-09-24T23:00:02+05:45,150ms_0.5pct,measure,mldsa,X25519,653.087,1,X25519,mldsa65,0,14793,290,0,-provider_default
150ms_0.5pct-498,2026-09-24T23:00:02+05:45,150ms_0.5pct,measure,mldsa,X25519MLKEM768,640.806,1,X25519MLKEM768,mldsa65,0,15867,1466,0,-provider_default
150ms_0.5pct-499,2026-09-24T23:00:03+05:45,150ms_0.5pct,measure,mldsa,X25519,736.485,1,X25519,mldsa65,0,14793,290,0,-provider_default
150ms_0.5pct-500,2026-09-24T23:00:04+05:45,150ms_0.5pct,measure,ecdsa,SecP256r1MLKEM768,555.900,1,SecP256r1MLKEM768,ecdsa_secp256r1_sha256,0,2427,1499,0,-provider_default
150ms_0.5pct-501,2026-09-24T23:00:04+05:45,150ms_0.5pct,measure,mldsa,P-256,673.975,1,prime256v1,mldsa65,0,14826,323,0,-provider_default
150ms_0.5pct-502,2026-09-24T23:00:05+05:45,150ms_0.5pct,measure,mldsa,P-256,731.856,1,prime256v1,mldsa65,0,14826,323,0,-provider_default
150ms_0.5pct-503,2026-09-24T23:00:06+05:45,150ms_0.5pct,measure,mldsa,X25519,844.120,1,X25519,mldsa65,0,14793,290,0,-provider_default
150ms_0.5pct-504,2026-09-24T23:00:07+05:45,150ms_0.5pct,measure,ecdsa,SecP256r1MLKEM768,532.628,1,SecP256r1MLKEM768,ecdsa_secp256r1_sha256,0,2427,1499,0,-provider_default
150ms_0.5pct-505,2026-09-24T23:00:07+05:45,150ms_0.5pct,measure,mldsa,X25519MLKEM768,742.431,1,X25519MLKEM768,mldsa65,0,15867,1466,0,-provider_default
150ms_0.5pct-506,2026-09-24T23:00:08+05:45,150ms_0.5pct,measure,mldsa,SecP256r1MLKEM768,754.551,1,SecP256r1MLKEM768,mldsa65,0,15914,1499,0,-provider_default
150ms_0.5pct-507,2026-09-24T23:00:09+05:45,150ms_0.5pct,measure,ecdsa,SecP256r1MLKEM768,613.830,1,SecP256r1MLKEM768,ecdsa_secp256r1_sha256,0,2426,1499,0,-provider_default
150ms_0.5pct-508,2026-09-24T23:00:11+05:45,150ms_0.5pct,measure,mldsa,X25519MLKEM768,1903.550,1,X25519MLKEM768,mldsa65,0,15867,1466,0,-provider_default
150ms_0.5pct-509,2026-09-24T23:00:12+05:45,150ms_0.5pct,measure,mldsa,SecP256r1MLKEM768,725.003,1,SecP256r1MLKEM768,mldsa65,0,15914,1499,0,-provider_default
150ms_0.5pct-510,2026-09-24T23:00:12+05:45,150ms_0.5pct,measure,ecdsa,SecP256r1MLKEM768,552.066,1,SecP256r1MLKEM768,ecdsa_secp256r1_sha256,0,2427,1499,0,-provider_default
150ms_0.5pct-511,2026-09-24T23:00:13+05:45,150ms_0.5pct,measure,ecdsa,X25519MLKEM768,595.804,1,X25519MLKEM768,ecdsa_secp256r1_sha256,0,2381,1466,0,-provider_default
150ms_0.5pct-512,2026-09-24T23:00:13+05:45,150ms_0.5pct,measure,ecdsa,X25519MLKEM768,588.946,1,X25519MLKEM768,ecdsa_secp256r1_sha256,0,2379,1466,0,-provider_default
150ms_0.5pct-513,2026-09-24T23:00:14+05:45,150ms_0.5pct,measure,ecdsa,X25519MLKEM768,552.610,1,X25519MLKEM768,ecdsa_secp256r1_sha256,0,2380,1466,0,-provider_default
150ms_0.5pct-514,2026-09-24T23:00:15+05:45,150ms_0.5pct,measure,ecdsa,X25519MLKEM768,560.804,1,X25519MLKEM768,ecdsa_secp256r1_sha256,0,2380,1466,0,-provider_default
150ms_0.5pct-515,2026-09-24T23:00:15+05:45,150ms_0.5pct,measure,ecdsa,SecP256r1MLKEM768,580.659,1,SecP256r1MLKEM768,ecdsa_secp256r1_sha256,0,2426,1499,0,-provider_default
150ms_0.5pct-516,2026-09-24T23:00:16+05:45,150ms_0.5pct,measure,mldsa,X25519MLKEM768,749.687,1,X25519MLKEM768,mldsa65,0,15867,1466,0,-provider_default
150ms_0.5pct-517,2026-09-24T23:00:17+05:45,150ms_0.5pct,measure,ecdsa,X25519MLKEM768,586.839,1,X25519MLKEM768,ecdsa_secp256r1_sha256,0,2381,1466,0,-provider_default
150ms_0.5pct-518,2026-09-24T23:00:18+05:45,150ms_0.5pct,measure,mldsa,P-256,781.625,1,prime256v1,mldsa65,0,14826,323,0,-provider_default
150ms_0.5pct-519,2026-09-24T23:00:18+05:45,150ms_0.5pct,measure,ecdsa,P-256,579.173,1,prime256v1,ecdsa_secp256r1_sha256,0,1339,323,0,-provider_default
150ms_0.5pct-520,2026-09-24T23:00:19+05:45,150ms_0.5pct,measure,ecdsa,P-256,519.813,1,prime256v1,ecdsa_secp256r1_sha256,0,1340,323,0,-provider_default
150ms_0.5pct-521,2026-09-24T23:00:19+05:45,150ms_0.5pct,measure,ecdsa,P-256,531.948,1,prime256v1,ecdsa_secp256r1_sha256,0,1339,323,0,-provider_default
150ms_0.5pct-522,2026-09-24T23:00:20+05:45,150ms_0.5pct,measure,mldsa,SecP256r1MLKEM768,690.169,1,SecP256r1MLKEM768,mldsa65,0,15914,1499,0,-provider_default
150ms_0.5pct-523,2026-09-24T23:00:21+05:45,150ms_0.5pct,measure,ecdsa,X25519MLKEM768,535.217,1,X25519MLKEM768,ecdsa_secp256r1_sha256,0,2380,1466,0,-provider_default
150ms_0.5pct-524,2026-09-24T23:00:21+05:45,150ms_0.5pct,measure,ecdsa,X25519MLKEM768,539.947,1,X25519MLKEM768,ecdsa_secp256r1_sha256,0,2381,1466,0,-provider_default
150ms_0.5pct-525,2026-09-24T23:00:22+05:45,150ms_0.5pct,measure,mldsa,SecP256r1MLKEM768,671.413,1,SecP256r1MLKEM768,mldsa65,0,15914,1499,0,-provider_default
150ms_0.5pct-526,2026-09-24T23:00:23+05:45,150ms_0.5pct,measure,mldsa,X25519,620.017,1,X25519,mldsa65,0,14793,290,0,-provider_default
150ms_0.5pct-527,2026-09-24T23:00:23+05:45,150ms_0.5pct,measure,ecdsa,SecP256r1MLKEM768,571.322,1,SecP256r1MLKEM768,ecdsa_secp256r1_sha256,0,2427,1499,0,-provider_default
150ms_0.5pct-528,2026-09-24T23:00:24+05:45,150ms_0.5pct,measure,mldsa,SecP256r1MLKEM768,749.780,1,SecP256r1MLKEM768,mldsa65,0,15914,1499,0,-provider_default
150ms_0.5pct-529,2026-09-24T23:00:25+05:45,150ms_0.5pct,measure,ecdsa,P-256,508.411,1,prime256v1,ecdsa_secp256r1_sha256,0,1339,323,0,-provider_default
150ms_0.5pct-530,2026-09-24T23:00:26+05:45,150ms_0.5pct,measure,ecdsa,SecP256r1MLKEM768,546.128,1,SecP256r1MLKEM768,ecdsa_secp256r1_sha256,0,2427,1499,0,-provider_default
150ms_0.5pct-531,2026-09-24T23:00:26+05:45,150ms_0.5pct,measure,ecdsa,P-256,529.610,1,prime256v1,ecdsa_secp256r1_sha256,0,1339,323,0,-provider_default
150ms_0.5pct-532,2026-09-24T23:00:27+05:45,150ms_0.5pct,measure,mldsa,X25519MLKEM768,679.593,1,X25519MLKEM768,mldsa65,0,15867,1466,0,-provider_default
150ms_0.5pct-533,2026-09-24T23:00:28+05:45,150ms_0.5pct,measure,ecdsa,SecP256r1MLKEM768,507.449,1,SecP256r1MLKEM768,ecdsa_secp256r1_sha256,0,2428,1499,0,-provider_default
150ms_0.5pct-534,2026-09-24T23:00:28+05:45,150ms_0.5pct,measure,mldsa,SecP256r1MLKEM768,676.992,1,SecP256r1MLKEM768,mldsa65,0,15914,1499,0,-provider_default
150ms_0.5pct-535,2026-09-24T23:00:29+05:45,150ms_0.5pct,measure,ecdsa,X25519,527.989,1,X25519,ecdsa_secp256r1_sha256,0,1305,290,0,-provider_default
150ms_0.5pct-536,2026-09-24T23:00:30+05:45,150ms_0.5pct,measure,ecdsa,X25519,509.435,1,X25519,ecdsa_secp256r1_sha256,0,1306,290,0,-provider_default
150ms_0.5pct-537,2026-09-24T23:00:31+05:45,150ms_0.5pct,measure,ecdsa,SecP256r1MLKEM768,678.772,1,SecP256r1MLKEM768,ecdsa_secp256r1_sha256,0,2427,1499,0,-provider_default
150ms_0.5pct-538,2026-09-24T23:00:31+05:45,150ms_0.5pct,measure,mldsa,P-256,704.703,1,prime256v1,mldsa65,0,14826,323,0,-provider_default
150ms_0.5pct-539,2026-09-24T23:00:32+05:45,150ms_0.5pct,measure,ecdsa,X25519,761.996,1,X25519,ecdsa_secp256r1_sha256,0,1306,290,0,-provider_default
150ms_0.5pct-540,2026-09-24T23:00:33+05:45,150ms_0.5pct,measure,ecdsa,SecP256r1MLKEM768,571.588,1,SecP256r1MLKEM768,ecdsa_secp256r1_sha256,0,2428,1499,0,-provider_default
150ms_0.5pct-541,2026-09-24T23:00:34+05:45,150ms_0.5pct,measure,mldsa,P-256,743.546,1,prime256v1,mldsa65,0,14826,323,0,-provider_default
150ms_0.5pct-542,2026-09-24T23:00:35+05:45,150ms_0.5pct,measure,ecdsa,X25519,958.289,1,X25519,ecdsa_secp256r1_sha256,0,1305,290,0,-provider_default
150ms_0.5pct-543,2026-09-24T23:00:36+05:45,150ms_0.5pct,measure,mldsa,X25519MLKEM768,838.199,1,X25519MLKEM768,mldsa65,0,15867,1466,0,-provider_default
150ms_0.5pct-544,2026-09-24T23:00:37+05:45,150ms_0.5pct,measure,mldsa,P-256,744.180,1,prime256v1,mldsa65,0,14826,323,0,-provider_default
150ms_0.5pct-545,2026-09-24T23:00:38+05:45,150ms_0.5pct,measure,ecdsa,P-256,889.756,1,prime256v1,ecdsa_secp256r1_sha256,0,1339,323,0,-provider_default
150ms_0.5pct-546,2026-09-24T23:00:38+05:45,150ms_0.5pct,measure,ecdsa,P-256,678.526,1,prime256v1,ecdsa_secp256r1_sha256,0,1339,323,0,-provider_default
150ms_0.5pct-547,2026-09-24T23:00:39+05:45,150ms_0.5pct,measure,ecdsa,X25519,525.614,1,X25519,ecdsa_secp256r1_sha256,0,1307,290,0,-provider_default
150ms_0.5pct-548,2026-09-24T23:00:40+05:45,150ms_0.5pct,measure,mldsa,P-256,694.044,1,prime256v1,mldsa65,0,14826,323,0,-provider_default
150ms_0.5pct-549,2026-09-24T23:00:41+05:45,150ms_0.5pct,measure,mldsa,X25519MLKEM768,844.347,1,X25519MLKEM768,mldsa65,0,15867,1466,0,-provider_default
150ms_0.5pct-550,2026-09-24T23:00:42+05:45,150ms_0.5pct,measure,mldsa,P-256,820.498,1,prime256v1,mldsa65,0,14826,323,0,-provider_default
150ms_0.5pct-551,2026-09-24T23:00:43+05:45,150ms_0.5pct,measure,mldsa,X25519,708.382,1,X25519,mldsa65,0,14793,290,0,-provider_default
150ms_0.5pct-552,2026-09-24T23:00:44+05:45,150ms_0.5pct,measure,mldsa,X25519,726.810,1,X25519,mldsa65,0,14793,290,0,-provider_default
150ms_0.5pct-553,2026-09-24T23:00:45+05:45,150ms_0.5pct,measure,mldsa,P-256,836.075,1,prime256v1,mldsa65,0,14826,323,0,-provider_default
150ms_0.5pct-554,2026-09-24T23:00:45+05:45,150ms_0.5pct,measure,mldsa,X25519,657.815,1,X25519,mldsa65,0,14793,290,0,-provider_default
150ms_0.5pct-555,2026-09-24T23:00:46+05:45,150ms_0.5pct,measure,ecdsa,X25519,526.309,1,X25519,ecdsa_secp256r1_sha256,0,1306,290,0,-provider_default
150ms_0.5pct-556,2026-09-24T23:00:47+05:45,150ms_0.5pct,measure,mldsa,X25519MLKEM768,1289.851,1,X25519MLKEM768,mldsa65,0,15867,1466,0,-provider_default
150ms_0.5pct-557,2026-09-24T23:00:48+05:45,150ms_0.5pct,measure,ecdsa,SecP256r1MLKEM768,513.936,1,SecP256r1MLKEM768,ecdsa_secp256r1_sha256,0,2427,1499,0,-provider_default
150ms_0.5pct-558,2026-09-24T23:00:49+05:45,150ms_0.5pct,measure,mldsa,X25519,877.370,1,X25519,mldsa65,0,14793,290,0,-provider_default
150ms_0.5pct-559,2026-09-24T23:00:50+05:45,150ms_0.5pct,measure,mldsa,X25519,761.396,1,X25519,mldsa65,0,14793,290,0,-provider_default
150ms_0.5pct-560,2026-09-24T23:00:51+05:45,150ms_0.5pct,measure,mldsa,P-256,801.511,1,prime256v1,mldsa65,0,14826,323,0,-provider_default
150ms_0.5pct-561,2026-09-24T23:00:52+05:45,150ms_0.5pct,measure,ecdsa,P-256,678.230,1,prime256v1,ecdsa_secp256r1_sha256,0,1339,323,0,-provider_default
150ms_0.5pct-562,2026-09-24T23:00:52+05:45,150ms_0.5pct,measure,ecdsa,X25519,603.689,1,X25519,ecdsa_secp256r1_sha256,0,1307,290,0,-provider_default
150ms_0.5pct-563,2026-09-24T23:00:53+05:45,150ms_0.5pct,measure,mldsa,P-256,713.885,1,prime256v1,mldsa65,0,14826,323,0,-provider_default
150ms_0.5pct-564,2026-09-24T23:00:54+05:45,150ms_0.5pct,measure,ecdsa,X25519,590.359,1,X25519,ecdsa_secp256r1_sha256,0,1305,290,0,-provider_default
150ms_0.5pct-565,2026-09-24T23:00:55+05:45,150ms_0.5pct,measure,ecdsa,SecP256r1MLKEM768,595.062,1,SecP256r1MLKEM768,ecdsa_secp256r1_sha256,0,2427,1499,0,-provider_default
150ms_0.5pct-566,2026-09-24T23:00:55+05:45,150ms_0.5pct,measure,ecdsa,X25519MLKEM768,536.273,1,X25519MLKEM768,ecdsa_secp256r1_sha256,0,2381,1466,0,-provider_default
150ms_0.5pct-567,2026-09-24T23:00:56+05:45,150ms_0.5pct,measure,mldsa,X25519,787.814,1,X25519,mldsa65,0,14793,290,0,-provider_default
150ms_0.5pct-568,2026-09-24T23:00:57+05:45,150ms_0.5pct,measure,mldsa,X25519MLKEM768,659.572,1,X25519MLKEM768,mldsa65,0,15867,1466,0,-provider_default
150ms_0.5pct-569,2026-09-24T23:00:58+05:45,150ms_0.5pct,measure,mldsa,SecP256r1MLKEM768,728.729,1,SecP256r1MLKEM768,mldsa65,0,15914,1499,0,-provider_default
150ms_0.5pct-570,2026-09-24T23:00:59+05:45,150ms_0.5pct,measure,ecdsa,SecP256r1MLKEM768,573.646,1,SecP256r1MLKEM768,ecdsa_secp256r1_sha256,0,2428,1499,0,-provider_default
150ms_0.5pct-571,2026-09-24T23:01:00+05:45,150ms_0.5pct,measure,mldsa,P-256,870.926,1,prime256v1,mldsa65,0,14826,323,0,-provider_default
150ms_0.5pct-572,2026-09-24T23:01:01+05:45,150ms_0.5pct,measure,mldsa,X25519MLKEM768,723.195,1,X25519MLKEM768,mldsa65,0,15867,1466,0,-provider_default
150ms_0.5pct-573,2026-09-24T23:01:02+05:45,150ms_0.5pct,measure,ecdsa,X25519,706.172,1,X25519,ecdsa_secp256r1_sha256,0,1305,290,0,-provider_default
150ms_0.5pct-574,2026-09-24T23:01:02+05:45,150ms_0.5pct,measure,ecdsa,P-256,574.708,1,prime256v1,ecdsa_secp256r1_sha256,0,1339,323,0,-provider_default
150ms_0.5pct-575,2026-09-24T23:01:03+05:45,150ms_0.5pct,measure,ecdsa,X25519MLKEM768,572.818,1,X25519MLKEM768,ecdsa_secp256r1_sha256,0,2381,1466,0,-provider_default
150ms_0.5pct-576,2026-09-24T23:01:04+05:45,150ms_0.5pct,measure,ecdsa,X25519,551.365,1,X25519,ecdsa_secp256r1_sha256,0,1306,290,0,-provider_default
150ms_0.5pct-577,2026-09-24T23:01:04+05:45,150ms_0.5pct,measure,ecdsa,P-256,534.317,1,prime256v1,ecdsa_secp256r1_sha256,0,1340,323,0,-provider_default
150ms_0.5pct-578,2026-09-24T23:01:05+05:45,150ms_0.5pct,measure,ecdsa,X25519,556.902,1,X25519,ecdsa_secp256r1_sha256,0,1305,290,0,-provider_default
150ms_0.5pct-579,2026-09-24T23:01:06+05:45,150ms_0.5pct,measure,mldsa,P-256,893.161,1,prime256v1,mldsa65,0,14826,323,0,-provider_default
150ms_0.5pct-580,2026-09-24T23:01:07+05:45,150ms_0.5pct,measure,ecdsa,SecP256r1MLKEM768,527.570,1,SecP256r1MLKEM768,ecdsa_secp256r1_sha256,0,2427,1499,0,-provider_default
150ms_0.5pct-581,2026-09-24T23:01:08+05:45,150ms_0.5pct,measure,mldsa,SecP256r1MLKEM768,767.896,1,SecP256r1MLKEM768,mldsa65,0,15914,1499,0,-provider_default
150ms_0.5pct-582,2026-09-24T23:01:10+05:45,150ms_0.5pct,measure,mldsa,P-256,1962.002,1,prime256v1,mldsa65,0,14826,323,1,-provider_default
150ms_0.5pct-583,2026-09-24T23:01:10+05:45,150ms_0.5pct,measure,ecdsa,X25519MLKEM768,557.840,1,X25519MLKEM768,ecdsa_secp256r1_sha256,0,2381,1466,0,-provider_default
150ms_0.5pct-584,2026-09-24T23:01:11+05:45,150ms_0.5pct,measure,mldsa,P-256,768.063,1,prime256v1,mldsa65,0,14826,323,0,-provider_default
150ms_0.5pct-585,2026-09-24T23:01:13+05:45,150ms_0.5pct,measure,mldsa,X25519,1247.833,1,X25519,mldsa65,0,14793,290,0,-provider_default
150ms_0.5pct-586,2026-09-24T23:01:13+05:45,150ms_0.5pct,measure,ecdsa,X25519MLKEM768,637.767,1,X25519MLKEM768,ecdsa_secp256r1_sha256,0,2381,1466,0,-provider_default
150ms_0.5pct-587,2026-09-24T23:01:14+05:45,150ms_0.5pct,measure,ecdsa,SecP256r1MLKEM768,597.686,1,SecP256r1MLKEM768,ecdsa_secp256r1_sha256,0,2426,1499,0,-provider_default
150ms_0.5pct-588,2026-09-24T23:01:15+05:45,150ms_0.5pct,measure,ecdsa,P-256,551.796,1,prime256v1,ecdsa_secp256r1_sha256,0,1339,323,0,-provider_default
150ms_0.5pct-589,2026-09-24T23:01:16+05:45,150ms_0.5pct,measure,ecdsa,X25519MLKEM768,667.212,1,X25519MLKEM768,ecdsa_secp256r1_sha256,0,2381,1466,0,-provider_default
150ms_0.5pct-590,2026-09-24T23:01:17+05:45,150ms_0.5pct,measure,mldsa,P-256,844.463,1,prime256v1,mldsa65,0,14826,323,0,-provider_default
150ms_0.5pct-591,2026-09-24T23:01:17+05:45,150ms_0.5pct,measure,ecdsa,P-256,559.725,1,prime256v1,ecdsa_secp256r1_sha256,0,1339,323,0,-provider_default
150ms_0.5pct-592,2026-09-24T23:01:18+05:45,150ms_0.5pct,measure,mldsa,SecP256r1MLKEM768,731.466,1,SecP256r1MLKEM768,mldsa65,0,15914,1499,0,-provider_default
150ms_0.5pct-593,2026-09-24T23:01:19+05:45,150ms_0.5pct,measure,mldsa,X25519,724.676,1,X25519,mldsa65,0,14793,290,0,-provider_default
150ms_0.5pct-594,2026-09-24T23:01:20+05:45,150ms_0.5pct,measure,mldsa,X25519,766.913,1,X25519,mldsa65,0,14793,290,0,-provider_default
150ms_0.5pct-595,2026-09-24T23:01:21+05:45,150ms_0.5pct,measure,ecdsa,X25519MLKEM768,589.744,1,X25519MLKEM768,ecdsa_secp256r1_sha256,0,2380,1466,0,-provider_default
150ms_0.5pct-596,2026-09-24T23:01:21+05:45,150ms_0.5pct,measure,mldsa,SecP256r1MLKEM768,733.478,1,SecP256r1MLKEM768,mldsa65,0,15914,1499,0,-provider_default
150ms_0.5pct-597,2026-09-24T23:01:22+05:45,150ms_0.5pct,measure,mldsa,SecP256r1MLKEM768,697.737,1,SecP256r1MLKEM768,mldsa65,0,15914,1499,0,-provider_default
150ms_0.5pct-598,2026-09-24T23:01:23+05:45,150ms_0.5pct,measure,mldsa,X25519,814.530,1,X25519,mldsa65,0,14793,290,0,-provider_default
150ms_0.5pct-599,2026-09-24T23:01:24+05:45,150ms_0.5pct,measure,ecdsa,P-256,510.705,1,prime256v1,ecdsa_secp256r1_sha256,0,1339,323,0,-provider_default
150ms_0.5pct-600,2026-09-24T23:01:25+05:45,150ms_0.5pct,measure,ecdsa,X25519MLKEM768,614.212,1,X25519MLKEM768,ecdsa_secp256r1_sha256,0,2380,1466,0,-provider_default
150ms_0.5pct-601,2026-09-24T23:01:25+05:45,150ms_0.5pct,measure,ecdsa,P-256,532.997,1,prime256v1,ecdsa_secp256r1_sha256,0,1338,323,0,-provider_default
150ms_0.5pct-602,2026-09-24T23:01:26+05:45,150ms_0.5pct,measure,mldsa,P-256,724.603,1,prime256v1,mldsa65,0,14826,323,0,-provider_default
150ms_0.5pct-603,2026-09-24T23:01:27+05:45,150ms_0.5pct,measure,ecdsa,SecP256r1MLKEM768,554.370,1,SecP256r1MLKEM768,ecdsa_secp256r1_sha256,0,2426,1499,0,-provider_default
150ms_0.5pct-604,2026-09-24T23:01:27+05:45,150ms_0.5pct,measure,ecdsa,P-256,540.089,1,prime256v1,ecdsa_secp256r1_sha256,0,1339,323,0,-provider_default
150ms_0.5pct-605,2026-09-24T23:01:28+05:45,150ms_0.5pct,measure,ecdsa,SecP256r1MLKEM768,557.357,1,SecP256r1MLKEM768,ecdsa_secp256r1_sha256,0,2428,1499,0,-provider_default
150ms_0.5pct-606,2026-09-24T23:01:29+05:45,150ms_0.5pct,measure,mldsa,X25519,692.476,1,X25519,mldsa65,0,14793,290,0,-provider_default
150ms_0.5pct-607,2026-09-24T23:01:30+05:45,150ms_0.5pct,measure,mldsa,P-256,755.421,1,prime256v1,mldsa65,0,14826,323,0,-provider_default
150ms_0.5pct-608,2026-09-24T23:01:31+05:45,150ms_0.5pct,measure,mldsa,SecP256r1MLKEM768,722.637,1,SecP256r1MLKEM768,mldsa65,0,15914,1499,0,-provider_default
150ms_0.5pct-609,2026-09-24T23:01:31+05:45,150ms_0.5pct,measure,ecdsa,X25519MLKEM768,516.022,1,X25519MLKEM768,ecdsa_secp256r1_sha256,0,2379,1466,0,-provider_default
150ms_0.5pct-610,2026-09-24T23:01:32+05:45,150ms_0.5pct,measure,mldsa,SecP256r1MLKEM768,701.264,1,SecP256r1MLKEM768,mldsa65,0,15914,1499,0,-provider_default
150ms_0.5pct-611,2026-09-24T23:01:33+05:45,150ms_0.5pct,measure,ecdsa,P-256,539.487,1,prime256v1,ecdsa_secp256r1_sha256,0,1339,323,0,-provider_default
150ms_0.5pct-612,2026-09-24T23:01:33+05:45,150ms_0.5pct,measure,ecdsa,P-256,594.547,1,prime256v1,ecdsa_secp256r1_sha256,0,1338,323,0,-provider_default
150ms_0.5pct-613,2026-09-24T23:01:34+05:45,150ms_0.5pct,measure,ecdsa,X25519MLKEM768,533.904,1,X25519MLKEM768,ecdsa_secp256r1_sha256,0,2380,1466,0,-provider_default
150ms_0.5pct-614,2026-09-24T23:01:35+05:45,150ms_0.5pct,measure,mldsa,P-256,692.602,1,prime256v1,mldsa65,0,14826,323,0,-provider_default
150ms_0.5pct-615,2026-09-24T23:01:36+05:45,150ms_0.5pct,measure,ecdsa,X25519,788.956,1,X25519,ecdsa_secp256r1_sha256,0,1306,290,0,-provider_default
150ms_0.5pct-616,2026-09-24T23:01:36+05:45,150ms_0.5pct,measure,ecdsa,X25519,774.416,1,X25519,ecdsa_secp256r1_sha256,0,1306,290,0,-provider_default
150ms_0.5pct-617,2026-09-24T23:01:37+05:45,150ms_0.5pct,measure,mldsa,SecP256r1MLKEM768,735.515,1,SecP256r1MLKEM768,mldsa65,0,15914,1499,0,-provider_default
150ms_0.5pct-618,2026-09-24T23:01:39+05:45,150ms_0.5pct,measure,mldsa,SecP256r1MLKEM768,1299.561,1,SecP256r1MLKEM768,mldsa65,0,15914,1499,1,-provider_default
150ms_0.5pct-619,2026-09-24T23:01:39+05:45,150ms_0.5pct,measure,mldsa,X25519MLKEM768,797.418,1,X25519MLKEM768,mldsa65,0,15867,1466,0,-provider_default
150ms_0.5pct-620,2026-09-24T23:01:40+05:45,150ms_0.5pct,measure,mldsa,X25519MLKEM768,757.256,1,X25519MLKEM768,mldsa65,0,15867,1466,0,-provider_default
150ms_0.5pct-621,2026-09-24T23:01:41+05:45,150ms_0.5pct,measure,mldsa,P-256,737.878,1,prime256v1,mldsa65,0,14826,323,0,-provider_default
150ms_0.5pct-622,2026-09-24T23:01:42+05:45,150ms_0.5pct,measure,mldsa,P-256,753.724,1,prime256v1,mldsa65,0,14826,323,0,-provider_default
150ms_0.5pct-623,2026-09-24T23:01:43+05:45,150ms_0.5pct,measure,mldsa,P-256,687.576,1,prime256v1,mldsa65,0,14826,323,0,-provider_default
150ms_0.5pct-624,2026-09-24T23:01:44+05:45,150ms_0.5pct,measure,ecdsa,X25519,744.446,1,X25519,ecdsa_secp256r1_sha256,0,1306,290,1,-provider_default
150ms_0.5pct-625,2026-09-24T23:01:44+05:45,150ms_0.5pct,measure,mldsa,X25519MLKEM768,684.464,1,X25519MLKEM768,mldsa65,0,15867,1466,0,-provider_default
150ms_0.5pct-626,2026-09-24T23:01:45+05:45,150ms_0.5pct,measure,ecdsa,P-256,552.955,1,prime256v1,ecdsa_secp256r1_sha256,0,1339,323,0,-provider_default
150ms_0.5pct-627,2026-09-24T23:01:46+05:45,150ms_0.5pct,measure,mldsa,P-256,756.876,1,prime256v1,mldsa65,0,14826,323,0,-provider_default
150ms_0.5pct-628,2026-09-24T23:01:47+05:45,150ms_0.5pct,measure,mldsa,SecP256r1MLKEM768,816.503,1,SecP256r1MLKEM768,mldsa65,0,15914,1499,0,-provider_default
150ms_0.5pct-629,2026-09-24T23:01:48+05:45,150ms_0.5pct,measure,ecdsa,SecP256r1MLKEM768,1099.923,1,SecP256r1MLKEM768,ecdsa_secp256r1_sha256,0,2428,1499,0,-provider_default
150ms_0.5pct-630,2026-09-24T23:01:49+05:45,150ms_0.5pct,measure,mldsa,X25519MLKEM768,741.912,1,X25519MLKEM768,mldsa65,0,15867,1466,1,-provider_default
150ms_0.5pct-631,2026-09-24T23:01:50+05:45,150ms_0.5pct,measure,ecdsa,X25519MLKEM768,771.168,1,X25519MLKEM768,ecdsa_secp256r1_sha256,0,2380,1466,0,-provider_default
150ms_0.5pct-632,2026-09-24T23:01:51+05:45,150ms_0.5pct,measure,ecdsa,X25519MLKEM768,525.442,1,X25519MLKEM768,ecdsa_secp256r1_sha256,0,2380,1466,0,-provider_default
150ms_0.5pct-633,2026-09-24T23:01:51+05:45,150ms_0.5pct,measure,ecdsa,SecP256r1MLKEM768,517.270,1,SecP256r1MLKEM768,ecdsa_secp256r1_sha256,0,2426,1499,0,-provider_default
150ms_0.5pct-634,2026-09-24T23:01:52+05:45,150ms_0.5pct,measure,mldsa,X25519,700.424,1,X25519,mldsa65,0,14793,290,0,-provider_default
150ms_0.5pct-635,2026-09-24T23:01:53+05:45,150ms_0.5pct,measure,mldsa,X25519MLKEM768,687.164,1,X25519MLKEM768,mldsa65,0,15867,1466,0,-provider_default
150ms_0.5pct-636,2026-09-24T23:01:54+05:45,150ms_0.5pct,measure,mldsa,X25519,649.226,1,X25519,mldsa65,0,14793,290,0,-provider_default
150ms_0.5pct-637,2026-09-24T23:01:54+05:45,150ms_0.5pct,measure,mldsa,X25519MLKEM768,803.114,1,X25519MLKEM768,mldsa65,0,15867,1466,0,-provider_default
150ms_0.5pct-638,2026-09-24T23:01:55+05:45,150ms_0.5pct,measure,ecdsa,X25519,564.304,1,X25519,ecdsa_secp256r1_sha256,0,1305,290,0,-provider_default
150ms_0.5pct-639,2026-09-24T23:01:56+05:45,150ms_0.5pct,measure,ecdsa,P-256,573.770,1,prime256v1,ecdsa_secp256r1_sha256,0,1339,323,0,-provider_default
150ms_0.5pct-640,2026-09-24T23:01:57+05:45,150ms_0.5pct,measure,mldsa,P-256,858.750,1,prime256v1,mldsa65,0,14826,323,0,-provider_default
150ms_0.5pct-641,2026-09-24T23:01:57+05:45,150ms_0.5pct,measure,mldsa,P-256,702.330,1,prime256v1,mldsa65,0,14826,323,0,-provider_default
150ms_0.5pct-642,2026-09-24T23:01:58+05:45,150ms_0.5pct,measure,ecdsa,X25519MLKEM768,601.545,1,X25519MLKEM768,ecdsa_secp256r1_sha256,0,2381,1466,0,-provider_default
150ms_0.5pct-643,2026-09-24T23:01:59+05:45,150ms_0.5pct,measure,mldsa,X25519MLKEM768,763.297,1,X25519MLKEM768,mldsa65,0,15867,1466,0,-provider_default
150ms_0.5pct-644,2026-09-24T23:02:00+05:45,150ms_0.5pct,measure,mldsa,SecP256r1MLKEM768,750.553,1,SecP256r1MLKEM768,mldsa65,0,15914,1499,0,-provider_default
150ms_0.5pct-645,2026-09-24T23:02:01+05:45,150ms_0.5pct,measure,ecdsa,X25519MLKEM768,555.009,1,X25519MLKEM768,ecdsa_secp256r1_sha256,0,2381,1466,0,-provider_default
150ms_0.5pct-646,2026-09-24T23:02:01+05:45,150ms_0.5pct,measure,mldsa,X25519,751.290,1,X25519,mldsa65,0,14793,290,0,-provider_default
150ms_0.5pct-647,2026-09-24T23:02:02+05:45,150ms_0.5pct,measure,ecdsa,X25519MLKEM768,570.550,1,X25519MLKEM768,ecdsa_secp256r1_sha256,0,2381,1466,0,-provider_default
150ms_0.5pct-648,2026-09-24T23:02:03+05:45,150ms_0.5pct,measure,ecdsa,P-256,629.332,1,prime256v1,ecdsa_secp256r1_sha256,0,1340,323,0,-provider_default
150ms_0.5pct-649,2026-09-24T23:02:03+05:45,150ms_0.5pct,measure,ecdsa,X25519MLKEM768,517.512,1,X25519MLKEM768,ecdsa_secp256r1_sha256,0,2381,1466,0,-provider_default
150ms_0.5pct-650,2026-09-24T23:02:04+05:45,150ms_0.5pct,measure,mldsa,X25519MLKEM768,860.598,1,X25519MLKEM768,mldsa65,0,15867,1466,0,-provider_default
150ms_0.5pct-651,2026-09-24T23:02:05+05:45,150ms_0.5pct,measure,ecdsa,X25519MLKEM768,674.320,1,X25519MLKEM768,ecdsa_secp256r1_sha256,0,2380,1466,0,-provider_default
150ms_0.5pct-652,2026-09-24T23:02:06+05:45,150ms_0.5pct,measure,ecdsa,SecP256r1MLKEM768,814.971,1,SecP256r1MLKEM768,ecdsa_secp256r1_sha256,0,2427,1499,1,-provider_default
150ms_0.5pct-653,2026-09-24T23:02:07+05:45,150ms_0.5pct,measure,mldsa,X25519,1023.496,1,X25519,mldsa65,0,14793,290,0,-provider_default
150ms_0.5pct-654,2026-09-24T23:02:08+05:45,150ms_0.5pct,measure,ecdsa,SecP256r1MLKEM768,737.741,1,SecP256r1MLKEM768,ecdsa_secp256r1_sha256,0,2427,1499,0,-provider_default
150ms_0.5pct-655,2026-09-24T23:02:09+05:45,150ms_0.5pct,measure,ecdsa,X25519MLKEM768,489.791,1,X25519MLKEM768,ecdsa_secp256r1_sha256,0,2381,1466,0,-provider_default
150ms_0.5pct-656,2026-09-24T23:02:09+05:45,150ms_0.5pct,measure,ecdsa,X25519,520.993,1,X25519,ecdsa_secp256r1_sha256,0,1305,290,0,-provider_default
150ms_0.5pct-657,2026-09-24T23:02:10+05:45,150ms_0.5pct,measure,ecdsa,X25519MLKEM768,524.687,1,X25519MLKEM768,ecdsa_secp256r1_sha256,0,2380,1466,0,-provider_default
150ms_0.5pct-658,2026-09-24T23:02:11+05:45,150ms_0.5pct,measure,mldsa,X25519MLKEM768,700.819,1,X25519MLKEM768,mldsa65,0,15867,1466,0,-provider_default
150ms_0.5pct-659,2026-09-24T23:02:12+05:45,150ms_0.5pct,measure,mldsa,SecP256r1MLKEM768,801.297,1,SecP256r1MLKEM768,mldsa65,0,15914,1499,0,-provider_default
150ms_0.5pct-660,2026-09-24T23:02:12+05:45,150ms_0.5pct,measure,ecdsa,P-256,553.869,1,prime256v1,ecdsa_secp256r1_sha256,0,1339,323,0,-provider_default
150ms_0.5pct-661,2026-09-24T23:02:13+05:45,150ms_0.5pct,measure,ecdsa,P-256,577.652,1,prime256v1,ecdsa_secp256r1_sha256,0,1339,323,0,-provider_default
150ms_0.5pct-662,2026-09-24T23:02:14+05:45,150ms_0.5pct,measure,mldsa,P-256,780.245,1,prime256v1,mldsa65,0,14826,323,0,-provider_default
150ms_0.5pct-663,2026-09-24T23:02:14+05:45,150ms_0.5pct,measure,ecdsa,SecP256r1MLKEM768,543.588,1,SecP256r1MLKEM768,ecdsa_secp256r1_sha256,0,2426,1499,0,-provider_default
150ms_0.5pct-664,2026-09-24T23:02:15+05:45,150ms_0.5pct,measure,mldsa,P-256,656.341,1,prime256v1,mldsa65,0,14826,323,0,-provider_default
150ms_0.5pct-665,2026-09-24T23:02:16+05:45,150ms_0.5pct,measure,mldsa,P-256,740.190,1,prime256v1,mldsa65,0,14826,323,0,-provider_default
150ms_0.5pct-666,2026-09-24T23:02:17+05:45,150ms_0.5pct,measure,ecdsa,P-256,500.189,1,prime256v1,ecdsa_secp256r1_sha256,0,1339,323,0,-provider_default
150ms_0.5pct-667,2026-09-24T23:02:17+05:45,150ms_0.5pct,measure,mldsa,SecP256r1MLKEM768,725.307,1,SecP256r1MLKEM768,mldsa65,0,15914,1499,0,-provider_default
150ms_0.5pct-668,2026-09-24T23:02:18+05:45,150ms_0.5pct,measure,mldsa,X25519,683.601,1,X25519,mldsa65,0,14793,290,0,-provider_default
150ms_0.5pct-669,2026-09-24T23:02:19+05:45,150ms_0.5pct,measure,ecdsa,X25519,570.714,1,X25519,ecdsa_secp256r1_sha256,0,1305,290,0,-provider_default
150ms_0.5pct-670,2026-09-24T23:02:19+05:45,150ms_0.5pct,measure,mldsa,P-256,710.448,1,prime256v1,mldsa65,0,14826,323,0,-provider_default
150ms_0.5pct-671,2026-09-24T23:02:20+05:45,150ms_0.5pct,measure,ecdsa,P-256,563.838,1,prime256v1,ecdsa_secp256r1_sha256,0,1339,323,0,-provider_default
150ms_0.5pct-672,2026-09-24T23:02:21+05:45,150ms_0.5pct,measure,ecdsa,SecP256r1MLKEM768,593.372,1,SecP256r1MLKEM768,ecdsa_secp256r1_sha256,0,2426,1499,0,-provider_default
150ms_0.5pct-673,2026-09-24T23:02:22+05:45,150ms_0.5pct,measure,mldsa,X25519,720.817,1,X25519,mldsa65,0,14793,290,0,-provider_default
150ms_0.5pct-674,2026-09-24T23:02:23+05:45,150ms_0.5pct,measure,mldsa,SecP256r1MLKEM768,746.224,1,SecP256r1MLKEM768,mldsa65,0,15914,1499,0,-provider_default
150ms_0.5pct-675,2026-09-24T23:02:24+05:45,150ms_0.5pct,measure,ecdsa,P-256,870.481,1,prime256v1,ecdsa_secp256r1_sha256,0,1339,323,0,-provider_default
150ms_0.5pct-676,2026-09-24T23:02:25+05:45,150ms_0.5pct,measure,mldsa,X25519MLKEM768,1016.659,1,X25519MLKEM768,mldsa65,0,15867,1466,0,-provider_default
150ms_0.5pct-677,2026-09-24T23:02:26+05:45,150ms_0.5pct,measure,mldsa,X25519,770.135,1,X25519,mldsa65,0,14793,290,0,-provider_default
150ms_0.5pct-678,2026-09-24T23:02:27+05:45,150ms_0.5pct,measure,mldsa,SecP256r1MLKEM768,764.650,1,SecP256r1MLKEM768,mldsa65,0,15914,1499,0,-provider_default
150ms_0.5pct-679,2026-09-24T23:02:27+05:45,150ms_0.5pct,measure,mldsa,P-256,770.984,1,prime256v1,mldsa65,0,14826,323,0,-provider_default
150ms_0.5pct-680,2026-09-24T23:02:28+05:45,150ms_0.5pct,measure,ecdsa,X25519MLKEM768,585.888,1,X25519MLKEM768,ecdsa_secp256r1_sha256,0,2380,1466,0,-provider_default
150ms_0.5pct-681,2026-09-24T23:02:29+05:45,150ms_0.5pct,measure,ecdsa,X25519,537.346,1,X25519,ecdsa_secp256r1_sha256,0,1305,290,0,-provider_default
150ms_0.5pct-682,2026-09-24T23:02:30+05:45,150ms_0.5pct,measure,mldsa,P-256,793.597,1,prime256v1,mldsa65,0,14826,323,0,-provider_default
150ms_0.5pct-683,2026-09-24T23:02:30+05:45,150ms_0.5pct,measure,ecdsa,X25519MLKEM768,590.871,1,X25519MLKEM768,ecdsa_secp256r1_sha256,0,2379,1466,0,-provider_default
150ms_0.5pct-684,2026-09-24T23:02:31+05:45,150ms_0.5pct,measure,ecdsa,SecP256r1MLKEM768,688.871,1,SecP256r1MLKEM768,ecdsa_secp256r1_sha256,0,2427,1499,0,-provider_default
150ms_0.5pct-685,2026-09-24T23:02:32+05:45,150ms_0.5pct,measure,mldsa,X25519,668.848,1,X25519,mldsa65,0,14793,290,0,-provider_default
150ms_0.5pct-686,2026-09-24T23:02:33+05:45,150ms_0.5pct,measure,mldsa,P-256,858.483,1,prime256v1,mldsa65,0,14826,323,0,-provider_default
150ms_0.5pct-687,2026-09-24T23:02:34+05:45,150ms_0.5pct,measure,mldsa,X25519MLKEM768,844.116,1,X25519MLKEM768,mldsa65,0,15867,1466,0,-provider_default
150ms_0.5pct-688,2026-09-24T23:02:35+05:45,150ms_0.5pct,measure,ecdsa,P-256,599.426,1,prime256v1,ecdsa_secp256r1_sha256,0,1338,323,0,-provider_default
150ms_0.5pct-689,2026-09-24T23:02:35+05:45,150ms_0.5pct,measure,ecdsa,SecP256r1MLKEM768,518.888,1,SecP256r1MLKEM768,ecdsa_secp256r1_sha256,0,2427,1499,0,-provider_default
150ms_0.5pct-690,2026-09-24T23:02:36+05:45,150ms_0.5pct,measure,ecdsa,P-256,585.378,1,prime256v1,ecdsa_secp256r1_sha256,0,1340,323,0,-provider_default
150ms_0.5pct-691,2026-09-24T23:02:37+05:45,150ms_0.5pct,measure,ecdsa,X25519MLKEM768,539.426,1,X25519MLKEM768,ecdsa_secp256r1_sha256,0,2380,1466,0,-provider_default
150ms_0.5pct-692,2026-09-24T23:02:38+05:45,150ms_0.5pct,measure,mldsa,X25519,750.459,1,X25519,mldsa65,0,14793,290,0,-provider_default
150ms_0.5pct-693,2026-09-24T23:02:39+05:45,150ms_0.5pct,measure,mldsa,SecP256r1MLKEM768,789.858,1,SecP256r1MLKEM768,mldsa65,0,15914,1499,0,-provider_default
150ms_0.5pct-694,2026-09-24T23:02:39+05:45,150ms_0.5pct,measure,ecdsa,P-256,577.319,1,prime256v1,ecdsa_secp256r1_sha256,0,1340,323,0,-provider_default
150ms_0.5pct-695,2026-09-24T23:02:40+05:45,150ms_0.5pct,measure,mldsa,SecP256r1MLKEM768,819.997,1,SecP256r1MLKEM768,mldsa65,0,15914,1499,0,-provider_default
150ms_0.5pct-696,2026-09-24T23:02:41+05:45,150ms_0.5pct,measure,ecdsa,X25519,566.978,1,X25519,ecdsa_secp256r1_sha256,0,1306,290,0,-provider_default
150ms_0.5pct-697,2026-09-24T23:02:42+05:45,150ms_0.5pct,measure,mldsa,P-256,954.856,1,prime256v1,mldsa65,0,14826,323,0,-provider_default
150ms_0.5pct-698,2026-09-24T23:02:43+05:45,150ms_0.5pct,measure,mldsa,X25519MLKEM768,785.892,1,X25519MLKEM768,mldsa65,0,15867,1466,0,-provider_default
150ms_0.5pct-699,2026-09-24T23:02:44+05:45,150ms_0.5pct,measure,mldsa,SecP256r1MLKEM768,842.748,1,SecP256r1MLKEM768,mldsa65,0,15914,1499,0,-provider_default
150ms_0.5pct-700,2026-09-24T23:02:45+05:45,150ms_0.5pct,measure,mldsa,P-256,674.856,1,prime256v1,mldsa65,0,14826,323,0,-provider_default
150ms_0.5pct-701,2026-09-24T23:02:45+05:45,150ms_0.5pct,measure,ecdsa,X25519MLKEM768,596.535,1,X25519MLKEM768,ecdsa_secp256r1_sha256,0,2380,1466,0,-provider_default
150ms_0.5pct-702,2026-09-24T23:02:46+05:45,150ms_0.5pct,measure,mldsa,P-256,761.099,1,prime256v1,mldsa65,0,14826,323,0,-provider_default
150ms_0.5pct-703,2026-09-24T23:02:47+05:45,150ms_0.5pct,measure,ecdsa,SecP256r1MLKEM768,933.641,1,SecP256r1MLKEM768,ecdsa_secp256r1_sha256,0,2427,1499,1,-provider_default
150ms_0.5pct-704,2026-09-24T23:02:48+05:45,150ms_0.5pct,measure,ecdsa,SecP256r1MLKEM768,625.114,1,SecP256r1MLKEM768,ecdsa_secp256r1_sha256,0,2428,1499,0,-provider_default
150ms_0.5pct-705,2026-09-24T23:02:49+05:45,150ms_0.5pct,measure,mldsa,SecP256r1MLKEM768,776.632,1,SecP256r1MLKEM768,mldsa65,0,15914,1499,0,-provider_default
150ms_0.5pct-706,2026-09-24T23:02:50+05:45,150ms_0.5pct,measure,ecdsa,X25519MLKEM768,647.520,1,X25519MLKEM768,ecdsa_secp256r1_sha256,0,2380,1466,0,-provider_default
150ms_0.5pct-707,2026-09-24T23:02:51+05:45,150ms_0.5pct,measure,mldsa,P-256,827.967,1,prime256v1,mldsa65,0,14826,323,0,-provider_default
150ms_0.5pct-708,2026-09-24T23:02:52+05:45,150ms_0.5pct,measure,mldsa,X25519MLKEM768,784.058,1,X25519MLKEM768,mldsa65,0,15867,1466,0,-provider_default
150ms_0.5pct-709,2026-09-24T23:02:53+05:45,150ms_0.5pct,measure,mldsa,SecP256r1MLKEM768,715.238,1,SecP256r1MLKEM768,mldsa65,0,15914,1499,0,-provider_default
150ms_0.5pct-710,2026-09-24T23:02:55+05:45,150ms_0.5pct,measure,mldsa,X25519MLKEM768,1961.802,1,X25519MLKEM768,mldsa65,0,15867,1466,0,-provider_default
150ms_0.5pct-711,2026-09-24T23:02:55+05:45,150ms_0.5pct,measure,ecdsa,P-256,674.769,1,prime256v1,ecdsa_secp256r1_sha256,0,1339,323,0,-provider_default
150ms_0.5pct-712,2026-09-24T23:02:56+05:45,150ms_0.5pct,measure,mldsa,SecP256r1MLKEM768,791.673,1,SecP256r1MLKEM768,mldsa65,0,15914,1499,0,-provider_default
150ms_0.5pct-713,2026-09-24T23:02:57+05:45,150ms_0.5pct,measure,mldsa,X25519,999.700,1,X25519,mldsa65,0,14793,290,0,-provider_default
150ms_0.5pct-714,2026-09-24T23:02:58+05:45,150ms_0.5pct,measure,mldsa,X25519MLKEM768,771.656,1,X25519MLKEM768,mldsa65,0,15867,1466,0,-provider_default
150ms_0.5pct-715,2026-09-24T23:02:59+05:45,150ms_0.5pct,measure,mldsa,SecP256r1MLKEM768,711.546,1,SecP256r1MLKEM768,mldsa65,0,15914,1499,0,-provider_default
150ms_0.5pct-716,2026-09-24T23:03:00+05:45,150ms_0.5pct,measure,mldsa,X25519MLKEM768,737.429,1,X25519MLKEM768,mldsa65,0,15867,1466,0,-provider_default
150ms_0.5pct-717,2026-09-24T23:03:01+05:45,150ms_0.5pct,measure,mldsa,X25519MLKEM768,888.079,1,X25519MLKEM768,mldsa65,0,15867,1466,0,-provider_default
150ms_0.5pct-718,2026-09-24T23:03:02+05:45,150ms_0.5pct,measure,ecdsa,X25519,539.619,1,X25519,ecdsa_secp256r1_sha256,0,1306,290,0,-provider_default
150ms_0.5pct-719,2026-09-24T23:03:03+05:45,150ms_0.5pct,measure,mldsa,X25519,709.478,1,X25519,mldsa65,0,14793,290,0,-provider_default
150ms_0.5pct-720,2026-09-24T23:03:03+05:45,150ms_0.5pct,measure,mldsa,X25519MLKEM768,705.681,1,X25519MLKEM768,mldsa65,0,15867,1466,0,-provider_default
150ms_0.5pct-721,2026-09-24T23:03:04+05:45,150ms_0.5pct,measure,mldsa,X25519MLKEM768,707.080,1,X25519MLKEM768,mldsa65,0,15867,1466,0,-provider_default
150ms_0.5pct-722,2026-09-24T23:03:05+05:45,150ms_0.5pct,measure,ecdsa,X25519MLKEM768,615.974,1,X25519MLKEM768,ecdsa_secp256r1_sha256,0,2379,1466,0,-provider_default
150ms_0.5pct-723,2026-09-24T23:03:06+05:45,150ms_0.5pct,measure,ecdsa,X25519,651.445,1,X25519,ecdsa_secp256r1_sha256,0,1307,290,0,-provider_default
150ms_0.5pct-724,2026-09-24T23:03:07+05:45,150ms_0.5pct,measure,mldsa,SecP256r1MLKEM768,760.323,1,SecP256r1MLKEM768,mldsa65,0,15914,1499,0,-provider_default
150ms_0.5pct-725,2026-09-24T23:03:07+05:45,150ms_0.5pct,measure,ecdsa,SecP256r1MLKEM768,505.463,1,SecP256r1MLKEM768,ecdsa_secp256r1_sha256,0,2427,1499,0,-provider_default
150ms_0.5pct-726,2026-09-24T23:03:08+05:45,150ms_0.5pct,measure,mldsa,SecP256r1MLKEM768,859.430,1,SecP256r1MLKEM768,mldsa65,0,15914,1499,0,-provider_default
150ms_0.5pct-727,2026-09-24T23:03:09+05:45,150ms_0.5pct,measure,ecdsa,X25519MLKEM768,556.534,1,X25519MLKEM768,ecdsa_secp256r1_sha256,0,2379,1466,0,-provider_default
150ms_0.5pct-728,2026-09-24T23:03:10+05:45,150ms_0.5pct,measure,ecdsa,SecP256r1MLKEM768,609.290,1,SecP256r1MLKEM768,ecdsa_secp256r1_sha256,0,2428,1499,0,-provider_default
150ms_0.5pct-729,2026-09-24T23:03:10+05:45,150ms_0.5pct,measure,ecdsa,X25519,548.773,1,X25519,ecdsa_secp256r1_sha256,0,1307,290,0,-provider_default
150ms_0.5pct-730,2026-09-24T23:03:11+05:45,150ms_0.5pct,measure,mldsa,X25519,781.317,1,X25519,mldsa65,0,14793,290,0,-provider_default
150ms_0.5pct-731,2026-09-24T23:03:12+05:45,150ms_0.5pct,measure,mldsa,X25519,890.528,1,X25519,mldsa65,0,14793,290,0,-provider_default
150ms_0.5pct-732,2026-09-24T23:03:14+05:45,150ms_0.5pct,measure,ecdsa,X25519,1045.114,1,X25519,ecdsa_secp256r1_sha256,0,1307,290,0,-provider_default
150ms_0.5pct-733,2026-09-24T23:03:15+05:45,150ms_0.5pct,measure,mldsa,P-256,1061.083,1,prime256v1,mldsa65,0,14826,323,0,-provider_default
150ms_0.5pct-734,2026-09-24T23:03:15+05:45,150ms_0.5pct,measure,ecdsa,X25519,579.446,1,X25519,ecdsa_secp256r1_sha256,0,1306,290,0,-provider_default
150ms_0.5pct-735,2026-09-24T23:03:16+05:45,150ms_0.5pct,measure,ecdsa,P-256,714.983,1,prime256v1,ecdsa_secp256r1_sha256,0,1339,323,0,-provider_default
150ms_0.5pct-736,2026-09-24T23:03:17+05:45,150ms_0.5pct,measure,ecdsa,X25519MLKEM768,505.366,1,X25519MLKEM768,ecdsa_secp256r1_sha256,0,2380,1466,0,-provider_default
150ms_0.5pct-737,2026-09-24T23:03:18+05:45,150ms_0.5pct,measure,ecdsa,X25519MLKEM768,543.364,1,X25519MLKEM768,ecdsa_secp256r1_sha256,0,2380,1466,0,-provider_default
150ms_0.5pct-738,2026-09-24T23:03:18+05:45,150ms_0.5pct,measure,ecdsa,P-256,541.254,1,prime256v1,ecdsa_secp256r1_sha256,0,1339,323,0,-provider_default
150ms_0.5pct-739,2026-09-24T23:03:19+05:45,150ms_0.5pct,measure,ecdsa,X25519MLKEM768,569.187,1,X25519MLKEM768,ecdsa_secp256r1_sha256,0,2379,1466,0,-provider_default
150ms_0.5pct-740,2026-09-24T23:03:20+05:45,150ms_0.5pct,measure,ecdsa,X25519MLKEM768,597.770,1,X25519MLKEM768,ecdsa_secp256r1_sha256,0,2379,1466,0,-provider_default
150ms_0.5pct-741,2026-09-24T23:03:20+05:45,150ms_0.5pct,measure,mldsa,X25519,690.090,1,X25519,mldsa65,0,14793,290,0,-provider_default
150ms_0.5pct-742,2026-09-24T23:03:21+05:45,150ms_0.5pct,measure,ecdsa,X25519MLKEM768,501.881,1,X25519MLKEM768,ecdsa_secp256r1_sha256,0,2381,1466,0,-provider_default
150ms_0.5pct-743,2026-09-24T23:03:21+05:45,150ms_0.5pct,measure,ecdsa,X25519,552.402,1,X25519,ecdsa_secp256r1_sha256,0,1306,290,0,-provider_default
150ms_0.5pct-744,2026-09-24T23:03:22+05:45,150ms_0.5pct,measure,ecdsa,P-256,525.250,1,prime256v1,ecdsa_secp256r1_sha256,0,1340,323,0,-provider_default
150ms_0.5pct-745,2026-09-24T23:03:23+05:45,150ms_0.5pct,measure,mldsa,X25519,727.933,1,X25519,mldsa65,0,14793,290,0,-provider_default
150ms_0.5pct-746,2026-09-24T23:03:24+05:45,150ms_0.5pct,measure,ecdsa,SecP256r1MLKEM768,610.621,1,SecP256r1MLKEM768,ecdsa_secp256r1_sha256,0,2427,1499,0,-provider_default
150ms_0.5pct-747,2026-09-24T23:03:24+05:45,150ms_0.5pct,measure,ecdsa,X25519MLKEM768,491.806,1,X25519MLKEM768,ecdsa_secp256r1_sha256,0,2381,1466,0,-provider_default
150ms_0.5pct-748,2026-09-24T23:03:25+05:45,150ms_0.5pct,measure,mldsa,X25519MLKEM768,1231.539,1,X25519MLKEM768,mldsa65,0,15867,1466,1,-provider_default
150ms_0.5pct-749,2026-09-24T23:03:26+05:45,150ms_0.5pct,measure,ecdsa,SecP256r1MLKEM768,556.885,1,SecP256r1MLKEM768,ecdsa_secp256r1_sha256,0,2428,1499,0,-provider_default
150ms_0.5pct-750,2026-09-24T23:03:27+05:45,150ms_0.5pct,measure,ecdsa,X25519MLKEM768,518.756,1,X25519MLKEM768,ecdsa_secp256r1_sha256,0,2379,1466,0,-provider_default
150ms_0.5pct-751,2026-09-24T23:03:28+05:45,150ms_0.5pct,measure,ecdsa,X25519,832.726,1,X25519,ecdsa_secp256r1_sha256,0,1305,290,0,-provider_default
150ms_0.5pct-752,2026-09-24T23:03:28+05:45,150ms_0.5pct,measure,mldsa,P-256,712.250,1,prime256v1,mldsa65,0,14826,323,0,-provider_default
150ms_0.5pct-753,2026-09-24T23:03:29+05:45,150ms_0.5pct,measure,ecdsa,X25519MLKEM768,576.696,1,X25519MLKEM768,ecdsa_secp256r1_sha256,0,2381,1466,0,-provider_default
150ms_0.5pct-754,2026-09-24T23:03:30+05:45,150ms_0.5pct,measure,mldsa,X25519MLKEM768,680.559,1,X25519MLKEM768,mldsa65,0,15867,1466,0,-provider_default
150ms_0.5pct-755,2026-09-24T23:03:31+05:45,150ms_0.5pct,measure,mldsa,X25519MLKEM768,691.742,1,X25519MLKEM768,mldsa65,0,15867,1466,0,-provider_default
150ms_0.5pct-756,2026-09-24T23:03:31+05:45,150ms_0.5pct,measure,ecdsa,X25519MLKEM768,545.479,1,X25519MLKEM768,ecdsa_secp256r1_sha256,0,2380,1466,0,-provider_default
150ms_0.5pct-757,2026-09-24T23:03:32+05:45,150ms_0.5pct,measure,mldsa,X25519,765.986,1,X25519,mldsa65,0,14793,290,0,-provider_default
150ms_0.5pct-758,2026-09-24T23:03:33+05:45,150ms_0.5pct,measure,ecdsa,SecP256r1MLKEM768,561.856,1,SecP256r1MLKEM768,ecdsa_secp256r1_sha256,0,2427,1499,0,-provider_default
150ms_0.5pct-759,2026-09-24T23:03:34+05:45,150ms_0.5pct,measure,ecdsa,X25519MLKEM768,605.079,1,X25519MLKEM768,ecdsa_secp256r1_sha256,0,2379,1466,0,-provider_default
150ms_0.5pct-760,2026-09-24T23:03:34+05:45,150ms_0.5pct,measure,ecdsa,X25519MLKEM768,545.635,1,X25519MLKEM768,ecdsa_secp256r1_sha256,0,2380,1466,0,-provider_default
150ms_0.5pct-761,2026-09-24T23:03:35+05:45,150ms_0.5pct,measure,ecdsa,SecP256r1MLKEM768,590.720,1,SecP256r1MLKEM768,ecdsa_secp256r1_sha256,0,2427,1499,0,-provider_default
150ms_0.5pct-762,2026-09-24T23:03:36+05:45,150ms_0.5pct,measure,mldsa,P-256,688.412,1,prime256v1,mldsa65,0,14826,323,0,-provider_default
150ms_0.5pct-763,2026-09-24T23:03:37+05:45,150ms_0.5pct,measure,mldsa,SecP256r1MLKEM768,734.363,1,SecP256r1MLKEM768,mldsa65,0,15914,1499,0,-provider_default
150ms_0.5pct-764,2026-09-24T23:03:38+05:45,150ms_0.5pct,measure,mldsa,X25519MLKEM768,694.075,1,X25519MLKEM768,mldsa65,0,15867,1466,0,-provider_default
150ms_0.5pct-765,2026-09-24T23:03:39+05:45,150ms_0.5pct,measure,mldsa,X25519MLKEM768,1126.676,1,X25519MLKEM768,mldsa65,0,15867,1466,0,-provider_default
150ms_0.5pct-766,2026-09-24T23:03:40+05:45,150ms_0.5pct,measure,mldsa,SecP256r1MLKEM768,777.951,1,SecP256r1MLKEM768,mldsa65,0,15914,1499,0,-provider_default
150ms_0.5pct-767,2026-09-24T23:03:40+05:45,150ms_0.5pct,measure,ecdsa,SecP256r1MLKEM768,611.893,1,SecP256r1MLKEM768,ecdsa_secp256r1_sha256,0,2427,1499,0,-provider_default
150ms_0.5pct-768,2026-09-24T23:03:41+05:45,150ms_0.5pct,measure,mldsa,P-256,679.494,1,prime256v1,mldsa65,0,14826,323,0,-provider_default
150ms_0.5pct-769,2026-09-24T23:03:42+05:45,150ms_0.5pct,measure,ecdsa,X25519,571.438,1,X25519,ecdsa_secp256r1_sha256,0,1306,290,0,-provider_default
150ms_0.5pct-770,2026-09-24T23:03:43+05:45,150ms_0.5pct,measure,mldsa,X25519MLKEM768,865.850,1,X25519MLKEM768,mldsa65,0,15867,1466,0,-provider_default
150ms_0.5pct-771,2026-09-24T23:03:44+05:45,150ms_0.5pct,measure,ecdsa,X25519,548.973,1,X25519,ecdsa_secp256r1_sha256,0,1306,290,0,-provider_default
150ms_0.5pct-772,2026-09-24T23:03:45+05:45,150ms_0.5pct,measure,mldsa,P-256,806.135,1,prime256v1,mldsa65,0,14826,323,0,-provider_default
150ms_0.5pct-773,2026-09-24T23:03:46+05:45,150ms_0.5pct,measure,mldsa,X25519,803.310,1,X25519,mldsa65,0,14793,290,0,-provider_default
150ms_0.5pct-774,2026-09-24T23:03:47+05:45,150ms_0.5pct,measure,mldsa,X25519,810.663,1,X25519,mldsa65,0,14793,290,1,-provider_default
150ms_0.5pct-775,2026-09-24T23:03:47+05:45,150ms_0.5pct,measure,ecdsa,SecP256r1MLKEM768,516.846,1,SecP256r1MLKEM768,ecdsa_secp256r1_sha256,0,2427,1499,0,-provider_default
150ms_0.5pct-776,2026-09-24T23:03:48+05:45,150ms_0.5pct,measure,mldsa,X25519MLKEM768,897.170,1,X25519MLKEM768,mldsa65,0,15867,1466,0,-provider_default
150ms_0.5pct-777,2026-09-24T23:03:49+05:45,150ms_0.5pct,measure,mldsa,P-256,659.038,1,prime256v1,mldsa65,0,14826,323,0,-provider_default
150ms_0.5pct-778,2026-09-24T23:03:50+05:45,150ms_0.5pct,measure,ecdsa,SecP256r1MLKEM768,537.925,1,SecP256r1MLKEM768,ecdsa_secp256r1_sha256,0,2427,1499,0,-provider_default
150ms_0.5pct-779,2026-09-24T23:03:50+05:45,150ms_0.5pct,measure,mldsa,X25519,658.763,1,X25519,mldsa65,0,14793,290,0,-provider_default
150ms_0.5pct-780,2026-09-24T23:03:51+05:45,150ms_0.5pct,measure,ecdsa,X25519MLKEM768,557.792,1,X25519MLKEM768,ecdsa_secp256r1_sha256,0,2379,1466,0,-provider_default
150ms_0.5pct-781,2026-09-24T23:03:52+05:45,150ms_0.5pct,measure,ecdsa,SecP256r1MLKEM768,532.175,1,SecP256r1MLKEM768,ecdsa_secp256r1_sha256,0,2427,1499,0,-provider_default
150ms_0.5pct-782,2026-09-24T23:03:52+05:45,150ms_0.5pct,measure,ecdsa,P-256,557.765,1,prime256v1,ecdsa_secp256r1_sha256,0,1340,323,0,-provider_default
150ms_0.5pct-783,2026-09-24T23:03:53+05:45,150ms_0.5pct,measure,ecdsa,X25519,559.086,1,X25519,ecdsa_secp256r1_sha256,0,1306,290,0,-provider_default
150ms_0.5pct-784,2026-09-24T23:03:54+05:45,150ms_0.5pct,measure,mldsa,X25519,741.238,1,X25519,mldsa65,0,14793,290,0,-provider_default
150ms_0.5pct-785,2026-09-24T23:03:55+05:45,150ms_0.5pct,measure,ecdsa,X25519,566.745,1,X25519,ecdsa_secp256r1_sha256,0,1306,290,0,-provider_default
150ms_0.5pct-786,2026-09-24T23:03:55+05:45,150ms_0.5pct,measure,ecdsa,X25519MLKEM768,583.148,1,X25519MLKEM768,ecdsa_secp256r1_sha256,0,2380,1466,0,-provider_default
150ms_0.5pct-787,2026-09-24T23:03:56+05:45,150ms_0.5pct,measure,mldsa,P-256,752.848,1,prime256v1,mldsa65,0,14826,323,0,-provider_default
150ms_0.5pct-788,2026-09-24T23:03:58+05:45,150ms_0.5pct,measure,mldsa,P-256,1037.628,1,prime256v1,mldsa65,0,14826,323,0,-provider_default
150ms_0.5pct-789,2026-09-24T23:03:58+05:45,150ms_0.5pct,measure,mldsa,SecP256r1MLKEM768,699.265,1,SecP256r1MLKEM768,mldsa65,0,15914,1499,0,-provider_default
150ms_0.5pct-790,2026-09-24T23:03:59+05:45,150ms_0.5pct,measure,mldsa,P-256,877.459,1,prime256v1,mldsa65,0,14826,323,0,-provider_default
150ms_0.5pct-791,2026-09-24T23:04:00+05:45,150ms_0.5pct,measure,mldsa,X25519MLKEM768,987.355,1,X25519MLKEM768,mldsa65,0,15867,1466,0,-provider_default
150ms_0.5pct-792,2026-09-24T23:04:01+05:45,150ms_0.5pct,measure,ecdsa,P-256,508.600,1,prime256v1,ecdsa_secp256r1_sha256,0,1337,323,0,-provider_default
150ms_0.5pct-793,2026-09-24T23:04:03+05:45,150ms_0.5pct,measure,mldsa,X25519,1761.538,1,X25519,mldsa65,0,14793,290,1,-provider_default
150ms_0.5pct-794,2026-09-24T23:04:04+05:45,150ms_0.5pct,measure,mldsa,P-256,657.621,1,prime256v1,mldsa65,0,14826,323,0,-provider_default
150ms_0.5pct-795,2026-09-24T23:04:05+05:45,150ms_0.5pct,measure,ecdsa,X25519,661.797,1,X25519,ecdsa_secp256r1_sha256,0,1306,290,0,-provider_default
150ms_0.5pct-796,2026-09-24T23:04:06+05:45,150ms_0.5pct,measure,ecdsa,P-256,882.437,1,prime256v1,ecdsa_secp256r1_sha256,0,1339,323,0,-provider_default
150ms_0.5pct-797,2026-09-24T23:04:07+05:45,150ms_0.5pct,measure,mldsa,P-256,753.125,1,prime256v1,mldsa65,0,14826,323,0,-provider_default
150ms_0.5pct-798,2026-09-24T23:04:07+05:45,150ms_0.5pct,measure,ecdsa,X25519MLKEM768,549.951,1,X25519MLKEM768,ecdsa_secp256r1_sha256,0,2381,1466,0,-provider_default
150ms_0.5pct-799,2026-09-24T23:04:08+05:45,150ms_0.5pct,measure,mldsa,X25519MLKEM768,710.789,1,X25519MLKEM768,mldsa65,0,15867,1466,0,-provider_default
150ms_0.5pct-800,2026-09-24T23:04:09+05:45,150ms_0.5pct,measure,mldsa,X25519,1066.061,1,X25519,mldsa65,0,14793,290,0,-provider_default
150ms_1pct-w1,2026-09-24T23:04:20+05:45,150ms_1pct,warmup,ecdsa,X25519,647.640,1,X25519,ecdsa_secp256r1_sha256,0,1307,290,0,-provider_default
150ms_1pct-w2,2026-09-24T23:04:21+05:45,150ms_1pct,warmup,ecdsa,X25519,571.988,1,X25519,ecdsa_secp256r1_sha256,0,1306,290,0,-provider_default
150ms_1pct-w3,2026-09-24T23:04:22+05:45,150ms_1pct,warmup,ecdsa,X25519,624.948,1,X25519,ecdsa_secp256r1_sha256,0,1306,290,0,-provider_default
150ms_1pct-w4,2026-09-24T23:04:23+05:45,150ms_1pct,warmup,ecdsa,X25519,972.754,1,X25519,ecdsa_secp256r1_sha256,0,1306,290,0,-provider_default
150ms_1pct-w5,2026-09-24T23:04:24+05:45,150ms_1pct,warmup,ecdsa,X25519,830.713,1,X25519,ecdsa_secp256r1_sha256,0,1307,290,0,-provider_default
150ms_1pct-w6,2026-09-24T23:04:25+05:45,150ms_1pct,warmup,ecdsa,X25519,597.042,1,X25519,ecdsa_secp256r1_sha256,0,1306,290,0,-provider_default
150ms_1pct-w7,2026-09-24T23:04:25+05:45,150ms_1pct,warmup,ecdsa,X25519,556.046,1,X25519,ecdsa_secp256r1_sha256,0,1307,290,0,-provider_default
150ms_1pct-w8,2026-09-24T23:04:26+05:45,150ms_1pct,warmup,ecdsa,X25519,539.354,1,X25519,ecdsa_secp256r1_sha256,0,1306,290,0,-provider_default
150ms_1pct-w9,2026-09-24T23:04:27+05:45,150ms_1pct,warmup,ecdsa,X25519,613.055,1,X25519,ecdsa_secp256r1_sha256,0,1306,290,0,-provider_default
150ms_1pct-w10,2026-09-24T23:04:27+05:45,150ms_1pct,warmup,ecdsa,X25519,580.776,1,X25519,ecdsa_secp256r1_sha256,0,1307,290,0,-provider_default
150ms_1pct-w11,2026-09-24T23:04:28+05:45,150ms_1pct,warmup,ecdsa,P-256,560.435,1,prime256v1,ecdsa_secp256r1_sha256,0,1340,323,0,-provider_default
150ms_1pct-w12,2026-09-24T23:04:29+05:45,150ms_1pct,warmup,ecdsa,P-256,580.601,1,prime256v1,ecdsa_secp256r1_sha256,0,1339,323,0,-provider_default
150ms_1pct-w13,2026-09-24T23:04:29+05:45,150ms_1pct,warmup,ecdsa,P-256,551.698,1,prime256v1,ecdsa_secp256r1_sha256,0,1338,323,0,-provider_default
150ms_1pct-w14,2026-09-24T23:04:30+05:45,150ms_1pct,warmup,ecdsa,P-256,548.996,1,prime256v1,ecdsa_secp256r1_sha256,0,1338,323,0,-provider_default
150ms_1pct-w15,2026-09-24T23:04:31+05:45,150ms_1pct,warmup,ecdsa,P-256,616.046,1,prime256v1,ecdsa_secp256r1_sha256,0,1340,323,0,-provider_default
150ms_1pct-w16,2026-09-24T23:04:31+05:45,150ms_1pct,warmup,ecdsa,P-256,541.017,1,prime256v1,ecdsa_secp256r1_sha256,0,1339,323,0,-provider_default
150ms_1pct-w17,2026-09-24T23:04:32+05:45,150ms_1pct,warmup,ecdsa,P-256,618.880,1,prime256v1,ecdsa_secp256r1_sha256,0,1340,323,0,-provider_default
150ms_1pct-w18,2026-09-24T23:04:33+05:45,150ms_1pct,warmup,ecdsa,P-256,651.303,1,prime256v1,ecdsa_secp256r1_sha256,0,1339,323,0,-provider_default
150ms_1pct-w19,2026-09-24T23:04:33+05:45,150ms_1pct,warmup,ecdsa,P-256,535.933,1,prime256v1,ecdsa_secp256r1_sha256,0,1339,323,0,-provider_default
150ms_1pct-w20,2026-09-24T23:04:34+05:45,150ms_1pct,warmup,ecdsa,P-256,961.670,1,prime256v1,ecdsa_secp256r1_sha256,0,1339,323,0,-provider_default
150ms_1pct-w21,2026-09-24T23:04:35+05:45,150ms_1pct,warmup,ecdsa,X25519MLKEM768,551.298,1,X25519MLKEM768,ecdsa_secp256r1_sha256,0,2381,1466,0,-provider_default
150ms_1pct-w22,2026-09-24T23:04:36+05:45,150ms_1pct,warmup,ecdsa,X25519MLKEM768,854.492,1,X25519MLKEM768,ecdsa_secp256r1_sha256,0,2380,1466,0,-provider_default
150ms_1pct-w23,2026-09-24T23:04:37+05:45,150ms_1pct,warmup,ecdsa,X25519MLKEM768,865.119,1,X25519MLKEM768,ecdsa_secp256r1_sha256,0,2379,1466,0,-provider_default
150ms_1pct-w24,2026-09-24T23:04:38+05:45,150ms_1pct,warmup,ecdsa,X25519MLKEM768,640.309,1,X25519MLKEM768,ecdsa_secp256r1_sha256,0,2380,1466,0,-provider_default
150ms_1pct-w25,2026-09-24T23:04:38+05:45,150ms_1pct,warmup,ecdsa,X25519MLKEM768,516.362,1,X25519MLKEM768,ecdsa_secp256r1_sha256,0,2380,1466,0,-provider_default
150ms_1pct-w26,2026-09-24T23:04:39+05:45,150ms_1pct,warmup,ecdsa,X25519MLKEM768,575.446,1,X25519MLKEM768,ecdsa_secp256r1_sha256,0,2380,1466,0,-provider_default
150ms_1pct-w27,2026-09-24T23:04:40+05:45,150ms_1pct,warmup,ecdsa,X25519MLKEM768,508.537,1,X25519MLKEM768,ecdsa_secp256r1_sha256,0,2380,1466,0,-provider_default
150ms_1pct-w28,2026-09-24T23:04:41+05:45,150ms_1pct,warmup,ecdsa,X25519MLKEM768,1592.858,1,X25519MLKEM768,ecdsa_secp256r1_sha256,0,2380,1466,1,-provider_default
150ms_1pct-w29,2026-09-24T23:04:42+05:45,150ms_1pct,warmup,ecdsa,X25519MLKEM768,689.003,1,X25519MLKEM768,ecdsa_secp256r1_sha256,0,2380,1466,0,-provider_default
150ms_1pct-w30,2026-09-24T23:04:43+05:45,150ms_1pct,warmup,ecdsa,X25519MLKEM768,1280.877,1,X25519MLKEM768,ecdsa_secp256r1_sha256,0,2380,1466,0,-provider_default
150ms_1pct-w31,2026-09-24T23:04:44+05:45,150ms_1pct,warmup,ecdsa,SecP256r1MLKEM768,520.222,1,SecP256r1MLKEM768,ecdsa_secp256r1_sha256,0,2427,1499,0,-provider_default
150ms_1pct-w32,2026-09-24T23:04:45+05:45,150ms_1pct,warmup,ecdsa,SecP256r1MLKEM768,515.981,1,SecP256r1MLKEM768,ecdsa_secp256r1_sha256,0,2428,1499,0,-provider_default
150ms_1pct-w33,2026-09-24T23:04:45+05:45,150ms_1pct,warmup,ecdsa,SecP256r1MLKEM768,536.036,1,SecP256r1MLKEM768,ecdsa_secp256r1_sha256,0,2427,1499,0,-provider_default
150ms_1pct-w34,2026-09-24T23:04:46+05:45,150ms_1pct,warmup,ecdsa,SecP256r1MLKEM768,1056.489,1,SecP256r1MLKEM768,ecdsa_secp256r1_sha256,0,2427,1499,1,-provider_default
150ms_1pct-w35,2026-09-24T23:04:47+05:45,150ms_1pct,warmup,ecdsa,SecP256r1MLKEM768,556.159,1,SecP256r1MLKEM768,ecdsa_secp256r1_sha256,0,2427,1499,0,-provider_default
150ms_1pct-w36,2026-09-24T23:04:48+05:45,150ms_1pct,warmup,ecdsa,SecP256r1MLKEM768,511.910,1,SecP256r1MLKEM768,ecdsa_secp256r1_sha256,0,2428,1499,0,-provider_default
150ms_1pct-w37,2026-09-24T23:04:48+05:45,150ms_1pct,warmup,ecdsa,SecP256r1MLKEM768,627.116,1,SecP256r1MLKEM768,ecdsa_secp256r1_sha256,0,2428,1499,0,-provider_default
150ms_1pct-w38,2026-09-24T23:04:49+05:45,150ms_1pct,warmup,ecdsa,SecP256r1MLKEM768,726.449,1,SecP256r1MLKEM768,ecdsa_secp256r1_sha256,0,2427,1499,0,-provider_default
150ms_1pct-w39,2026-09-24T23:04:50+05:45,150ms_1pct,warmup,ecdsa,SecP256r1MLKEM768,564.100,1,SecP256r1MLKEM768,ecdsa_secp256r1_sha256,0,2427,1499,0,-provider_default
150ms_1pct-w40,2026-09-24T23:04:52+05:45,150ms_1pct,warmup,ecdsa,SecP256r1MLKEM768,1684.184,1,SecP256r1MLKEM768,ecdsa_secp256r1_sha256,0,2426,1499,1,-provider_default
150ms_1pct-w41,2026-09-24T23:04:52+05:45,150ms_1pct,warmup,mldsa,X25519,727.094,1,X25519,mldsa65,0,14793,290,0,-provider_default
150ms_1pct-w42,2026-09-24T23:04:53+05:45,150ms_1pct,warmup,mldsa,X25519,716.874,1,X25519,mldsa65,0,14793,290,0,-provider_default
150ms_1pct-w43,2026-09-24T23:04:55+05:45,150ms_1pct,warmup,mldsa,X25519,1245.851,1,X25519,mldsa65,0,14793,290,0,-provider_default
150ms_1pct-w44,2026-09-24T23:04:56+05:45,150ms_1pct,warmup,mldsa,X25519,1384.889,1,X25519,mldsa65,0,14793,290,1,-provider_default
150ms_1pct-w45,2026-09-24T23:04:57+05:45,150ms_1pct,warmup,mldsa,X25519,895.609,1,X25519,mldsa65,0,14793,290,0,-provider_default
150ms_1pct-w46,2026-09-24T23:04:58+05:45,150ms_1pct,warmup,mldsa,X25519,1134.820,1,X25519,mldsa65,0,14793,290,0,-provider_default
150ms_1pct-w47,2026-09-24T23:04:59+05:45,150ms_1pct,warmup,mldsa,X25519,914.994,1,X25519,mldsa65,0,14793,290,0,-provider_default
150ms_1pct-w48,2026-09-24T23:05:00+05:45,150ms_1pct,warmup,mldsa,X25519,781.439,1,X25519,mldsa65,0,14793,290,0,-provider_default
150ms_1pct-w49,2026-09-24T23:05:01+05:45,150ms_1pct,warmup,mldsa,X25519,799.503,1,X25519,mldsa65,0,14793,290,0,-provider_default
150ms_1pct-w50,2026-09-24T23:05:02+05:45,150ms_1pct,warmup,mldsa,X25519,683.839,1,X25519,mldsa65,0,14793,290,0,-provider_default
150ms_1pct-w51,2026-09-24T23:05:02+05:45,150ms_1pct,warmup,mldsa,P-256,697.650,1,prime256v1,mldsa65,0,14826,323,0,-provider_default
150ms_1pct-w52,2026-09-24T23:05:03+05:45,150ms_1pct,warmup,mldsa,P-256,962.146,1,prime256v1,mldsa65,0,14826,323,1,-provider_default
150ms_1pct-w53,2026-09-24T23:05:04+05:45,150ms_1pct,warmup,mldsa,P-256,718.712,1,prime256v1,mldsa65,0,14826,323,0,-provider_default
150ms_1pct-w54,2026-09-24T23:05:06+05:45,150ms_1pct,warmup,mldsa,P-256,1266.795,1,prime256v1,mldsa65,0,14826,323,1,-provider_default
150ms_1pct-w55,2026-09-24T23:05:06+05:45,150ms_1pct,warmup,mldsa,P-256,709.773,1,prime256v1,mldsa65,0,14826,323,0,-provider_default
150ms_1pct-w56,2026-09-24T23:05:07+05:45,150ms_1pct,warmup,mldsa,P-256,695.581,1,prime256v1,mldsa65,0,14826,323,0,-provider_default
150ms_1pct-w57,2026-09-24T23:05:08+05:45,150ms_1pct,warmup,mldsa,P-256,762.779,1,prime256v1,mldsa65,0,14826,323,0,-provider_default
150ms_1pct-w58,2026-09-24T23:05:09+05:45,150ms_1pct,warmup,mldsa,P-256,826.308,1,prime256v1,mldsa65,0,14826,323,0,-provider_default
150ms_1pct-w59,2026-09-24T23:05:10+05:45,150ms_1pct,warmup,mldsa,P-256,667.340,1,prime256v1,mldsa65,0,14826,323,0,-provider_default
150ms_1pct-w60,2026-09-24T23:05:10+05:45,150ms_1pct,warmup,mldsa,P-256,771.708,1,prime256v1,mldsa65,0,14826,323,0,-provider_default
150ms_1pct-w61,2026-09-24T23:05:11+05:45,150ms_1pct,warmup,mldsa,X25519MLKEM768,662.882,1,X25519MLKEM768,mldsa65,0,15867,1466,0,-provider_default
150ms_1pct-w62,2026-09-24T23:05:12+05:45,150ms_1pct,warmup,mldsa,X25519MLKEM768,702.477,1,X25519MLKEM768,mldsa65,0,15867,1466,0,-provider_default
150ms_1pct-w63,2026-09-24T23:05:13+05:45,150ms_1pct,warmup,mldsa,X25519MLKEM768,703.655,1,X25519MLKEM768,mldsa65,0,15867,1466,0,-provider_default
150ms_1pct-w64,2026-09-24T23:05:14+05:45,150ms_1pct,warmup,mldsa,X25519MLKEM768,666.193,1,X25519MLKEM768,mldsa65,0,15867,1466,0,-provider_default
150ms_1pct-w65,2026-09-24T23:05:15+05:45,150ms_1pct,warmup,mldsa,X25519MLKEM768,844.137,1,X25519MLKEM768,mldsa65,0,15867,1466,0,-provider_default
150ms_1pct-w66,2026-09-24T23:05:15+05:45,150ms_1pct,warmup,mldsa,X25519MLKEM768,708.681,1,X25519MLKEM768,mldsa65,0,15867,1466,0,-provider_default
150ms_1pct-w67,2026-09-24T23:05:16+05:45,150ms_1pct,warmup,mldsa,X25519MLKEM768,804.159,1,X25519MLKEM768,mldsa65,0,15867,1466,0,-provider_default
150ms_1pct-w68,2026-09-24T23:05:17+05:45,150ms_1pct,warmup,mldsa,X25519MLKEM768,857.344,1,X25519MLKEM768,mldsa65,0,15867,1466,0,-provider_default
150ms_1pct-w69,2026-09-24T23:05:18+05:45,150ms_1pct,warmup,mldsa,X25519MLKEM768,767.397,1,X25519MLKEM768,mldsa65,0,15867,1466,0,-provider_default
150ms_1pct-w70,2026-09-24T23:05:19+05:45,150ms_1pct,warmup,mldsa,X25519MLKEM768,674.456,1,X25519MLKEM768,mldsa65,0,15867,1466,0,-provider_default
150ms_1pct-w71,2026-09-24T23:05:20+05:45,150ms_1pct,warmup,mldsa,SecP256r1MLKEM768,673.967,1,SecP256r1MLKEM768,mldsa65,0,15914,1499,0,-provider_default
150ms_1pct-w72,2026-09-24T23:05:21+05:45,150ms_1pct,warmup,mldsa,SecP256r1MLKEM768,652.538,1,SecP256r1MLKEM768,mldsa65,0,15914,1499,0,-provider_default
150ms_1pct-w73,2026-09-24T23:05:21+05:45,150ms_1pct,warmup,mldsa,SecP256r1MLKEM768,735.432,1,SecP256r1MLKEM768,mldsa65,0,15914,1499,0,-provider_default
150ms_1pct-w74,2026-09-24T23:05:23+05:45,150ms_1pct,warmup,mldsa,SecP256r1MLKEM768,990.791,1,SecP256r1MLKEM768,mldsa65,0,15914,1499,0,-provider_default
150ms_1pct-w75,2026-09-24T23:05:24+05:45,150ms_1pct,warmup,mldsa,SecP256r1MLKEM768,720.104,1,SecP256r1MLKEM768,mldsa65,0,15914,1499,0,-provider_default
150ms_1pct-w76,2026-09-24T23:05:24+05:45,150ms_1pct,warmup,mldsa,SecP256r1MLKEM768,748.494,1,SecP256r1MLKEM768,mldsa65,0,15914,1499,0,-provider_default
150ms_1pct-w77,2026-09-24T23:05:25+05:45,150ms_1pct,warmup,mldsa,SecP256r1MLKEM768,651.875,1,SecP256r1MLKEM768,mldsa65,0,15914,1499,0,-provider_default
150ms_1pct-w78,2026-09-24T23:05:26+05:45,150ms_1pct,warmup,mldsa,SecP256r1MLKEM768,666.090,1,SecP256r1MLKEM768,mldsa65,0,15914,1499,0,-provider_default
150ms_1pct-w79,2026-09-24T23:05:27+05:45,150ms_1pct,warmup,mldsa,SecP256r1MLKEM768,892.931,1,SecP256r1MLKEM768,mldsa65,0,15914,1499,0,-provider_default
150ms_1pct-w80,2026-09-24T23:05:28+05:45,150ms_1pct,warmup,mldsa,SecP256r1MLKEM768,875.461,1,SecP256r1MLKEM768,mldsa65,0,15914,1499,0,-provider_default
150ms_1pct-1,2026-09-24T23:05:29+05:45,150ms_1pct,measure,ecdsa,X25519,675.226,1,X25519,ecdsa_secp256r1_sha256,0,1306,290,0,-provider_default
150ms_1pct-2,2026-09-24T23:05:30+05:45,150ms_1pct,measure,mldsa,P-256,733.901,1,prime256v1,mldsa65,0,14826,323,0,-provider_default
150ms_1pct-3,2026-09-24T23:05:30+05:45,150ms_1pct,measure,ecdsa,P-256,533.764,1,prime256v1,ecdsa_secp256r1_sha256,0,1339,323,0,-provider_default
150ms_1pct-4,2026-09-24T23:05:31+05:45,150ms_1pct,measure,mldsa,X25519MLKEM768,752.703,1,X25519MLKEM768,mldsa65,0,15867,1466,0,-provider_default
150ms_1pct-5,2026-09-24T23:05:33+05:45,150ms_1pct,measure,mldsa,X25519,1312.687,1,X25519,mldsa65,0,14793,290,0,-provider_default
150ms_1pct-6,2026-09-24T23:05:34+05:45,150ms_1pct,measure,ecdsa,SecP256r1MLKEM768,677.258,1,SecP256r1MLKEM768,ecdsa_secp256r1_sha256,0,2428,1499,0,-provider_default
150ms_1pct-7,2026-09-24T23:05:34+05:45,150ms_1pct,measure,mldsa,X25519,685.146,1,X25519,mldsa65,0,14793,290,0,-provider_default
150ms_1pct-8,2026-09-24T23:05:35+05:45,150ms_1pct,measure,mldsa,P-256,721.047,1,prime256v1,mldsa65,0,14826,323,0,-provider_default
150ms_1pct-9,2026-09-24T23:05:36+05:45,150ms_1pct,measure,mldsa,X25519,1038.746,1,X25519,mldsa65,0,14793,290,1,-provider_default
150ms_1pct-10,2026-09-24T23:05:37+05:45,150ms_1pct,measure,ecdsa,SecP256r1MLKEM768,576.763,1,SecP256r1MLKEM768,ecdsa_secp256r1_sha256,0,2426,1499,0,-provider_default
150ms_1pct-11,2026-09-24T23:05:38+05:45,150ms_1pct,measure,mldsa,SecP256r1MLKEM768,1033.873,1,SecP256r1MLKEM768,mldsa65,0,15914,1499,0,-provider_default
150ms_1pct-12,2026-09-24T23:05:39+05:45,150ms_1pct,measure,mldsa,P-256,708.575,1,prime256v1,mldsa65,0,14826,323,0,-provider_default
150ms_1pct-13,2026-09-24T23:05:40+05:45,150ms_1pct,measure,mldsa,X25519MLKEM768,676.496,1,X25519MLKEM768,mldsa65,0,15867,1466,0,-provider_default
150ms_1pct-14,2026-09-24T23:05:42+05:45,150ms_1pct,measure,mldsa,SecP256r1MLKEM768,1727.484,1,SecP256r1MLKEM768,mldsa65,0,15914,1499,1,-provider_default
150ms_1pct-15,2026-09-24T23:05:43+05:45,150ms_1pct,measure,mldsa,SecP256r1MLKEM768,694.250,1,SecP256r1MLKEM768,mldsa65,0,15914,1499,0,-provider_default
150ms_1pct-16,2026-09-24T23:05:43+05:45,150ms_1pct,measure,mldsa,SecP256r1MLKEM768,729.046,1,SecP256r1MLKEM768,mldsa65,0,15914,1499,0,-provider_default
150ms_1pct-17,2026-09-24T23:05:44+05:45,150ms_1pct,measure,ecdsa,X25519MLKEM768,597.510,1,X25519MLKEM768,ecdsa_secp256r1_sha256,0,2381,1466,0,-provider_default
150ms_1pct-18,2026-09-24T23:05:45+05:45,150ms_1pct,measure,mldsa,P-256,742.810,1,prime256v1,mldsa65,0,14826,323,0,-provider_default
150ms_1pct-19,2026-09-24T23:05:46+05:45,150ms_1pct,measure,mldsa,P-256,736.569,1,prime256v1,mldsa65,0,14826,323,0,-provider_default
150ms_1pct-20,2026-09-24T23:05:47+05:45,150ms_1pct,measure,mldsa,P-256,759.034,1,prime256v1,mldsa65,0,14826,323,0,-provider_default
150ms_1pct-21,2026-09-24T23:05:48+05:45,150ms_1pct,measure,mldsa,SecP256r1MLKEM768,671.276,1,SecP256r1MLKEM768,mldsa65,0,15914,1499,0,-provider_default
150ms_1pct-22,2026-09-24T23:05:49+05:45,150ms_1pct,measure,mldsa,SecP256r1MLKEM768,788.889,1,SecP256r1MLKEM768,mldsa65,0,15914,1499,0,-provider_default
150ms_1pct-23,2026-09-24T23:05:49+05:45,150ms_1pct,measure,ecdsa,X25519,754.914,1,X25519,ecdsa_secp256r1_sha256,0,1306,290,1,-provider_default
150ms_1pct-24,2026-09-24T23:05:50+05:45,150ms_1pct,measure,mldsa,X25519,750.774,1,X25519,mldsa65,0,14793,290,0,-provider_default
150ms_1pct-25,2026-09-24T23:05:51+05:45,150ms_1pct,measure,mldsa,P-256,674.458,1,prime256v1,mldsa65,0,14826,323,0,-provider_default
150ms_1pct-26,2026-09-24T23:05:52+05:45,150ms_1pct,measure,mldsa,X25519MLKEM768,714.283,1,X25519MLKEM768,mldsa65,0,15867,1466,0,-provider_default
150ms_1pct-27,2026-09-24T23:05:53+05:45,150ms_1pct,measure,ecdsa,P-256,531.342,1,prime256v1,ecdsa_secp256r1_sha256,0,1338,323,0,-provider_default
150ms_1pct-28,2026-09-24T23:05:53+05:45,150ms_1pct,measure,ecdsa,P-256,607.545,1,prime256v1,ecdsa_secp256r1_sha256,0,1339,323,0,-provider_default
150ms_1pct-29,2026-09-24T23:05:54+05:45,150ms_1pct,measure,ecdsa,X25519MLKEM768,577.542,1,X25519MLKEM768,ecdsa_secp256r1_sha256,0,2379,1466,0,-provider_default
150ms_1pct-30,2026-09-24T23:05:55+05:45,150ms_1pct,measure,ecdsa,X25519MLKEM768,623.448,1,X25519MLKEM768,ecdsa_secp256r1_sha256,0,2380,1466,0,-provider_default
150ms_1pct-31,2026-09-24T23:05:56+05:45,150ms_1pct,measure,mldsa,P-256,752.223,1,prime256v1,mldsa65,0,14826,323,0,-provider_default
150ms_1pct-32,2026-09-24T23:05:56+05:45,150ms_1pct,measure,ecdsa,SecP256r1MLKEM768,561.708,1,SecP256r1MLKEM768,ecdsa_secp256r1_sha256,0,2428,1499,0,-provider_default
150ms_1pct-33,2026-09-24T23:05:57+05:45,150ms_1pct,measure,ecdsa,X25519MLKEM768,530.056,1,X25519MLKEM768,ecdsa_secp256r1_sha256,0,2381,1466,0,-provider_default
150ms_1pct-34,2026-09-24T23:05:58+05:45,150ms_1pct,measure,ecdsa,X25519MLKEM768,528.417,1,X25519MLKEM768,ecdsa_secp256r1_sha256,0,2380,1466,0,-provider_default
150ms_1pct-35,2026-09-24T23:05:58+05:45,150ms_1pct,measure,ecdsa,P-256,547.047,1,prime256v1,ecdsa_secp256r1_sha256,0,1338,323,0,-provider_default
150ms_1pct-36,2026-09-24T23:05:59+05:45,150ms_1pct,measure,mldsa,P-256,734.281,1,prime256v1,mldsa65,0,14826,323,0,-provider_default
150ms_1pct-37,2026-09-24T23:06:00+05:45,150ms_1pct,measure,ecdsa,X25519,564.757,1,X25519,ecdsa_secp256r1_sha256,0,1305,290,0,-provider_default
150ms_1pct-38,2026-09-24T23:06:01+05:45,150ms_1pct,measure,ecdsa,X25519,572.977,1,X25519,ecdsa_secp256r1_sha256,0,1305,290,0,-provider_default
150ms_1pct-39,2026-09-24T23:06:01+05:45,150ms_1pct,measure,ecdsa,X25519MLKEM768,539.360,1,X25519MLKEM768,ecdsa_secp256r1_sha256,0,2380,1466,0,-provider_default
150ms_1pct-40,2026-09-24T23:06:02+05:45,150ms_1pct,measure,ecdsa,SecP256r1MLKEM768,1132.769,1,SecP256r1MLKEM768,ecdsa_secp256r1_sha256,0,2428,1499,1,-provider_default
150ms_1pct-41,2026-09-24T23:06:03+05:45,150ms_1pct,measure,ecdsa,X25519MLKEM768,551.911,1,X25519MLKEM768,ecdsa_secp256r1_sha256,0,2379,1466,0,-provider_default
150ms_1pct-42,2026-09-24T23:06:04+05:45,150ms_1pct,measure,ecdsa,X25519,548.152,1,X25519,ecdsa_secp256r1_sha256,0,1305,290,0,-provider_default
150ms_1pct-43,2026-09-24T23:06:05+05:45,150ms_1pct,measure,mldsa,X25519MLKEM768,720.680,1,X25519MLKEM768,mldsa65,0,15867,1466,0,-provider_default
150ms_1pct-44,2026-09-24T23:06:05+05:45,150ms_1pct,measure,ecdsa,SecP256r1MLKEM768,511.478,1,SecP256r1MLKEM768,ecdsa_secp256r1_sha256,0,2427,1499,0,-provider_default
150ms_1pct-45,2026-09-24T23:06:06+05:45,150ms_1pct,measure,mldsa,X25519MLKEM768,663.414,1,X25519MLKEM768,mldsa65,0,15867,1466,0,-provider_default
150ms_1pct-46,2026-09-24T23:06:07+05:45,150ms_1pct,measure,ecdsa,X25519MLKEM768,551.958,1,X25519MLKEM768,ecdsa_secp256r1_sha256,0,2380,1466,0,-provider_default
150ms_1pct-47,2026-09-24T23:06:07+05:45,150ms_1pct,measure,ecdsa,SecP256r1MLKEM768,606.225,1,SecP256r1MLKEM768,ecdsa_secp256r1_sha256,0,2426,1499,0,-provider_default
150ms_1pct-48,2026-09-24T23:06:08+05:45,150ms_1pct,measure,ecdsa,X25519MLKEM768,552.372,1,X25519MLKEM768,ecdsa_secp256r1_sha256,0,2379,1466,0,-provider_default
150ms_1pct-49,2026-09-24T23:06:09+05:45,150ms_1pct,measure,ecdsa,X25519MLKEM768,601.855,1,X25519MLKEM768,ecdsa_secp256r1_sha256,0,2380,1466,0,-provider_default
150ms_1pct-50,2026-09-24T23:06:10+05:45,150ms_1pct,measure,ecdsa,X25519,614.652,1,X25519,ecdsa_secp256r1_sha256,0,1305,290,0,-provider_default
150ms_1pct-51,2026-09-24T23:06:10+05:45,150ms_1pct,measure,ecdsa,SecP256r1MLKEM768,565.648,1,SecP256r1MLKEM768,ecdsa_secp256r1_sha256,0,2428,1499,0,-provider_default
150ms_1pct-52,2026-09-24T23:06:11+05:45,150ms_1pct,measure,mldsa,X25519MLKEM768,875.752,1,X25519MLKEM768,mldsa65,0,15867,1466,0,-provider_default
150ms_1pct-53,2026-09-24T23:06:12+05:45,150ms_1pct,measure,mldsa,X25519MLKEM768,693.629,1,X25519MLKEM768,mldsa65,0,15867,1466,0,-provider_default
150ms_1pct-54,2026-09-24T23:06:13+05:45,150ms_1pct,measure,mldsa,X25519,697.347,1,X25519,mldsa65,0,14793,290,0,-provider_default
150ms_1pct-55,2026-09-24T23:06:14+05:45,150ms_1pct,measure,ecdsa,X25519,545.483,1,X25519,ecdsa_secp256r1_sha256,0,1307,290,0,-provider_default
150ms_1pct-56,2026-09-24T23:06:16+05:45,150ms_1pct,measure,mldsa,P-256,2001.516,1,prime256v1,mldsa65,0,14826,323,1,-provider_default
150ms_1pct-57,2026-09-24T23:06:17+05:45,150ms_1pct,measure,mldsa,SecP256r1MLKEM768,767.257,1,SecP256r1MLKEM768,mldsa65,0,15914,1499,0,-provider_default
150ms_1pct-58,2026-09-24T23:06:17+05:45,150ms_1pct,measure,ecdsa,P-256,556.446,1,prime256v1,ecdsa_secp256r1_sha256,0,1338,323,0,-provider_default
150ms_1pct-59,2026-09-24T23:06:18+05:45,150ms_1pct,measure,mldsa,X25519MLKEM768,775.059,1,X25519MLKEM768,mldsa65,0,15867,1466,0,-provider_default
150ms_1pct-60,2026-09-24T23:06:19+05:45,150ms_1pct,measure,mldsa,SecP256r1MLKEM768,1012.881,1,SecP256r1MLKEM768,mldsa65,0,15914,1499,0,-provider_default
150ms_1pct-61,2026-09-24T23:06:20+05:45,150ms_1pct,measure,ecdsa,SecP256r1MLKEM768,562.732,1,SecP256r1MLKEM768,ecdsa_secp256r1_sha256,0,2427,1499,0,-provider_default
150ms_1pct-62,2026-09-24T23:06:21+05:45,150ms_1pct,measure,mldsa,P-256,906.417,1,prime256v1,mldsa65,0,14826,323,0,-provider_default
150ms_1pct-63,2026-09-24T23:06:22+05:45,150ms_1pct,measure,mldsa,X25519MLKEM768,676.924,1,X25519MLKEM768,mldsa65,0,15867,1466,0,-provider_default
150ms_1pct-64,2026-09-24T23:06:23+05:45,150ms_1pct,measure,ecdsa,X25519MLKEM768,706.939,1,X25519MLKEM768,ecdsa_secp256r1_sha256,0,2380,1466,0,-provider_default
150ms_1pct-65,2026-09-24T23:06:24+05:45,150ms_1pct,measure,mldsa,X25519MLKEM768,808.313,1,X25519MLKEM768,mldsa65,0,15867,1466,0,-provider_default
150ms_1pct-66,2026-09-24T23:06:24+05:45,150ms_1pct,measure,mldsa,X25519,749.278,1,X25519,mldsa65,0,14793,290,0,-provider_default
150ms_1pct-67,2026-09-24T23:06:25+05:45,150ms_1pct,measure,mldsa,P-256,755.146,1,prime256v1,mldsa65,0,14826,323,0,-provider_default
150ms_1pct-68,2026-09-24T23:06:26+05:45,150ms_1pct,measure,mldsa,X25519,724.486,1,X25519,mldsa65,0,14793,290,0,-provider_default
150ms_1pct-69,2026-09-24T23:06:27+05:45,150ms_1pct,measure,ecdsa,X25519MLKEM768,614.980,1,X25519MLKEM768,ecdsa_secp256r1_sha256,0,2381,1466,0,-provider_default
150ms_1pct-70,2026-09-24T23:06:28+05:45,150ms_1pct,measure,ecdsa,SecP256r1MLKEM768,534.801,1,SecP256r1MLKEM768,ecdsa_secp256r1_sha256,0,2428,1499,0,-provider_default
150ms_1pct-71,2026-09-24T23:06:28+05:45,150ms_1pct,measure,mldsa,SecP256r1MLKEM768,734.771,1,SecP256r1MLKEM768,mldsa65,0,15914,1499,0,-provider_default
150ms_1pct-72,2026-09-24T23:06:29+05:45,150ms_1pct,measure,mldsa,SecP256r1MLKEM768,815.166,1,SecP256r1MLKEM768,mldsa65,0,15914,1499,0,-provider_default
150ms_1pct-73,2026-09-24T23:06:30+05:45,150ms_1pct,measure,ecdsa,X25519,590.882,1,X25519,ecdsa_secp256r1_sha256,0,1306,290,0,-provider_default
150ms_1pct-74,2026-09-24T23:06:31+05:45,150ms_1pct,measure,ecdsa,P-256,510.025,1,prime256v1,ecdsa_secp256r1_sha256,0,1339,323,0,-provider_default
150ms_1pct-75,2026-09-24T23:06:33+05:45,150ms_1pct,measure,mldsa,SecP256r1MLKEM768,1802.868,1,SecP256r1MLKEM768,mldsa65,0,15914,1499,1,-provider_default
150ms_1pct-76,2026-09-24T23:06:33+05:45,150ms_1pct,measure,ecdsa,SecP256r1MLKEM768,571.896,1,SecP256r1MLKEM768,ecdsa_secp256r1_sha256,0,2428,1499,0,-provider_default
150ms_1pct-77,2026-09-24T23:06:35+05:45,150ms_1pct,measure,mldsa,X25519MLKEM768,1029.271,1,X25519MLKEM768,mldsa65,0,15867,1466,1,-provider_default
150ms_1pct-78,2026-09-24T23:06:35+05:45,150ms_1pct,measure,ecdsa,X25519MLKEM768,595.707,1,X25519MLKEM768,ecdsa_secp256r1_sha256,0,2380,1466,0,-provider_default
150ms_1pct-79,2026-09-24T23:06:36+05:45,150ms_1pct,measure,ecdsa,P-256,529.463,1,prime256v1,ecdsa_secp256r1_sha256,0,1339,323,0,-provider_default
150ms_1pct-80,2026-09-24T23:06:37+05:45,150ms_1pct,measure,ecdsa,P-256,637.933,1,prime256v1,ecdsa_secp256r1_sha256,0,1338,323,0,-provider_default
150ms_1pct-81,2026-09-24T23:06:37+05:45,150ms_1pct,measure,ecdsa,P-256,681.313,1,prime256v1,ecdsa_secp256r1_sha256,0,1339,323,0,-provider_default
150ms_1pct-82,2026-09-24T23:06:39+05:45,150ms_1pct,measure,mldsa,X25519MLKEM768,966.921,1,X25519MLKEM768,mldsa65,0,15867,1466,0,-provider_default
150ms_1pct-83,2026-09-24T23:06:39+05:45,150ms_1pct,measure,ecdsa,P-256,505.590,1,prime256v1,ecdsa_secp256r1_sha256,0,1338,323,0,-provider_default
150ms_1pct-84,2026-09-24T23:06:40+05:45,150ms_1pct,measure,mldsa,X25519MLKEM768,657.945,1,X25519MLKEM768,mldsa65,0,15867,1466,0,-provider_default
150ms_1pct-85,2026-09-24T23:06:41+05:45,150ms_1pct,measure,mldsa,X25519,677.674,1,X25519,mldsa65,0,14793,290,0,-provider_default
150ms_1pct-86,2026-09-24T23:06:42+05:45,150ms_1pct,measure,mldsa,SecP256r1MLKEM768,775.507,1,SecP256r1MLKEM768,mldsa65,0,15914,1499,0,-provider_default
150ms_1pct-87,2026-09-24T23:06:42+05:45,150ms_1pct,measure,mldsa,X25519,708.026,1,X25519,mldsa65,0,14793,290,0,-provider_default
150ms_1pct-88,2026-09-24T23:06:43+05:45,150ms_1pct,measure,mldsa,X25519MLKEM768,693.515,1,X25519MLKEM768,mldsa65,0,15867,1466,0,-provider_default
150ms_1pct-89,2026-09-24T23:06:44+05:45,150ms_1pct,measure,ecdsa,SecP256r1MLKEM768,626.787,1,SecP256r1MLKEM768,ecdsa_secp256r1_sha256,0,2427,1499,0,-provider_default
150ms_1pct-90,2026-09-24T23:06:45+05:45,150ms_1pct,measure,ecdsa,X25519,1223.791,1,X25519,ecdsa_secp256r1_sha256,0,1307,290,0,-provider_default
150ms_1pct-91,2026-09-24T23:06:46+05:45,150ms_1pct,measure,mldsa,X25519MLKEM768,882.084,1,X25519MLKEM768,mldsa65,0,15867,1466,0,-provider_default
150ms_1pct-92,2026-09-24T23:06:47+05:45,150ms_1pct,measure,mldsa,X25519,1000.765,1,X25519,mldsa65,0,14793,290,0,-provider_default
150ms_1pct-93,2026-09-24T23:06:48+05:45,150ms_1pct,measure,mldsa,P-256,762.548,1,prime256v1,mldsa65,0,14826,323,0,-provider_default
150ms_1pct-94,2026-09-24T23:06:49+05:45,150ms_1pct,measure,ecdsa,X25519MLKEM768,653.216,1,X25519MLKEM768,ecdsa_secp256r1_sha256,0,2380,1466,0,-provider_default
150ms_1pct-95,2026-09-24T23:06:50+05:45,150ms_1pct,measure,mldsa,X25519,737.878,1,X25519,mldsa65,0,14793,290,0,-provider_default
150ms_1pct-96,2026-09-24T23:06:51+05:45,150ms_1pct,measure,ecdsa,SecP256r1MLKEM768,563.291,1,SecP256r1MLKEM768,ecdsa_secp256r1_sha256,0,2427,1499,0,-provider_default
150ms_1pct-97,2026-09-24T23:06:51+05:45,150ms_1pct,measure,ecdsa,X25519MLKEM768,573.436,1,X25519MLKEM768,ecdsa_secp256r1_sha256,0,2379,1466,0,-provider_default
150ms_1pct-98,2026-09-24T23:06:52+05:45,150ms_1pct,measure,mldsa,P-256,783.055,1,prime256v1,mldsa65,0,14826,323,0,-provider_default
150ms_1pct-99,2026-09-24T23:06:53+05:45,150ms_1pct,measure,ecdsa,X25519,509.199,1,X25519,ecdsa_secp256r1_sha256,0,1307,290,0,-provider_default
150ms_1pct-100,2026-09-24T23:06:54+05:45,150ms_1pct,measure,ecdsa,X25519MLKEM768,542.963,1,X25519MLKEM768,ecdsa_secp256r1_sha256,0,2380,1466,0,-provider_default
150ms_1pct-101,2026-09-24T23:06:55+05:45,150ms_1pct,measure,mldsa,X25519MLKEM768,880.613,1,X25519MLKEM768,mldsa65,0,15867,1466,0,-provider_default
150ms_1pct-102,2026-09-24T23:06:55+05:45,150ms_1pct,measure,mldsa,P-256,729.314,1,prime256v1,mldsa65,0,14826,323,0,-provider_default
150ms_1pct-103,2026-09-24T23:06:56+05:45,150ms_1pct,measure,mldsa,SecP256r1MLKEM768,710.365,1,SecP256r1MLKEM768,mldsa65,0,15914,1499,0,-provider_default
150ms_1pct-104,2026-09-24T23:06:57+05:45,150ms_1pct,measure,mldsa,X25519,726.127,1,X25519,mldsa65,0,14793,290,0,-provider_default
150ms_1pct-105,2026-09-24T23:06:58+05:45,150ms_1pct,measure,ecdsa,X25519MLKEM768,628.935,1,X25519MLKEM768,ecdsa_secp256r1_sha256,0,2379,1466,0,-provider_default
150ms_1pct-106,2026-09-24T23:06:59+05:45,150ms_1pct,measure,mldsa,X25519,691.505,1,X25519,mldsa65,0,14793,290,0,-provider_default
150ms_1pct-107,2026-09-24T23:07:00+05:45,150ms_1pct,measure,mldsa,X25519MLKEM768,961.524,1,X25519MLKEM768,mldsa65,0,15867,1466,0,-provider_default
150ms_1pct-108,2026-09-24T23:07:01+05:45,150ms_1pct,measure,ecdsa,SecP256r1MLKEM768,622.216,1,SecP256r1MLKEM768,ecdsa_secp256r1_sha256,0,2428,1499,0,-provider_default
150ms_1pct-109,2026-09-24T23:07:01+05:45,150ms_1pct,measure,ecdsa,SecP256r1MLKEM768,562.053,1,SecP256r1MLKEM768,ecdsa_secp256r1_sha256,0,2426,1499,0,-provider_default
150ms_1pct-110,2026-09-24T23:07:02+05:45,150ms_1pct,measure,ecdsa,SecP256r1MLKEM768,584.407,1,SecP256r1MLKEM768,ecdsa_secp256r1_sha256,0,2426,1499,0,-provider_default
150ms_1pct-111,2026-09-24T23:07:03+05:45,150ms_1pct,measure,ecdsa,X25519MLKEM768,596.976,1,X25519MLKEM768,ecdsa_secp256r1_sha256,0,2379,1466,0,-provider_default
150ms_1pct-112,2026-09-24T23:07:03+05:45,150ms_1pct,measure,ecdsa,X25519MLKEM768,532.365,1,X25519MLKEM768,ecdsa_secp256r1_sha256,0,2381,1466,0,-provider_default
150ms_1pct-113,2026-09-24T23:07:04+05:45,150ms_1pct,measure,mldsa,SecP256r1MLKEM768,876.419,1,SecP256r1MLKEM768,mldsa65,0,15914,1499,0,-provider_default
150ms_1pct-114,2026-09-24T23:07:05+05:45,150ms_1pct,measure,mldsa,X25519MLKEM768,771.990,1,X25519MLKEM768,mldsa65,0,15867,1466,0,-provider_default
150ms_1pct-115,2026-09-24T23:07:06+05:45,150ms_1pct,measure,ecdsa,X25519,572.254,1,X25519,ecdsa_secp256r1_sha256,0,1306,290,0,-provider_default
150ms_1pct-116,2026-09-24T23:07:07+05:45,150ms_1pct,measure,ecdsa,SecP256r1MLKEM768,655.746,1,SecP256r1MLKEM768,ecdsa_secp256r1_sha256,0,2426,1499,0,-provider_default
150ms_1pct-117,2026-09-24T23:07:08+05:45,150ms_1pct,measure,mldsa,P-256,844.101,1,prime256v1,mldsa65,0,14826,323,0,-provider_default
150ms_1pct-118,2026-09-24T23:07:09+05:45,150ms_1pct,measure,mldsa,X25519MLKEM768,1211.098,1,X25519MLKEM768,mldsa65,0,15867,1466,0,-provider_default
150ms_1pct-119,2026-09-24T23:07:10+05:45,150ms_1pct,measure,ecdsa,P-256,633.050,1,prime256v1,ecdsa_secp256r1_sha256,0,1338,323,0,-provider_default
150ms_1pct-120,2026-09-24T23:07:11+05:45,150ms_1pct,measure,mldsa,X25519,765.962,1,X25519,mldsa65,0,14793,290,0,-provider_default
150ms_1pct-121,2026-09-24T23:07:12+05:45,150ms_1pct,measure,ecdsa,SecP256r1MLKEM768,1007.235,1,SecP256r1MLKEM768,ecdsa_secp256r1_sha256,0,2426,1499,0,-provider_default
150ms_1pct-122,2026-09-24T23:07:13+05:45,150ms_1pct,measure,ecdsa,X25519,531.115,1,X25519,ecdsa_secp256r1_sha256,0,1306,290,0,-provider_default
150ms_1pct-123,2026-09-24T23:07:13+05:45,150ms_1pct,measure,mldsa,P-256,699.442,1,prime256v1,mldsa65,0,14826,323,0,-provider_default
150ms_1pct-124,2026-09-24T23:07:14+05:45,150ms_1pct,measure,mldsa,X25519,680.848,1,X25519,mldsa65,0,14793,290,0,-provider_default
150ms_1pct-125,2026-09-24T23:07:15+05:45,150ms_1pct,measure,ecdsa,SecP256r1MLKEM768,637.106,1,SecP256r1MLKEM768,ecdsa_secp256r1_sha256,0,2427,1499,0,-provider_default
150ms_1pct-126,2026-09-24T23:07:16+05:45,150ms_1pct,measure,ecdsa,X25519MLKEM768,674.014,1,X25519MLKEM768,ecdsa_secp256r1_sha256,0,2380,1466,0,-provider_default
150ms_1pct-127,2026-09-24T23:07:17+05:45,150ms_1pct,measure,mldsa,X25519MLKEM768,751.433,1,X25519MLKEM768,mldsa65,0,15867,1466,0,-provider_default
150ms_1pct-128,2026-09-24T23:07:17+05:45,150ms_1pct,measure,ecdsa,SecP256r1MLKEM768,738.573,1,SecP256r1MLKEM768,ecdsa_secp256r1_sha256,0,2428,1499,1,-provider_default
150ms_1pct-129,2026-09-24T23:07:18+05:45,150ms_1pct,measure,mldsa,P-256,738.732,1,prime256v1,mldsa65,0,14826,323,0,-provider_default
150ms_1pct-130,2026-09-24T23:07:19+05:45,150ms_1pct,measure,mldsa,SecP256r1MLKEM768,683.498,1,SecP256r1MLKEM768,mldsa65,0,15914,1499,0,-provider_default
150ms_1pct-131,2026-09-24T23:07:20+05:45,150ms_1pct,measure,ecdsa,X25519,534.903,1,X25519,ecdsa_secp256r1_sha256,0,1306,290,0,-provider_default
150ms_1pct-132,2026-09-24T23:07:20+05:45,150ms_1pct,measure,ecdsa,SecP256r1MLKEM768,538.124,1,SecP256r1MLKEM768,ecdsa_secp256r1_sha256,0,2427,1499,0,-provider_default
150ms_1pct-133,2026-09-24T23:07:21+05:45,150ms_1pct,measure,ecdsa,X25519,555.526,1,X25519,ecdsa_secp256r1_sha256,0,1306,290,0,-provider_default
150ms_1pct-134,2026-09-24T23:07:22+05:45,150ms_1pct,measure,ecdsa,X25519,528.244,1,X25519,ecdsa_secp256r1_sha256,0,1307,290,0,-provider_default
150ms_1pct-135,2026-09-24T23:07:23+05:45,150ms_1pct,measure,mldsa,X25519,710.155,1,X25519,mldsa65,0,14793,290,0,-provider_default
150ms_1pct-136,2026-09-24T23:07:23+05:45,150ms_1pct,measure,ecdsa,X25519,618.711,1,X25519,ecdsa_secp256r1_sha256,0,1306,290,0,-provider_default
150ms_1pct-137,2026-09-24T23:07:24+05:45,150ms_1pct,measure,ecdsa,SecP256r1MLKEM768,578.985,1,SecP256r1MLKEM768,ecdsa_secp256r1_sha256,0,2428,1499,0,-provider_default
150ms_1pct-138,2026-09-24T23:07:25+05:45,150ms_1pct,measure,ecdsa,X25519,554.409,1,X25519,ecdsa_secp256r1_sha256,0,1306,290,0,-provider_default
150ms_1pct-139,2026-09-24T23:07:26+05:45,150ms_1pct,measure,mldsa,X25519MLKEM768,843.160,1,X25519MLKEM768,mldsa65,0,15867,1466,0,-provider_default
150ms_1pct-140,2026-09-24T23:07:26+05:45,150ms_1pct,measure,ecdsa,SecP256r1MLKEM768,526.338,1,SecP256r1MLKEM768,ecdsa_secp256r1_sha256,0,2428,1499,0,-provider_default
150ms_1pct-141,2026-09-24T23:07:27+05:45,150ms_1pct,measure,mldsa,X25519,734.545,1,X25519,mldsa65,0,14793,290,0,-provider_default
150ms_1pct-142,2026-09-24T23:07:29+05:45,150ms_1pct,measure,ecdsa,X25519MLKEM768,1978.575,1,X25519MLKEM768,ecdsa_secp256r1_sha256,0,2380,1466,1,-provider_default
150ms_1pct-143,2026-09-24T23:07:30+05:45,150ms_1pct,measure,ecdsa,X25519MLKEM768,596.399,1,X25519MLKEM768,ecdsa_secp256r1_sha256,0,2379,1466,0,-provider_default
150ms_1pct-144,2026-09-24T23:07:32+05:45,150ms_1pct,measure,mldsa,X25519MLKEM768,1699.957,1,X25519MLKEM768,mldsa65,0,15867,1466,0,-provider_default
150ms_1pct-145,2026-09-24T23:07:33+05:45,150ms_1pct,measure,mldsa,X25519MLKEM768,809.821,1,X25519MLKEM768,mldsa65,0,15867,1466,0,-provider_default
150ms_1pct-146,2026-09-24T23:07:34+05:45,150ms_1pct,measure,ecdsa,X25519,835.056,1,X25519,ecdsa_secp256r1_sha256,0,1305,290,0,-provider_default
150ms_1pct-147,2026-09-24T23:07:35+05:45,150ms_1pct,measure,mldsa,X25519MLKEM768,927.568,1,X25519MLKEM768,mldsa65,0,15867,1466,0,-provider_default
150ms_1pct-148,2026-09-24T23:07:36+05:45,150ms_1pct,measure,mldsa,P-256,714.211,1,prime256v1,mldsa65,0,14826,323,0,-provider_default
150ms_1pct-149,2026-09-24T23:07:36+05:45,150ms_1pct,measure,ecdsa,P-256,540.379,1,prime256v1,ecdsa_secp256r1_sha256,0,1339,323,0,-provider_default
150ms_1pct-150,2026-09-24T23:07:37+05:45,150ms_1pct,measure,ecdsa,X25519,633.959,1,X25519,ecdsa_secp256r1_sha256,0,1305,290,0,-provider_default
150ms_1pct-151,2026-09-24T23:07:39+05:45,150ms_1pct,measure,ecdsa,X25519,1273.337,1,X25519,ecdsa_secp256r1_sha256,0,1306,290,1,-provider_default
150ms_1pct-152,2026-09-24T23:07:39+05:45,150ms_1pct,measure,mldsa,SecP256r1MLKEM768,667.987,1,SecP256r1MLKEM768,mldsa65,0,15914,1499,0,-provider_default
150ms_1pct-153,2026-09-24T23:07:40+05:45,150ms_1pct,measure,ecdsa,X25519,533.167,1,X25519,ecdsa_secp256r1_sha256,0,1307,290,0,-provider_default
150ms_1pct-154,2026-09-24T23:07:41+05:45,150ms_1pct,measure,ecdsa,X25519,588.589,1,X25519,ecdsa_secp256r1_sha256,0,1306,290,0,-provider_default
150ms_1pct-155,2026-09-24T23:07:42+05:45,150ms_1pct,measure,mldsa,X25519,734.884,1,X25519,mldsa65,0,14793,290,0,-provider_default
150ms_1pct-156,2026-09-24T23:07:42+05:45,150ms_1pct,measure,ecdsa,X25519MLKEM768,532.394,1,X25519MLKEM768,ecdsa_secp256r1_sha256,0,2380,1466,0,-provider_default
150ms_1pct-157,2026-09-24T23:07:43+05:45,150ms_1pct,measure,ecdsa,P-256,549.522,1,prime256v1,ecdsa_secp256r1_sha256,0,1339,323,0,-provider_default
150ms_1pct-158,2026-09-24T23:07:44+05:45,150ms_1pct,measure,mldsa,SecP256r1MLKEM768,743.983,1,SecP256r1MLKEM768,mldsa65,0,15914,1499,0,-provider_default
150ms_1pct-159,2026-09-24T23:07:44+05:45,150ms_1pct,measure,ecdsa,X25519,600.756,1,X25519,ecdsa_secp256r1_sha256,0,1305,290,0,-provider_default
150ms_1pct-160,2026-09-24T23:07:46+05:45,150ms_1pct,measure,mldsa,X25519,1268.919,1,X25519,mldsa65,0,14793,290,1,-provider_default
150ms_1pct-161,2026-09-24T23:07:47+05:45,150ms_1pct,measure,ecdsa,SecP256r1MLKEM768,613.663,1,SecP256r1MLKEM768,ecdsa_secp256r1_sha256,0,2427,1499,0,-provider_default
150ms_1pct-162,2026-09-24T23:07:47+05:45,150ms_1pct,measure,ecdsa,X25519MLKEM768,570.448,1,X25519MLKEM768,ecdsa_secp256r1_sha256,0,2381,1466,0,-provider_default
150ms_1pct-163,2026-09-24T23:07:48+05:45,150ms_1pct,measure,mldsa,P-256,678.195,1,prime256v1,mldsa65,0,14826,323,0,-provider_default
150ms_1pct-164,2026-09-24T23:07:49+05:45,150ms_1pct,measure,mldsa,X25519MLKEM768,792.063,1,X25519MLKEM768,mldsa65,0,15867,1466,0,-provider_default
150ms_1pct-165,2026-09-24T23:07:50+05:45,150ms_1pct,measure,mldsa,X25519,659.622,1,X25519,mldsa65,0,14793,290,0,-provider_default
150ms_1pct-166,2026-09-24T23:07:51+05:45,150ms_1pct,measure,mldsa,SecP256r1MLKEM768,686.742,1,SecP256r1MLKEM768,mldsa65,0,15914,1499,0,-provider_default
150ms_1pct-167,2026-09-24T23:07:51+05:45,150ms_1pct,measure,mldsa,X25519,710.676,1,X25519,mldsa65,0,14793,290,0,-provider_default
150ms_1pct-168,2026-09-24T23:07:52+05:45,150ms_1pct,measure,mldsa,X25519,815.252,1,X25519,mldsa65,0,14793,290,0,-provider_default
150ms_1pct-169,2026-09-24T23:07:53+05:45,150ms_1pct,measure,mldsa,X25519MLKEM768,757.462,1,X25519MLKEM768,mldsa65,0,15867,1466,0,-provider_default
150ms_1pct-170,2026-09-24T23:07:54+05:45,150ms_1pct,measure,mldsa,SecP256r1MLKEM768,1007.049,1,SecP256r1MLKEM768,mldsa65,0,15914,1499,0,-provider_default
150ms_1pct-171,2026-09-24T23:07:55+05:45,150ms_1pct,measure,mldsa,X25519,842.076,1,X25519,mldsa65,0,14793,290,0,-provider_default
150ms_1pct-172,2026-09-24T23:07:56+05:45,150ms_1pct,measure,mldsa,X25519,824.612,1,X25519,mldsa65,0,14793,290,0,-provider_default
150ms_1pct-173,2026-09-24T23:07:57+05:45,150ms_1pct,measure,mldsa,P-256,950.592,1,prime256v1,mldsa65,0,14826,323,0,-provider_default
150ms_1pct-174,2026-09-24T23:07:58+05:45,150ms_1pct,measure,ecdsa,P-256,772.799,1,prime256v1,ecdsa_secp256r1_sha256,0,1339,323,0,-provider_default
150ms_1pct-175,2026-09-24T23:07:59+05:45,150ms_1pct,measure,mldsa,X25519MLKEM768,653.454,1,X25519MLKEM768,mldsa65,0,15867,1466,0,-provider_default
150ms_1pct-176,2026-09-24T23:08:00+05:45,150ms_1pct,measure,mldsa,P-256,719.211,1,prime256v1,mldsa65,0,14826,323,0,-provider_default
150ms_1pct-177,2026-09-24T23:08:01+05:45,150ms_1pct,measure,ecdsa,X25519,552.764,1,X25519,ecdsa_secp256r1_sha256,0,1307,290,0,-provider_default
150ms_1pct-178,2026-09-24T23:08:02+05:45,150ms_1pct,measure,mldsa,P-256,985.050,1,prime256v1,mldsa65,0,14826,323,0,-provider_default
150ms_1pct-179,2026-09-24T23:08:03+05:45,150ms_1pct,measure,mldsa,X25519,716.331,1,X25519,mldsa65,0,14793,290,0,-provider_default
150ms_1pct-180,2026-09-24T23:08:03+05:45,150ms_1pct,measure,mldsa,X25519,759.946,1,X25519,mldsa65,0,14793,290,0,-provider_default
150ms_1pct-181,2026-09-24T23:08:04+05:45,150ms_1pct,measure,ecdsa,P-256,537.917,1,prime256v1,ecdsa_secp256r1_sha256,0,1339,323,0,-provider_default
150ms_1pct-182,2026-09-24T23:08:05+05:45,150ms_1pct,measure,mldsa,SecP256r1MLKEM768,658.033,1,SecP256r1MLKEM768,mldsa65,0,15914,1499,0,-provider_default
150ms_1pct-183,2026-09-24T23:08:06+05:45,150ms_1pct,measure,ecdsa,X25519,618.511,1,X25519,ecdsa_secp256r1_sha256,0,1306,290,0,-provider_default
150ms_1pct-184,2026-09-24T23:08:06+05:45,150ms_1pct,measure,ecdsa,X25519,701.428,1,X25519,ecdsa_secp256r1_sha256,0,1306,290,0,-provider_default
150ms_1pct-185,2026-09-24T23:08:07+05:45,150ms_1pct,measure,ecdsa,P-256,571.586,1,prime256v1,ecdsa_secp256r1_sha256,0,1339,323,0,-provider_default
150ms_1pct-186,2026-09-24T23:08:08+05:45,150ms_1pct,measure,mldsa,P-256,802.069,1,prime256v1,mldsa65,0,14826,323,0,-provider_default
150ms_1pct-187,2026-09-24T23:08:09+05:45,150ms_1pct,measure,ecdsa,X25519MLKEM768,523.656,1,X25519MLKEM768,ecdsa_secp256r1_sha256,0,2380,1466,0,-provider_default
150ms_1pct-188,2026-09-24T23:08:10+05:45,150ms_1pct,measure,mldsa,X25519,825.205,1,X25519,mldsa65,0,14793,290,0,-provider_default
150ms_1pct-189,2026-09-24T23:08:10+05:45,150ms_1pct,measure,ecdsa,SecP256r1MLKEM768,590.483,1,SecP256r1MLKEM768,ecdsa_secp256r1_sha256,0,2426,1499,0,-provider_default
150ms_1pct-190,2026-09-24T23:08:11+05:45,150ms_1pct,measure,ecdsa,SecP256r1MLKEM768,614.326,1,SecP256r1MLKEM768,ecdsa_secp256r1_sha256,0,2428,1499,0,-provider_default
150ms_1pct-191,2026-09-24T23:08:12+05:45,150ms_1pct,measure,ecdsa,X25519,546.135,1,X25519,ecdsa_secp256r1_sha256,0,1307,290,0,-provider_default
150ms_1pct-192,2026-09-24T23:08:13+05:45,150ms_1pct,measure,mldsa,P-256,816.613,1,prime256v1,mldsa65,0,14826,323,0,-provider_default
150ms_1pct-193,2026-09-24T23:08:13+05:45,150ms_1pct,measure,ecdsa,X25519MLKEM768,499.044,1,X25519MLKEM768,ecdsa_secp256r1_sha256,0,2381,1466,0,-provider_default
150ms_1pct-194,2026-09-24T23:08:14+05:45,150ms_1pct,measure,mldsa,X25519MLKEM768,749.089,1,X25519MLKEM768,mldsa65,0,15867,1466,0,-provider_default
150ms_1pct-195,2026-09-24T23:08:15+05:45,150ms_1pct,measure,mldsa,X25519,771.352,1,X25519,mldsa65,0,14793,290,0,-provider_default
150ms_1pct-196,2026-09-24T23:08:16+05:45,150ms_1pct,measure,ecdsa,P-256,534.615,1,prime256v1,ecdsa_secp256r1_sha256,0,1338,323,0,-provider_default
150ms_1pct-197,2026-09-24T23:08:17+05:45,150ms_1pct,measure,ecdsa,P-256,620.154,1,prime256v1,ecdsa_secp256r1_sha256,0,1338,323,0,-provider_default
150ms_1pct-198,2026-09-24T23:08:17+05:45,150ms_1pct,measure,ecdsa,X25519,521.283,1,X25519,ecdsa_secp256r1_sha256,0,1306,290,0,-provider_default
150ms_1pct-199,2026-09-24T23:08:18+05:45,150ms_1pct,measure,mldsa,SecP256r1MLKEM768,736.168,1,SecP256r1MLKEM768,mldsa65,0,15914,1499,0,-provider_default
150ms_1pct-200,2026-09-24T23:08:19+05:45,150ms_1pct,measure,ecdsa,SecP256r1MLKEM768,519.620,1,SecP256r1MLKEM768,ecdsa_secp256r1_sha256,0,2427,1499,0,-provider_default
150ms_1pct-201,2026-09-24T23:08:20+05:45,150ms_1pct,measure,mldsa,X25519,881.747,1,X25519,mldsa65,0,14793,290,0,-provider_default
150ms_1pct-202,2026-09-24T23:08:22+05:45,150ms_1pct,measure,ecdsa,SecP256r1MLKEM768,1640.102,1,SecP256r1MLKEM768,ecdsa_secp256r1_sha256,0,2426,1499,1,-provider_default
150ms_1pct-203,2026-09-24T23:08:22+05:45,150ms_1pct,measure,ecdsa,X25519MLKEM768,545.103,1,X25519MLKEM768,ecdsa_secp256r1_sha256,0,2381,1466,0,-provider_default
150ms_1pct-204,2026-09-24T23:08:23+05:45,150ms_1pct,measure,mldsa,SecP256r1MLKEM768,952.711,1,SecP256r1MLKEM768,mldsa65,0,15914,1499,0,-provider_default
150ms_1pct-205,2026-09-24T23:08:24+05:45,150ms_1pct,measure,ecdsa,X25519MLKEM768,513.125,1,X25519MLKEM768,ecdsa_secp256r1_sha256,0,2379,1466,0,-provider_default
150ms_1pct-206,2026-09-24T23:08:25+05:45,150ms_1pct,measure,ecdsa,SecP256r1MLKEM768,1016.726,1,SecP256r1MLKEM768,ecdsa_secp256r1_sha256,0,2427,1499,0,-provider_default
150ms_1pct-207,2026-09-24T23:08:26+05:45,150ms_1pct,measure,ecdsa,X25519MLKEM768,950.192,1,X25519MLKEM768,ecdsa_secp256r1_sha256,0,2381,1466,0,-provider_default
150ms_1pct-208,2026-09-24T23:08:27+05:45,150ms_1pct,measure,mldsa,X25519MLKEM768,716.782,1,X25519MLKEM768,mldsa65,0,15867,1466,0,-provider_default
150ms_1pct-209,2026-09-24T23:08:28+05:45,150ms_1pct,measure,ecdsa,X25519,572.399,1,X25519,ecdsa_secp256r1_sha256,0,1306,290,0,-provider_default
150ms_1pct-210,2026-09-24T23:08:29+05:45,150ms_1pct,measure,mldsa,X25519,919.879,1,X25519,mldsa65,0,14793,290,0,-provider_default
150ms_1pct-211,2026-09-24T23:08:30+05:45,150ms_1pct,measure,mldsa,SecP256r1MLKEM768,721.359,1,SecP256r1MLKEM768,mldsa65,0,15914,1499,0,-provider_default
150ms_1pct-212,2026-09-24T23:08:31+05:45,150ms_1pct,measure,mldsa,X25519,1087.186,1,X25519,mldsa65,0,14793,290,0,-provider_default
150ms_1pct-213,2026-09-24T23:08:32+05:45,150ms_1pct,measure,mldsa,X25519,781.337,1,X25519,mldsa65,0,14793,290,0,-provider_default
150ms_1pct-214,2026-09-24T23:08:33+05:45,150ms_1pct,measure,mldsa,X25519MLKEM768,740.184,1,X25519MLKEM768,mldsa65,0,15867,1466,0,-provider_default
150ms_1pct-215,2026-09-24T23:08:33+05:45,150ms_1pct,measure,ecdsa,SecP256r1MLKEM768,566.246,1,SecP256r1MLKEM768,ecdsa_secp256r1_sha256,0,2428,1499,0,-provider_default
150ms_1pct-216,2026-09-24T23:08:35+05:45,150ms_1pct,measure,ecdsa,SecP256r1MLKEM768,1015.129,1,SecP256r1MLKEM768,ecdsa_secp256r1_sha256,0,2426,1499,1,-provider_default
150ms_1pct-217,2026-09-24T23:08:35+05:45,150ms_1pct,measure,mldsa,X25519,706.055,1,X25519,mldsa65,0,14793,290,0,-provider_default
150ms_1pct-218,2026-09-24T23:08:36+05:45,150ms_1pct,measure,ecdsa,X25519MLKEM768,562.593,1,X25519MLKEM768,ecdsa_secp256r1_sha256,0,2381,1466,0,-provider_default
150ms_1pct-219,2026-09-24T23:08:37+05:45,150ms_1pct,measure,ecdsa,SecP256r1MLKEM768,558.678,1,SecP256r1MLKEM768,ecdsa_secp256r1_sha256,0,2428,1499,0,-provider_default
150ms_1pct-220,2026-09-24T23:08:38+05:45,150ms_1pct,measure,mldsa,SecP256r1MLKEM768,707.483,1,SecP256r1MLKEM768,mldsa65,0,15914,1499,0,-provider_default
150ms_1pct-221,2026-09-24T23:08:38+05:45,150ms_1pct,measure,mldsa,SecP256r1MLKEM768,719.955,1,SecP256r1MLKEM768,mldsa65,0,15914,1499,0,-provider_default
150ms_1pct-222,2026-09-24T23:08:39+05:45,150ms_1pct,measure,ecdsa,SecP256r1MLKEM768,572.699,1,SecP256r1MLKEM768,ecdsa_secp256r1_sha256,0,2427,1499,0,-provider_default
150ms_1pct-223,2026-09-24T23:08:40+05:45,150ms_1pct,measure,ecdsa,X25519,543.705,1,X25519,ecdsa_secp256r1_sha256,0,1307,290,0,-provider_default
150ms_1pct-224,2026-09-24T23:08:40+05:45,150ms_1pct,measure,ecdsa,X25519,548.481,1,X25519,ecdsa_secp256r1_sha256,0,1306,290,0,-provider_default
150ms_1pct-225,2026-09-24T23:08:41+05:45,150ms_1pct,measure,mldsa,X25519,690.036,1,X25519,mldsa65,0,14793,290,0,-provider_default
150ms_1pct-226,2026-09-24T23:08:42+05:45,150ms_1pct,measure,ecdsa,P-256,527.998,1,prime256v1,ecdsa_secp256r1_sha256,0,1340,323,0,-provider_default
150ms_1pct-227,2026-09-24T23:08:43+05:45,150ms_1pct,measure,mldsa,X25519,921.096,1,X25519,mldsa65,0,14793,290,0,-provider_default
150ms_1pct-228,2026-09-24T23:08:44+05:45,150ms_1pct,measure,ecdsa,P-256,563.844,1,prime256v1,ecdsa_secp256r1_sha256,0,1339,323,0,-provider_default
150ms_1pct-229,2026-09-24T23:08:45+05:45,150ms_1pct,measure,mldsa,X25519MLKEM768,979.141,1,X25519MLKEM768,mldsa65,0,15867,1466,0,-provider_default
150ms_1pct-230,2026-09-24T23:08:46+05:45,150ms_1pct,measure,mldsa,P-256,809.957,1,prime256v1,mldsa65,0,14826,323,0,-provider_default
150ms_1pct-231,2026-09-24T23:08:47+05:45,150ms_1pct,measure,mldsa,X25519MLKEM768,699.693,1,X25519MLKEM768,mldsa65,0,15867,1466,0,-provider_default
150ms_1pct-232,2026-09-24T23:08:47+05:45,150ms_1pct,measure,ecdsa,SecP256r1MLKEM768,580.004,1,SecP256r1MLKEM768,ecdsa_secp256r1_sha256,0,2426,1499,0,-provider_default
150ms_1pct-233,2026-09-24T23:08:48+05:45,150ms_1pct,measure,mldsa,SecP256r1MLKEM768,845.364,1,SecP256r1MLKEM768,mldsa65,0,15914,1499,0,-provider_default
150ms_1pct-234,2026-09-24T23:08:49+05:45,150ms_1pct,measure,mldsa,X25519,763.763,1,X25519,mldsa65,0,14793,290,0,-provider_default
150ms_1pct-235,2026-09-24T23:08:51+05:45,150ms_1pct,measure,mldsa,SecP256r1MLKEM768,1281.644,1,SecP256r1MLKEM768,mldsa65,0,15914,1499,0,-provider_default
150ms_1pct-236,2026-09-24T23:08:51+05:45,150ms_1pct,measure,ecdsa,P-256,574.279,1,prime256v1,ecdsa_secp256r1_sha256,0,1338,323,0,-provider_default
150ms_1pct-237,2026-09-24T23:08:52+05:45,150ms_1pct,measure,ecdsa,P-256,561.406,1,prime256v1,ecdsa_secp256r1_sha256,0,1340,323,0,-provider_default
150ms_1pct-238,2026-09-24T23:08:53+05:45,150ms_1pct,measure,ecdsa,P-256,609.529,1,prime256v1,ecdsa_secp256r1_sha256,0,1339,323,0,-provider_default
150ms_1pct-239,2026-09-24T23:08:54+05:45,150ms_1pct,measure,mldsa,X25519,777.702,1,X25519,mldsa65,0,14793,290,0,-provider_default
150ms_1pct-240,2026-09-24T23:08:54+05:45,150ms_1pct,measure,ecdsa,P-256,535.708,1,prime256v1,ecdsa_secp256r1_sha256,0,1339,323,0,-provider_default
150ms_1pct-241,2026-09-24T23:08:55+05:45,150ms_1pct,measure,ecdsa,P-256,558.871,1,prime256v1,ecdsa_secp256r1_sha256,0,1339,323,0,-provider_default
150ms_1pct-242,2026-09-24T23:08:56+05:45,150ms_1pct,measure,ecdsa,P-256,542.731,1,prime256v1,ecdsa_secp256r1_sha256,0,1338,323,0,-provider_default
150ms_1pct-243,2026-09-24T23:08:57+05:45,150ms_1pct,measure,mldsa,SecP256r1MLKEM768,1041.996,1,SecP256r1MLKEM768,mldsa65,0,15914,1499,0,-provider_default
150ms_1pct-244,2026-09-24T23:08:57+05:45,150ms_1pct,measure,ecdsa,X25519MLKEM768,589.831,1,X25519MLKEM768,ecdsa_secp256r1_sha256,0,2380,1466,0,-provider_default
150ms_1pct-245,2026-09-24T23:08:59+05:45,150ms_1pct,measure,ecdsa,P-256,1530.466,1,prime256v1,ecdsa_secp256r1_sha256,0,1339,323,1,-provider_default
150ms_1pct-246,2026-09-24T23:09:00+05:45,150ms_1pct,measure,mldsa,X25519MLKEM768,751.652,1,X25519MLKEM768,mldsa65,0,15867,1466,0,-provider_default
150ms_1pct-247,2026-09-24T23:09:01+05:45,150ms_1pct,measure,mldsa,X25519,770.816,1,X25519,mldsa65,0,14793,290,1,-provider_default
150ms_1pct-248,2026-09-24T23:09:02+05:45,150ms_1pct,measure,mldsa,SecP256r1MLKEM768,897.808,1,SecP256r1MLKEM768,mldsa65,0,15914,1499,0,-provider_default
150ms_1pct-249,2026-09-24T23:09:03+05:45,150ms_1pct,measure,ecdsa,X25519,674.970,1,X25519,ecdsa_secp256r1_sha256,0,1306,290,0,-provider_default
150ms_1pct-250,2026-09-24T23:09:04+05:45,150ms_1pct,measure,mldsa,P-256,700.095,1,prime256v1,mldsa65,0,14826,323,0,-provider_default
150ms_1pct-251,2026-09-24T23:09:04+05:45,150ms_1pct,measure,ecdsa,X25519,511.579,1,X25519,ecdsa_secp256r1_sha256,0,1307,290,0,-provider_default
150ms_1pct-252,2026-09-24T23:09:05+05:45,150ms_1pct,measure,mldsa,SecP256r1MLKEM768,697.423,1,SecP256r1MLKEM768,mldsa65,0,15914,1499,0,-provider_default
150ms_1pct-253,2026-09-24T23:09:06+05:45,150ms_1pct,measure,ecdsa,X25519,557.919,1,X25519,ecdsa_secp256r1_sha256,0,1306,290,0,-provider_default
150ms_1pct-254,2026-09-24T23:09:06+05:45,150ms_1pct,measure,ecdsa,X25519,627.932,1,X25519,ecdsa_secp256r1_sha256,0,1306,290,0,-provider_default
150ms_1pct-255,2026-09-24T23:09:08+05:45,150ms_1pct,measure,mldsa,X25519,950.203,1,X25519,mldsa65,0,14793,290,0,-provider_default
150ms_1pct-256,2026-09-24T23:09:09+05:45,150ms_1pct,measure,mldsa,X25519MLKEM768,877.379,1,X25519MLKEM768,mldsa65,0,15867,1466,0,-provider_default
150ms_1pct-257,2026-09-24T23:09:09+05:45,150ms_1pct,measure,ecdsa,P-256,577.820,1,prime256v1,ecdsa_secp256r1_sha256,0,1339,323,0,-provider_default
150ms_1pct-258,2026-09-24T23:09:11+05:45,150ms_1pct,measure,ecdsa,P-256,2016.637,1,prime256v1,ecdsa_secp256r1_sha256,0,1339,323,1,-provider_default
150ms_1pct-259,2026-09-24T23:09:12+05:45,150ms_1pct,measure,ecdsa,SecP256r1MLKEM768,554.583,1,SecP256r1MLKEM768,ecdsa_secp256r1_sha256,0,2427,1499,0,-provider_default
150ms_1pct-260,2026-09-24T23:09:13+05:45,150ms_1pct,measure,mldsa,X25519,917.443,1,X25519,mldsa65,0,14793,290,0,-provider_default
150ms_1pct-261,2026-09-24T23:09:14+05:45,150ms_1pct,measure,ecdsa,X25519,652.105,1,X25519,ecdsa_secp256r1_sha256,0,1305,290,0,-provider_default
150ms_1pct-262,2026-09-24T23:09:15+05:45,150ms_1pct,measure,mldsa,X25519MLKEM768,869.816,1,X25519MLKEM768,mldsa65,0,15867,1466,0,-provider_default
150ms_1pct-263,2026-09-24T23:09:16+05:45,150ms_1pct,measure,ecdsa,SecP256r1MLKEM768,589.556,1,SecP256r1MLKEM768,ecdsa_secp256r1_sha256,0,2427,1499,0,-provider_default
150ms_1pct-264,2026-09-24T23:09:16+05:45,150ms_1pct,measure,ecdsa,SecP256r1MLKEM768,503.070,1,SecP256r1MLKEM768,ecdsa_secp256r1_sha256,0,2427,1499,0,-provider_default
150ms_1pct-265,2026-09-24T23:09:17+05:45,150ms_1pct,measure,mldsa,X25519,661.251,1,X25519,mldsa65,0,14793,290,0,-provider_default
150ms_1pct-266,2026-09-24T23:09:18+05:45,150ms_1pct,measure,ecdsa,SecP256r1MLKEM768,568.298,1,SecP256r1MLKEM768,ecdsa_secp256r1_sha256,0,2426,1499,0,-provider_default
150ms_1pct-267,2026-09-24T23:09:19+05:45,150ms_1pct,measure,mldsa,SecP256r1MLKEM768,716.493,1,SecP256r1MLKEM768,mldsa65,0,15914,1499,0,-provider_default
150ms_1pct-268,2026-09-24T23:09:20+05:45,150ms_1pct,measure,mldsa,X25519MLKEM768,805.060,1,X25519MLKEM768,mldsa65,0,15867,1466,0,-provider_default
150ms_1pct-269,2026-09-24T23:09:20+05:45,150ms_1pct,measure,mldsa,P-256,769.092,1,prime256v1,mldsa65,0,14826,323,0,-provider_default
150ms_1pct-270,2026-09-24T23:09:22+05:45,150ms_1pct,measure,ecdsa,SecP256r1MLKEM768,1909.610,1,SecP256r1MLKEM768,ecdsa_secp256r1_sha256,0,2428,1499,2,-provider_default
150ms_1pct-271,2026-09-24T23:09:23+05:45,150ms_1pct,measure,ecdsa,SecP256r1MLKEM768,856.895,1,SecP256r1MLKEM768,ecdsa_secp256r1_sha256,0,2426,1499,1,-provider_default
150ms_1pct-272,2026-09-24T23:09:24+05:45,150ms_1pct,measure,ecdsa,SecP256r1MLKEM768,531.045,1,SecP256r1MLKEM768,ecdsa_secp256r1_sha256,0,2426,1499,0,-provider_default
150ms_1pct-273,2026-09-24T23:09:25+05:45,150ms_1pct,measure,mldsa,SecP256r1MLKEM768,997.413,1,SecP256r1MLKEM768,mldsa65,0,15914,1499,0,-provider_default
150ms_1pct-274,2026-09-24T23:09:26+05:45,150ms_1pct,measure,ecdsa,P-256,532.350,1,prime256v1,ecdsa_secp256r1_sha256,0,1338,323,0,-provider_default
150ms_1pct-275,2026-09-24T23:09:27+05:45,150ms_1pct,measure,ecdsa,X25519,559.910,1,X25519,ecdsa_secp256r1_sha256,0,1305,290,0,-provider_default
150ms_1pct-276,2026-09-24T23:09:27+05:45,150ms_1pct,measure,ecdsa,X25519,587.397,1,X25519,ecdsa_secp256r1_sha256,0,1306,290,0,-provider_default
150ms_1pct-277,2026-09-24T23:09:28+05:45,150ms_1pct,measure,ecdsa,X25519,580.514,1,X25519,ecdsa_secp256r1_sha256,0,1306,290,0,-provider_default
150ms_1pct-278,2026-09-24T23:09:29+05:45,150ms_1pct,measure,mldsa,SecP256r1MLKEM768,729.325,1,SecP256r1MLKEM768,mldsa65,0,15914,1499,0,-provider_default
150ms_1pct-279,2026-09-24T23:09:30+05:45,150ms_1pct,measure,mldsa,P-256,716.925,1,prime256v1,mldsa65,0,14826,323,0,-provider_default
150ms_1pct-280,2026-09-24T23:09:30+05:45,150ms_1pct,measure,ecdsa,P-256,582.248,1,prime256v1,ecdsa_secp256r1_sha256,0,1338,323,0,-provider_default
150ms_1pct-281,2026-09-24T23:09:31+05:45,150ms_1pct,measure,mldsa,SecP256r1MLKEM768,687.796,1,SecP256r1MLKEM768,mldsa65,0,15914,1499,0,-provider_default
150ms_1pct-282,2026-09-24T23:09:32+05:45,150ms_1pct,measure,ecdsa,P-256,574.229,1,prime256v1,ecdsa_secp256r1_sha256,0,1338,323,0,-provider_default
150ms_1pct-283,2026-09-24T23:09:33+05:45,150ms_1pct,measure,mldsa,P-256,673.257,1,prime256v1,mldsa65,0,14826,323,0,-provider_default
150ms_1pct-284,2026-09-24T23:09:33+05:45,150ms_1pct,measure,ecdsa,X25519MLKEM768,526.746,1,X25519MLKEM768,ecdsa_secp256r1_sha256,0,2380,1466,0,-provider_default
150ms_1pct-285,2026-09-24T23:09:34+05:45,150ms_1pct,measure,ecdsa,X25519,549.529,1,X25519,ecdsa_secp256r1_sha256,0,1306,290,0,-provider_default
150ms_1pct-286,2026-09-24T23:09:35+05:45,150ms_1pct,measure,ecdsa,X25519,568.215,1,X25519,ecdsa_secp256r1_sha256,0,1306,290,0,-provider_default
150ms_1pct-287,2026-09-24T23:09:35+05:45,150ms_1pct,measure,ecdsa,X25519MLKEM768,561.415,1,X25519MLKEM768,ecdsa_secp256r1_sha256,0,2379,1466,0,-provider_default
150ms_1pct-288,2026-09-24T23:09:36+05:45,150ms_1pct,measure,mldsa,P-256,762.495,1,prime256v1,mldsa65,0,14826,323,0,-provider_default
150ms_1pct-289,2026-09-24T23:09:37+05:45,150ms_1pct,measure,ecdsa,X25519MLKEM768,578.201,1,X25519MLKEM768,ecdsa_secp256r1_sha256,0,2381,1466,0,-provider_default
150ms_1pct-290,2026-09-24T23:09:38+05:45,150ms_1pct,measure,ecdsa,X25519MLKEM768,580.590,1,X25519MLKEM768,ecdsa_secp256r1_sha256,0,2380,1466,0,-provider_default
150ms_1pct-291,2026-09-24T23:09:39+05:45,150ms_1pct,measure,ecdsa,SecP256r1MLKEM768,781.872,1,SecP256r1MLKEM768,ecdsa_secp256r1_sha256,0,2426,1499,0,-provider_default
150ms_1pct-292,2026-09-24T23:09:39+05:45,150ms_1pct,measure,ecdsa,SecP256r1MLKEM768,557.007,1,SecP256r1MLKEM768,ecdsa_secp256r1_sha256,0,2427,1499,0,-provider_default
150ms_1pct-293,2026-09-24T23:09:40+05:45,150ms_1pct,measure,mldsa,P-256,791.609,1,prime256v1,mldsa65,0,14826,323,0,-provider_default
150ms_1pct-294,2026-09-24T23:09:41+05:45,150ms_1pct,measure,ecdsa,X25519MLKEM768,563.390,1,X25519MLKEM768,ecdsa_secp256r1_sha256,0,2381,1466,0,-provider_default
150ms_1pct-295,2026-09-24T23:09:42+05:45,150ms_1pct,measure,mldsa,SecP256r1MLKEM768,962.765,1,SecP256r1MLKEM768,mldsa65,0,15914,1499,0,-provider_default
150ms_1pct-296,2026-09-24T23:09:43+05:45,150ms_1pct,measure,ecdsa,P-256,516.112,1,prime256v1,ecdsa_secp256r1_sha256,0,1340,323,0,-provider_default
150ms_1pct-297,2026-09-24T23:09:44+05:45,150ms_1pct,measure,mldsa,SecP256r1MLKEM768,741.905,1,SecP256r1MLKEM768,mldsa65,0,15914,1499,0,-provider_default
150ms_1pct-298,2026-09-24T23:09:45+05:45,150ms_1pct,measure,mldsa,X25519,852.534,1,X25519,mldsa65,0,14793,290,0,-provider_default
150ms_1pct-299,2026-09-24T23:09:46+05:45,150ms_1pct,measure,mldsa,X25519MLKEM768,878.702,1,X25519MLKEM768,mldsa65,0,15867,1466,0,-provider_default
150ms_1pct-300,2026-09-24T23:09:47+05:45,150ms_1pct,measure,mldsa,SecP256r1MLKEM768,751.179,1,SecP256r1MLKEM768,mldsa65,0,15914,1499,0,-provider_default
150ms_1pct-301,2026-09-24T23:09:47+05:45,150ms_1pct,measure,mldsa,X25519,716.777,1,X25519,mldsa65,0,14793,290,0,-provider_default
150ms_1pct-302,2026-09-24T23:09:48+05:45,150ms_1pct,measure,mldsa,X25519,689.600,1,X25519,mldsa65,0,14793,290,0,-provider_default
150ms_1pct-303,2026-09-24T23:09:49+05:45,150ms_1pct,measure,ecdsa,X25519MLKEM768,592.955,1,X25519MLKEM768,ecdsa_secp256r1_sha256,0,2379,1466,0,-provider_default
150ms_1pct-304,2026-09-24T23:09:50+05:45,150ms_1pct,measure,ecdsa,P-256,564.421,1,prime256v1,ecdsa_secp256r1_sha256,0,1339,323,0,-provider_default
150ms_1pct-305,2026-09-24T23:09:50+05:45,150ms_1pct,measure,mldsa,P-256,693.822,1,prime256v1,mldsa65,0,14826,323,0,-provider_default
150ms_1pct-306,2026-09-24T23:09:51+05:45,150ms_1pct,measure,ecdsa,P-256,534.529,1,prime256v1,ecdsa_secp256r1_sha256,0,1340,323,0,-provider_default
150ms_1pct-307,2026-09-24T23:09:52+05:45,150ms_1pct,measure,mldsa,X25519,695.112,1,X25519,mldsa65,0,14793,290,0,-provider_default
150ms_1pct-308,2026-09-24T23:09:52+05:45,150ms_1pct,measure,mldsa,X25519,673.556,1,X25519,mldsa65,0,14793,290,0,-provider_default
150ms_1pct-309,2026-09-24T23:09:53+05:45,150ms_1pct,measure,ecdsa,X25519MLKEM768,730.511,1,X25519MLKEM768,ecdsa_secp256r1_sha256,0,2380,1466,0,-provider_default
150ms_1pct-310,2026-09-24T23:09:56+05:45,150ms_1pct,measure,mldsa,X25519,2061.093,1,X25519,mldsa65,0,14793,290,1,-provider_default
150ms_1pct-311,2026-09-24T23:09:56+05:45,150ms_1pct,measure,mldsa,P-256,853.526,1,prime256v1,mldsa65,0,14826,323,0,-provider_default
150ms_1pct-312,2026-09-24T23:09:57+05:45,150ms_1pct,measure,mldsa,SecP256r1MLKEM768,769.219,1,SecP256r1MLKEM768,mldsa65,0,15914,1499,1,-provider_default
150ms_1pct-313,2026-09-24T23:09:58+05:45,150ms_1pct,measure,mldsa,SecP256r1MLKEM768,733.708,1,SecP256r1MLKEM768,mldsa65,0,15914,1499,0,-provider_default
150ms_1pct-314,2026-09-24T23:09:59+05:45,150ms_1pct,measure,ecdsa,SecP256r1MLKEM768,517.275,1,SecP256r1MLKEM768,ecdsa_secp256r1_sha256,0,2427,1499,0,-provider_default
150ms_1pct-315,2026-09-24T23:10:00+05:45,150ms_1pct,measure,mldsa,P-256,682.537,1,prime256v1,mldsa65,0,14826,323,0,-provider_default
150ms_1pct-316,2026-09-24T23:10:01+05:45,150ms_1pct,measure,mldsa,SecP256r1MLKEM768,739.039,1,SecP256r1MLKEM768,mldsa65,0,15914,1499,0,-provider_default
150ms_1pct-317,2026-09-24T23:10:01+05:45,150ms_1pct,measure,ecdsa,X25519,554.675,1,X25519,ecdsa_secp256r1_sha256,0,1306,290,0,-provider_default
150ms_1pct-318,2026-09-24T23:10:02+05:45,150ms_1pct,measure,ecdsa,X25519,668.833,1,X25519,ecdsa_secp256r1_sha256,0,1306,290,0,-provider_default
150ms_1pct-319,2026-09-24T23:10:03+05:45,150ms_1pct,measure,mldsa,P-256,769.150,1,prime256v1,mldsa65,0,14826,323,0,-provider_default
150ms_1pct-320,2026-09-24T23:10:05+05:45,150ms_1pct,measure,mldsa,P-256,1793.975,1,prime256v1,mldsa65,0,14826,323,1,-provider_default
150ms_1pct-321,2026-09-24T23:10:05+05:45,150ms_1pct,measure,ecdsa,SecP256r1MLKEM768,492.137,1,SecP256r1MLKEM768,ecdsa_secp256r1_sha256,0,2428,1499,0,-provider_default
150ms_1pct-322,2026-09-24T23:10:06+05:45,150ms_1pct,measure,mldsa,P-256,674.742,1,prime256v1,mldsa65,0,14826,323,0,-provider_default
150ms_1pct-323,2026-09-24T23:10:07+05:45,150ms_1pct,measure,ecdsa,X25519MLKEM768,541.538,1,X25519MLKEM768,ecdsa_secp256r1_sha256,0,2379,1466,0,-provider_default
150ms_1pct-324,2026-09-24T23:10:08+05:45,150ms_1pct,measure,ecdsa,X25519,543.809,1,X25519,ecdsa_secp256r1_sha256,0,1307,290,0,-provider_default
150ms_1pct-325,2026-09-24T23:10:08+05:45,150ms_1pct,measure,mldsa,SecP256r1MLKEM768,699.265,1,SecP256r1MLKEM768,mldsa65,0,15914,1499,0,-provider_default
150ms_1pct-326,2026-09-24T23:10:09+05:45,150ms_1pct,measure,ecdsa,X25519,604.393,1,X25519,ecdsa_secp256r1_sha256,0,1307,290,0,-provider_default
150ms_1pct-327,2026-09-24T23:10:10+05:45,150ms_1pct,measure,ecdsa,SecP256r1MLKEM768,565.925,1,SecP256r1MLKEM768,ecdsa_secp256r1_sha256,0,2426,1499,0,-provider_default
150ms_1pct-328,2026-09-24T23:10:11+05:45,150ms_1pct,measure,ecdsa,X25519,654.855,1,X25519,ecdsa_secp256r1_sha256,0,1306,290,0,-provider_default
150ms_1pct-329,2026-09-24T23:10:12+05:45,150ms_1pct,measure,ecdsa,X25519MLKEM768,1763.179,1,X25519MLKEM768,ecdsa_secp256r1_sha256,0,2380,1466,1,-provider_default
150ms_1pct-330,2026-09-24T23:10:14+05:45,150ms_1pct,measure,ecdsa,P-256,1189.384,1,prime256v1,ecdsa_secp256r1_sha256,0,1339,323,0,-provider_default
150ms_1pct-331,2026-09-24T23:10:15+05:45,150ms_1pct,measure,mldsa,SecP256r1MLKEM768,683.656,1,SecP256r1MLKEM768,mldsa65,0,15914,1499,0,-provider_default
150ms_1pct-332,2026-09-24T23:10:15+05:45,150ms_1pct,measure,mldsa,SecP256r1MLKEM768,721.086,1,SecP256r1MLKEM768,mldsa65,0,15914,1499,0,-provider_default
150ms_1pct-333,2026-09-24T23:10:16+05:45,150ms_1pct,measure,mldsa,P-256,757.175,1,prime256v1,mldsa65,0,14826,323,0,-provider_default
150ms_1pct-334,2026-09-24T23:10:17+05:45,150ms_1pct,measure,ecdsa,SecP256r1MLKEM768,555.500,1,SecP256r1MLKEM768,ecdsa_secp256r1_sha256,0,2427,1499,0,-provider_default
150ms_1pct-335,2026-09-24T23:10:18+05:45,150ms_1pct,measure,ecdsa,X25519MLKEM768,710.560,1,X25519MLKEM768,ecdsa_secp256r1_sha256,0,2381,1466,0,-provider_default
150ms_1pct-336,2026-09-24T23:10:19+05:45,150ms_1pct,measure,mldsa,P-256,657.175,1,prime256v1,mldsa65,0,14826,323,0,-provider_default
150ms_1pct-337,2026-09-24T23:10:19+05:45,150ms_1pct,measure,mldsa,X25519MLKEM768,715.759,1,X25519MLKEM768,mldsa65,0,15867,1466,0,-provider_default
150ms_1pct-338,2026-09-24T23:10:21+05:45,150ms_1pct,measure,mldsa,SecP256r1MLKEM768,939.553,1,SecP256r1MLKEM768,mldsa65,0,15914,1499,0,-provider_default
150ms_1pct-339,2026-09-24T23:10:21+05:45,150ms_1pct,measure,mldsa,X25519MLKEM768,844.270,1,X25519MLKEM768,mldsa65,0,15867,1466,0,-provider_default
150ms_1pct-340,2026-09-24T23:10:22+05:45,150ms_1pct,measure,mldsa,X25519MLKEM768,805.977,1,X25519MLKEM768,mldsa65,0,15867,1466,0,-provider_default
150ms_1pct-341,2026-09-24T23:10:23+05:45,150ms_1pct,measure,ecdsa,X25519,518.031,1,X25519,ecdsa_secp256r1_sha256,0,1306,290,0,-provider_default
150ms_1pct-342,2026-09-24T23:10:24+05:45,150ms_1pct,measure,ecdsa,P-256,580.658,1,prime256v1,ecdsa_secp256r1_sha256,0,1339,323,0,-provider_default
150ms_1pct-343,2026-09-24T23:10:25+05:45,150ms_1pct,measure,mldsa,SecP256r1MLKEM768,741.277,1,SecP256r1MLKEM768,mldsa65,0,15914,1499,0,-provider_default
150ms_1pct-344,2026-09-24T23:10:25+05:45,150ms_1pct,measure,mldsa,X25519,700.553,1,X25519,mldsa65,0,14793,290,0,-provider_default
150ms_1pct-345,2026-09-24T23:10:26+05:45,150ms_1pct,measure,ecdsa,P-256,563.889,1,prime256v1,ecdsa_secp256r1_sha256,0,1339,323,0,-provider_default
150ms_1pct-346,2026-09-24T23:10:27+05:45,150ms_1pct,measure,mldsa,X25519MLKEM768,832.268,1,X25519MLKEM768,mldsa65,0,15867,1466,0,-provider_default
150ms_1pct-347,2026-09-24T23:10:28+05:45,150ms_1pct,measure,mldsa,SecP256r1MLKEM768,1130.552,1,SecP256r1MLKEM768,mldsa65,0,15914,1499,1,-provider_default
150ms_1pct-348,2026-09-24T23:10:29+05:45,150ms_1pct,measure,mldsa,X25519MLKEM768,767.818,1,X25519MLKEM768,mldsa65,0,15867,1466,0,-provider_default
150ms_1pct-349,2026-09-24T23:10:30+05:45,150ms_1pct,measure,ecdsa,SecP256r1MLKEM768,590.798,1,SecP256r1MLKEM768,ecdsa_secp256r1_sha256,0,2427,1499,0,-provider_default
150ms_1pct-350,2026-09-24T23:10:31+05:45,150ms_1pct,measure,mldsa,SecP256r1MLKEM768,690.081,1,SecP256r1MLKEM768,mldsa65,0,15914,1499,0,-provider_default
150ms_1pct-351,2026-09-24T23:10:32+05:45,150ms_1pct,measure,ecdsa,SecP256r1MLKEM768,554.632,1,SecP256r1MLKEM768,ecdsa_secp256r1_sha256,0,2427,1499,0,-provider_default
150ms_1pct-352,2026-09-24T23:10:34+05:45,150ms_1pct,measure,mldsa,P-256,1825.962,1,prime256v1,mldsa65,0,14826,323,1,-provider_default
150ms_1pct-353,2026-09-24T23:10:34+05:45,150ms_1pct,measure,ecdsa,X25519MLKEM768,585.092,1,X25519MLKEM768,ecdsa_secp256r1_sha256,0,2379,1466,0,-provider_default
150ms_1pct-354,2026-09-24T23:10:35+05:45,150ms_1pct,measure,ecdsa,P-256,489.267,1,prime256v1,ecdsa_secp256r1_sha256,0,1339,323,0,-provider_default
150ms_1pct-355,2026-09-24T23:10:36+05:45,150ms_1pct,measure,mldsa,SecP256r1MLKEM768,901.363,1,SecP256r1MLKEM768,mldsa65,0,15914,1499,0,-provider_default
150ms_1pct-356,2026-09-24T23:10:37+05:45,150ms_1pct,measure,mldsa,X25519MLKEM768,791.464,1,X25519MLKEM768,mldsa65,0,15867,1466,0,-provider_default
150ms_1pct-357,2026-09-24T23:10:38+05:45,150ms_1pct,measure,mldsa,X25519MLKEM768,698.116,1,X25519MLKEM768,mldsa65,0,15867,1466,0,-provider_default
150ms_1pct-358,2026-09-24T23:10:38+05:45,150ms_1pct,measure,ecdsa,X25519,575.159,1,X25519,ecdsa_secp256r1_sha256,0,1306,290,0,-provider_default
150ms_1pct-359,2026-09-24T23:10:40+05:45,150ms_1pct,measure,ecdsa,X25519MLKEM768,1708.229,1,X25519MLKEM768,ecdsa_secp256r1_sha256,0,2379,1466,1,-provider_default
150ms_1pct-360,2026-09-24T23:10:41+05:45,150ms_1pct,measure,ecdsa,P-256,571.789,1,prime256v1,ecdsa_secp256r1_sha256,0,1339,323,0,-provider_default
150ms_1pct-361,2026-09-24T23:10:42+05:45,150ms_1pct,measure,mldsa,X25519MLKEM768,677.549,1,X25519MLKEM768,mldsa65,0,15867,1466,0,-provider_default
150ms_1pct-362,2026-09-24T23:10:42+05:45,150ms_1pct,measure,ecdsa,P-256,616.796,1,prime256v1,ecdsa_secp256r1_sha256,0,1340,323,0,-provider_default
150ms_1pct-363,2026-09-24T23:10:44+05:45,150ms_1pct,measure,mldsa,P-256,1041.398,1,prime256v1,mldsa65,0,14826,323,0,-provider_default
150ms_1pct-364,2026-09-24T23:10:45+05:45,150ms_1pct,measure,mldsa,P-256,979.930,1,prime256v1,mldsa65,0,14826,323,0,-provider_default
150ms_1pct-365,2026-09-24T23:10:46+05:45,150ms_1pct,measure,ecdsa,X25519,795.812,1,X25519,ecdsa_secp256r1_sha256,0,1306,290,0,-provider_default
150ms_1pct-366,2026-09-24T23:10:46+05:45,150ms_1pct,measure,mldsa,P-256,701.468,1,prime256v1,mldsa65,0,14826,323,0,-provider_default
150ms_1pct-367,2026-09-24T23:10:47+05:45,150ms_1pct,measure,ecdsa,X25519,605.494,1,X25519,ecdsa_secp256r1_sha256,0,1307,290,0,-provider_default
150ms_1pct-368,2026-09-24T23:10:48+05:45,150ms_1pct,measure,mldsa,P-256,673.966,1,prime256v1,mldsa65,0,14826,323,0,-provider_default
150ms_1pct-369,2026-09-24T23:10:49+05:45,150ms_1pct,measure,ecdsa,P-256,612.916,1,prime256v1,ecdsa_secp256r1_sha256,0,1339,323,0,-provider_default
150ms_1pct-370,2026-09-24T23:10:49+05:45,150ms_1pct,measure,ecdsa,SecP256r1MLKEM768,573.041,1,SecP256r1MLKEM768,ecdsa_secp256r1_sha256,0,2427,1499,0,-provider_default
150ms_1pct-371,2026-09-24T23:10:51+05:45,150ms_1pct,measure,mldsa,P-256,951.523,1,prime256v1,mldsa65,0,14826,323,0,-provider_default
150ms_1pct-372,2026-09-24T23:10:51+05:45,150ms_1pct,measure,mldsa,X25519,707.780,1,X25519,mldsa65,0,14793,290,0,-provider_default
150ms_1pct-373,2026-09-24T23:10:53+05:45,150ms_1pct,measure,mldsa,P-256,1703.074,1,prime256v1,mldsa65,0,14826,323,1,-provider_default
150ms_1pct-374,2026-09-24T23:10:54+05:45,150ms_1pct,measure,ecdsa,P-256,644.248,1,prime256v1,ecdsa_secp256r1_sha256,0,1339,323,0,-provider_default
150ms_1pct-375,2026-09-24T23:10:55+05:45,150ms_1pct,measure,ecdsa,P-256,538.275,1,prime256v1,ecdsa_secp256r1_sha256,0,1339,323,0,-provider_default
150ms_1pct-376,2026-09-24T23:10:55+05:45,150ms_1pct,measure,ecdsa,SecP256r1MLKEM768,513.191,1,SecP256r1MLKEM768,ecdsa_secp256r1_sha256,0,2426,1499,0,-provider_default
150ms_1pct-377,2026-09-24T23:10:56+05:45,150ms_1pct,measure,mldsa,X25519,756.178,1,X25519,mldsa65,0,14793,290,0,-provider_default
150ms_1pct-378,2026-09-24T23:10:57+05:45,150ms_1pct,measure,mldsa,X25519MLKEM768,770.233,1,X25519MLKEM768,mldsa65,0,15867,1466,0,-provider_default
150ms_1pct-379,2026-09-24T23:10:58+05:45,150ms_1pct,measure,mldsa,X25519MLKEM768,691.655,1,X25519MLKEM768,mldsa65,0,15867,1466,1,-provider_default
150ms_1pct-380,2026-09-24T23:10:59+05:45,150ms_1pct,measure,mldsa,P-256,1175.481,1,prime256v1,mldsa65,0,14826,323,0,-provider_default
150ms_1pct-381,2026-09-24T23:11:00+05:45,150ms_1pct,measure,ecdsa,X25519,552.168,1,X25519,ecdsa_secp256r1_sha256,0,1305,290,0,-provider_default
150ms_1pct-382,2026-09-24T23:11:01+05:45,150ms_1pct,measure,ecdsa,X25519MLKEM768,579.068,1,X25519MLKEM768,ecdsa_secp256r1_sha256,0,2381,1466,0,-provider_default
150ms_1pct-383,2026-09-24T23:11:02+05:45,150ms_1pct,measure,ecdsa,P-256,692.298,1,prime256v1,ecdsa_secp256r1_sha256,0,1339,323,0,-provider_default
150ms_1pct-384,2026-09-24T23:11:03+05:45,150ms_1pct,measure,mldsa,X25519MLKEM768,768.130,1,X25519MLKEM768,mldsa65,0,15867,1466,0,-provider_default
150ms_1pct-385,2026-09-24T23:11:04+05:45,150ms_1pct,measure,mldsa,SecP256r1MLKEM768,875.182,1,SecP256r1MLKEM768,mldsa65,0,15914,1499,0,-provider_default
150ms_1pct-386,2026-09-24T23:11:04+05:45,150ms_1pct,measure,mldsa,SecP256r1MLKEM768,700.231,1,SecP256r1MLKEM768,mldsa65,0,15914,1499,0,-provider_default
150ms_1pct-387,2026-09-24T23:11:05+05:45,150ms_1pct,measure,mldsa,X25519MLKEM768,647.810,1,X25519MLKEM768,mldsa65,0,15867,1466,0,-provider_default
150ms_1pct-388,2026-09-24T23:11:06+05:45,150ms_1pct,measure,mldsa,X25519,725.189,1,X25519,mldsa65,0,14793,290,1,-provider_default
150ms_1pct-389,2026-09-24T23:11:08+05:45,150ms_1pct,measure,mldsa,X25519MLKEM768,1383.241,1,X25519MLKEM768,mldsa65,0,15867,1466,1,-provider_default
150ms_1pct-390,2026-09-24T23:11:08+05:45,150ms_1pct,measure,ecdsa,X25519,597.817,1,X25519,ecdsa_secp256r1_sha256,0,1307,290,0,-provider_default
150ms_1pct-391,2026-09-24T23:11:09+05:45,150ms_1pct,measure,ecdsa,X25519MLKEM768,575.894,1,X25519MLKEM768,ecdsa_secp256r1_sha256,0,2379,1466,0,-provider_default
150ms_1pct-392,2026-09-24T23:11:10+05:45,150ms_1pct,measure,ecdsa,SecP256r1MLKEM768,541.763,1,SecP256r1MLKEM768,ecdsa_secp256r1_sha256,0,2427,1499,0,-provider_default
150ms_1pct-393,2026-09-24T23:11:10+05:45,150ms_1pct,measure,ecdsa,P-256,540.205,1,prime256v1,ecdsa_secp256r1_sha256,0,1340,323,0,-provider_default
150ms_1pct-394,2026-09-24T23:11:11+05:45,150ms_1pct,measure,ecdsa,P-256,577.951,1,prime256v1,ecdsa_secp256r1_sha256,0,1340,323,0,-provider_default
150ms_1pct-395,2026-09-24T23:11:12+05:45,150ms_1pct,measure,mldsa,X25519,675.901,1,X25519,mldsa65,0,14793,290,0,-provider_default
150ms_1pct-396,2026-09-24T23:11:13+05:45,150ms_1pct,measure,mldsa,X25519MLKEM768,708.857,1,X25519MLKEM768,mldsa65,0,15867,1466,0,-provider_default
150ms_1pct-397,2026-09-24T23:11:14+05:45,150ms_1pct,measure,mldsa,SecP256r1MLKEM768,701.983,1,SecP256r1MLKEM768,mldsa65,0,15914,1499,0,-provider_default
150ms_1pct-398,2026-09-24T23:11:15+05:45,150ms_1pct,measure,ecdsa,SecP256r1MLKEM768,1654.634,1,SecP256r1MLKEM768,ecdsa_secp256r1_sha256,0,2427,1499,1,-provider_default
150ms_1pct-399,2026-09-24T23:11:16+05:45,150ms_1pct,measure,mldsa,X25519,952.668,1,X25519,mldsa65,0,14793,290,0,-provider_default
150ms_1pct-400,2026-09-24T23:11:18+05:45,150ms_1pct,measure,mldsa,X25519MLKEM768,881.569,1,X25519MLKEM768,mldsa65,0,15867,1466,0,-provider_default
150ms_1pct-401,2026-09-24T23:11:18+05:45,150ms_1pct,measure,ecdsa,X25519,632.848,1,X25519,ecdsa_secp256r1_sha256,0,1306,290,0,-provider_default
150ms_1pct-402,2026-09-24T23:11:19+05:45,150ms_1pct,measure,mldsa,X25519MLKEM768,1055.563,1,X25519MLKEM768,mldsa65,0,15867,1466,0,-provider_default
150ms_1pct-403,2026-09-24T23:11:21+05:45,150ms_1pct,measure,mldsa,X25519MLKEM768,1293.202,1,X25519MLKEM768,mldsa65,0,15867,1466,0,-provider_default
150ms_1pct-404,2026-09-24T23:11:23+05:45,150ms_1pct,measure,mldsa,P-256,1694.597,1,prime256v1,mldsa65,0,14826,323,0,-provider_default
150ms_1pct-405,2026-09-24T23:11:25+05:45,150ms_1pct,measure,mldsa,P-256,1656.140,1,prime256v1,mldsa65,0,14826,323,1,-provider_default
150ms_1pct-406,2026-09-24T23:11:25+05:45,150ms_1pct,measure,mldsa,P-256,792.251,1,prime256v1,mldsa65,0,14826,323,0,-provider_default
150ms_1pct-407,2026-09-24T23:11:26+05:45,150ms_1pct,measure,ecdsa,P-256,844.108,1,prime256v1,ecdsa_secp256r1_sha256,0,1338,323,0,-provider_default
150ms_1pct-408,2026-09-24T23:11:27+05:45,150ms_1pct,measure,ecdsa,X25519MLKEM768,552.866,1,X25519MLKEM768,ecdsa_secp256r1_sha256,0,2381,1466,0,-provider_default
150ms_1pct-409,2026-09-24T23:11:28+05:45,150ms_1pct,measure,ecdsa,X25519MLKEM768,535.449,1,X25519MLKEM768,ecdsa_secp256r1_sha256,0,2380,1466,0,-provider_default
150ms_1pct-410,2026-09-24T23:11:29+05:45,150ms_1pct,measure,mldsa,X25519,744.989,1,X25519,mldsa65,0,14793,290,0,-provider_default
150ms_1pct-411,2026-09-24T23:11:30+05:45,150ms_1pct,measure,mldsa,X25519,732.078,1,X25519,mldsa65,0,14793,290,0,-provider_default
150ms_1pct-412,2026-09-24T23:11:30+05:45,150ms_1pct,measure,ecdsa,X25519MLKEM768,528.792,1,X25519MLKEM768,ecdsa_secp256r1_sha256,0,2381,1466,0,-provider_default
150ms_1pct-413,2026-09-24T23:11:31+05:45,150ms_1pct,measure,mldsa,X25519MLKEM768,745.645,1,X25519MLKEM768,mldsa65,0,15867,1466,0,-provider_default
150ms_1pct-414,2026-09-24T23:11:32+05:45,150ms_1pct,measure,mldsa,P-256,779.138,1,prime256v1,mldsa65,0,14826,323,0,-provider_default
150ms_1pct-415,2026-09-24T23:11:33+05:45,150ms_1pct,measure,ecdsa,X25519MLKEM768,570.077,1,X25519MLKEM768,ecdsa_secp256r1_sha256,0,2380,1466,0,-provider_default
150ms_1pct-416,2026-09-24T23:11:33+05:45,150ms_1pct,measure,mldsa,P-256,696.675,1,prime256v1,mldsa65,0,14826,323,0,-provider_default
150ms_1pct-417,2026-09-24T23:11:34+05:45,150ms_1pct,measure,ecdsa,X25519MLKEM768,734.806,1,X25519MLKEM768,ecdsa_secp256r1_sha256,0,2380,1466,0,-provider_default
150ms_1pct-418,2026-09-24T23:11:35+05:45,150ms_1pct,measure,mldsa,X25519,867.515,1,X25519,mldsa65,0,14793,290,0,-provider_default
150ms_1pct-419,2026-09-24T23:11:36+05:45,150ms_1pct,measure,mldsa,SecP256r1MLKEM768,964.477,1,SecP256r1MLKEM768,mldsa65,0,15914,1499,0,-provider_default
150ms_1pct-420,2026-09-24T23:11:38+05:45,150ms_1pct,measure,mldsa,X25519MLKEM768,1003.457,1,X25519MLKEM768,mldsa65,0,15867,1466,1,-provider_default
150ms_1pct-421,2026-09-24T23:11:38+05:45,150ms_1pct,measure,mldsa,SecP256r1MLKEM768,670.183,1,SecP256r1MLKEM768,mldsa65,0,15914,1499,0,-provider_default
150ms_1pct-422,2026-09-24T23:11:39+05:45,150ms_1pct,measure,ecdsa,P-256,994.338,1,prime256v1,ecdsa_secp256r1_sha256,0,1340,323,1,-provider_default
150ms_1pct-423,2026-09-24T23:11:40+05:45,150ms_1pct,measure,mldsa,P-256,693.999,1,prime256v1,mldsa65,0,14826,323,0,-provider_default
150ms_1pct-424,2026-09-24T23:11:41+05:45,150ms_1pct,measure,mldsa,P-256,661.032,1,prime256v1,mldsa65,0,14826,323,0,-provider_default
150ms_1pct-425,2026-09-24T23:11:42+05:45,150ms_1pct,measure,ecdsa,SecP256r1MLKEM768,578.058,1,SecP256r1MLKEM768,ecdsa_secp256r1_sha256,0,2427,1499,0,-provider_default
150ms_1pct-426,2026-09-24T23:11:43+05:45,150ms_1pct,measure,mldsa,X25519MLKEM768,779.732,1,X25519MLKEM768,mldsa65,0,15867,1466,0,-provider_default
150ms_1pct-427,2026-09-24T23:11:44+05:45,150ms_1pct,measure,mldsa,X25519MLKEM768,765.096,1,X25519MLKEM768,mldsa65,0,15867,1466,0,-provider_default
150ms_1pct-428,2026-09-24T23:11:44+05:45,150ms_1pct,measure,mldsa,SecP256r1MLKEM768,762.249,1,SecP256r1MLKEM768,mldsa65,0,15914,1499,0,-provider_default
150ms_1pct-429,2026-09-24T23:11:45+05:45,150ms_1pct,measure,ecdsa,X25519,520.675,1,X25519,ecdsa_secp256r1_sha256,0,1305,290,0,-provider_default
150ms_1pct-430,2026-09-24T23:11:46+05:45,150ms_1pct,measure,mldsa,X25519MLKEM768,769.283,1,X25519MLKEM768,mldsa65,0,15867,1466,0,-provider_default
150ms_1pct-431,2026-09-24T23:11:47+05:45,150ms_1pct,measure,ecdsa,P-256,632.632,1,prime256v1,ecdsa_secp256r1_sha256,0,1339,323,0,-provider_default
150ms_1pct-432,2026-09-24T23:11:48+05:45,150ms_1pct,measure,mldsa,P-256,727.278,1,prime256v1,mldsa65,0,14826,323,0,-provider_default
150ms_1pct-433,2026-09-24T23:11:48+05:45,150ms_1pct,measure,mldsa,X25519,649.613,1,X25519,mldsa65,0,14793,290,0,-provider_default
150ms_1pct-434,2026-09-24T23:11:49+05:45,150ms_1pct,measure,mldsa,X25519MLKEM768,786.495,1,X25519MLKEM768,mldsa65,0,15867,1466,0,-provider_default
150ms_1pct-435,2026-09-24T23:11:50+05:45,150ms_1pct,measure,mldsa,SecP256r1MLKEM768,695.666,1,SecP256r1MLKEM768,mldsa65,0,15914,1499,0,-provider_default
150ms_1pct-436,2026-09-24T23:11:51+05:45,150ms_1pct,measure,mldsa,P-256,760.458,1,prime256v1,mldsa65,0,14826,323,0,-provider_default
150ms_1pct-437,2026-09-24T23:11:52+05:45,150ms_1pct,measure,ecdsa,P-256,542.053,1,prime256v1,ecdsa_secp256r1_sha256,0,1338,323,1,-provider_default
150ms_1pct-438,2026-09-24T23:11:53+05:45,150ms_1pct,measure,mldsa,P-256,1099.701,1,prime256v1,mldsa65,0,14826,323,0,-provider_default
150ms_1pct-439,2026-09-24T23:11:54+05:45,150ms_1pct,measure,mldsa,SecP256r1MLKEM768,747.154,1,SecP256r1MLKEM768,mldsa65,0,15914,1499,0,-provider_default
150ms_1pct-440,2026-09-24T23:11:55+05:45,150ms_1pct,measure,mldsa,X25519,757.005,1,X25519,mldsa65,0,14793,290,0,-provider_default
150ms_1pct-441,2026-09-24T23:11:56+05:45,150ms_1pct,measure,ecdsa,X25519,1653.099,1,X25519,ecdsa_secp256r1_sha256,0,1307,290,1,-provider_default
150ms_1pct-442,2026-09-24T23:11:57+05:45,150ms_1pct,measure,mldsa,X25519MLKEM768,697.429,1,X25519MLKEM768,mldsa65,0,15867,1466,0,-provider_default
150ms_1pct-443,2026-09-24T23:11:58+05:45,150ms_1pct,measure,mldsa,X25519MLKEM768,763.245,1,X25519MLKEM768,mldsa65,0,15867,1466,0,-provider_default
150ms_1pct-444,2026-09-24T23:11:59+05:45,150ms_1pct,measure,ecdsa,X25519MLKEM768,638.027,1,X25519MLKEM768,ecdsa_secp256r1_sha256,0,2379,1466,0,-provider_default
150ms_1pct-445,2026-09-24T23:12:00+05:45,150ms_1pct,measure,mldsa,X25519MLKEM768,762.008,1,X25519MLKEM768,mldsa65,0,15867,1466,0,-provider_default
150ms_1pct-446,2026-09-24T23:12:01+05:45,150ms_1pct,measure,mldsa,P-256,824.794,1,prime256v1,mldsa65,0,14826,323,0,-provider_default
150ms_1pct-447,2026-09-24T23:12:02+05:45,150ms_1pct,measure,mldsa,SecP256r1MLKEM768,752.831,1,SecP256r1MLKEM768,mldsa65,0,15914,1499,0,-provider_default
150ms_1pct-448,2026-09-24T23:12:02+05:45,150ms_1pct,measure,ecdsa,X25519,522.672,1,X25519,ecdsa_secp256r1_sha256,0,1305,290,0,-provider_default
150ms_1pct-449,2026-09-24T23:12:03+05:45,150ms_1pct,measure,mldsa,X25519,707.104,1,X25519,mldsa65,0,14793,290,0,-provider_default
150ms_1pct-450,2026-09-24T23:12:04+05:45,150ms_1pct,measure,ecdsa,P-256,552.898,1,prime256v1,ecdsa_secp256r1_sha256,0,1340,323,0,-provider_default
150ms_1pct-451,2026-09-24T23:12:05+05:45,150ms_1pct,measure,ecdsa,X25519,959.466,1,X25519,ecdsa_secp256r1_sha256,0,1305,290,0,-provider_default
150ms_1pct-452,2026-09-24T23:12:06+05:45,150ms_1pct,measure,ecdsa,X25519MLKEM768,494.940,1,X25519MLKEM768,ecdsa_secp256r1_sha256,0,2379,1466,0,-provider_default
150ms_1pct-453,2026-09-24T23:12:06+05:45,150ms_1pct,measure,mldsa,P-256,823.511,1,prime256v1,mldsa65,0,14826,323,0,-provider_default
150ms_1pct-454,2026-09-24T23:12:07+05:45,150ms_1pct,measure,ecdsa,X25519,602.004,1,X25519,ecdsa_secp256r1_sha256,0,1306,290,0,-provider_default
150ms_1pct-455,2026-09-24T23:12:08+05:45,150ms_1pct,measure,ecdsa,SecP256r1MLKEM768,781.219,1,SecP256r1MLKEM768,ecdsa_secp256r1_sha256,0,2426,1499,0,-provider_default
150ms_1pct-456,2026-09-24T23:12:10+05:45,150ms_1pct,measure,mldsa,SecP256r1MLKEM768,1734.189,1,SecP256r1MLKEM768,mldsa65,0,15914,1499,1,-provider_default
150ms_1pct-457,2026-09-24T23:12:11+05:45,150ms_1pct,measure,ecdsa,P-256,575.909,1,prime256v1,ecdsa_secp256r1_sha256,0,1338,323,0,-provider_default
150ms_1pct-458,2026-09-24T23:12:12+05:45,150ms_1pct,measure,mldsa,X25519,1382.765,1,X25519,mldsa65,0,14793,290,0,-provider_default
150ms_1pct-459,2026-09-24T23:12:13+05:45,150ms_1pct,measure,ecdsa,X25519,613.932,1,X25519,ecdsa_secp256r1_sha256,0,1306,290,0,-provider_default
150ms_1pct-460,2026-09-24T23:12:15+05:45,150ms_1pct,measure,mldsa,SecP256r1MLKEM768,2067.414,1,SecP256r1MLKEM768,mldsa65,0,15914,1499,1,-provider_default
150ms_1pct-461,2026-09-24T23:12:16+05:45,150ms_1pct,measure,mldsa,P-256,732.737,1,prime256v1,mldsa65,0,14826,323,0,-provider_default
150ms_1pct-462,2026-09-24T23:12:17+05:45,150ms_1pct,measure,ecdsa,P-256,612.583,1,prime256v1,ecdsa_secp256r1_sha256,0,1340,323,0,-provider_default
150ms_1pct-463,2026-09-24T23:12:18+05:45,150ms_1pct,measure,mldsa,P-256,674.198,1,prime256v1,mldsa65,0,14826,323,0,-provider_default
150ms_1pct-464,2026-09-24T23:12:18+05:45,150ms_1pct,measure,mldsa,SecP256r1MLKEM768,736.512,1,SecP256r1MLKEM768,mldsa65,0,15914,1499,0,-provider_default
150ms_1pct-465,2026-09-24T23:12:19+05:45,150ms_1pct,measure,mldsa,X25519MLKEM768,864.271,1,X25519MLKEM768,mldsa65,0,15867,1466,0,-provider_default
150ms_1pct-466,2026-09-24T23:12:20+05:45,150ms_1pct,measure,ecdsa,X25519,915.767,1,X25519,ecdsa_secp256r1_sha256,0,1307,290,0,-provider_default
150ms_1pct-467,2026-09-24T23:12:21+05:45,150ms_1pct,measure,mldsa,X25519MLKEM768,765.518,1,X25519MLKEM768,mldsa65,0,15867,1466,0,-provider_default
150ms_1pct-468,2026-09-24T23:12:22+05:45,150ms_1pct,measure,mldsa,X25519,765.820,1,X25519,mldsa65,0,14793,290,0,-provider_default
150ms_1pct-469,2026-09-24T23:12:23+05:45,150ms_1pct,measure,mldsa,X25519MLKEM768,815.977,1,X25519MLKEM768,mldsa65,0,15867,1466,0,-provider_default
150ms_1pct-470,2026-09-24T23:12:24+05:45,150ms_1pct,measure,mldsa,SecP256r1MLKEM768,678.236,1,SecP256r1MLKEM768,mldsa65,0,15914,1499,0,-provider_default
150ms_1pct-471,2026-09-24T23:12:25+05:45,150ms_1pct,measure,mldsa,X25519MLKEM768,670.017,1,X25519MLKEM768,mldsa65,0,15867,1466,0,-provider_default
150ms_1pct-472,2026-09-24T23:12:26+05:45,150ms_1pct,measure,mldsa,P-256,719.803,1,prime256v1,mldsa65,0,14826,323,0,-provider_default
150ms_1pct-473,2026-09-24T23:12:26+05:45,150ms_1pct,measure,ecdsa,X25519MLKEM768,589.719,1,X25519MLKEM768,ecdsa_secp256r1_sha256,0,2381,1466,0,-provider_default
150ms_1pct-474,2026-09-24T23:12:27+05:45,150ms_1pct,measure,ecdsa,P-256,567.603,1,prime256v1,ecdsa_secp256r1_sha256,0,1340,323,0,-provider_default
150ms_1pct-475,2026-09-24T23:12:28+05:45,150ms_1pct,measure,ecdsa,P-256,529.974,1,prime256v1,ecdsa_secp256r1_sha256,0,1339,323,0,-provider_default
150ms_1pct-476,2026-09-24T23:12:28+05:45,150ms_1pct,measure,ecdsa,SecP256r1MLKEM768,605.615,1,SecP256r1MLKEM768,ecdsa_secp256r1_sha256,0,2428,1499,0,-provider_default
150ms_1pct-477,2026-09-24T23:12:30+05:45,150ms_1pct,measure,ecdsa,SecP256r1MLKEM768,1209.938,1,SecP256r1MLKEM768,ecdsa_secp256r1_sha256,0,2427,1499,1,-provider_default
150ms_1pct-478,2026-09-24T23:12:31+05:45,150ms_1pct,measure,ecdsa,SecP256r1MLKEM768,596.156,1,SecP256r1MLKEM768,ecdsa_secp256r1_sha256,0,2427,1499,0,-provider_default
150ms_1pct-479,2026-09-24T23:12:32+05:45,150ms_1pct,measure,mldsa,X25519,759.602,1,X25519,mldsa65,0,14793,290,0,-provider_default
150ms_1pct-480,2026-09-24T23:12:32+05:45,150ms_1pct,measure,ecdsa,X25519,518.982,1,X25519,ecdsa_secp256r1_sha256,0,1306,290,0,-provider_default
150ms_1pct-481,2026-09-24T23:12:34+05:45,150ms_1pct,measure,ecdsa,SecP256r1MLKEM768,1417.437,1,SecP256r1MLKEM768,ecdsa_secp256r1_sha256,0,2426,1499,1,-provider_default
150ms_1pct-482,2026-09-24T23:12:34+05:45,150ms_1pct,measure,ecdsa,X25519,624.703,1,X25519,ecdsa_secp256r1_sha256,0,1305,290,0,-provider_default
150ms_1pct-483,2026-09-24T23:12:36+05:45,150ms_1pct,measure,mldsa,X25519,938.427,1,X25519,mldsa65,0,14793,290,0,-provider_default
150ms_1pct-484,2026-09-24T23:12:37+05:45,150ms_1pct,measure,ecdsa,P-256,1065.110,1,prime256v1,ecdsa_secp256r1_sha256,0,1338,323,0,-provider_default
150ms_1pct-485,2026-09-24T23:12:39+05:45,150ms_1pct,measure,ecdsa,P-256,1617.962,1,prime256v1,ecdsa_secp256r1_sha256,0,1339,323,1,-provider_default
150ms_1pct-486,2026-09-24T23:12:40+05:45,150ms_1pct,measure,mldsa,X25519,1260.977,1,X25519,mldsa65,0,14793,290,1,-provider_default
150ms_1pct-487,2026-09-24T23:12:41+05:45,150ms_1pct,measure,mldsa,P-256,693.905,1,prime256v1,mldsa65,0,14826,323,0,-provider_default
150ms_1pct-488,2026-09-24T23:12:42+05:45,150ms_1pct,measure,mldsa,P-256,699.206,1,prime256v1,mldsa65,0,14826,323,0,-provider_default
150ms_1pct-489,2026-09-24T23:12:42+05:45,150ms_1pct,measure,mldsa,X25519MLKEM768,701.936,1,X25519MLKEM768,mldsa65,0,15867,1466,0,-provider_default
150ms_1pct-490,2026-09-24T23:12:44+05:45,150ms_1pct,measure,mldsa,P-256,1530.376,1,prime256v1,mldsa65,0,14826,323,0,-provider_default
150ms_1pct-491,2026-09-24T23:12:45+05:45,150ms_1pct,measure,mldsa,P-256,714.289,1,prime256v1,mldsa65,0,14826,323,0,-provider_default
150ms_1pct-492,2026-09-24T23:12:46+05:45,150ms_1pct,measure,ecdsa,P-256,739.808,1,prime256v1,ecdsa_secp256r1_sha256,0,1339,323,0,-provider_default
150ms_1pct-493,2026-09-24T23:12:47+05:45,150ms_1pct,measure,mldsa,X25519MLKEM768,805.588,1,X25519MLKEM768,mldsa65,0,15867,1466,0,-provider_default
150ms_1pct-494,2026-09-24T23:12:48+05:45,150ms_1pct,measure,ecdsa,P-256,586.874,1,prime256v1,ecdsa_secp256r1_sha256,0,1340,323,0,-provider_default
150ms_1pct-495,2026-09-24T23:12:48+05:45,150ms_1pct,measure,ecdsa,P-256,522.963,1,prime256v1,ecdsa_secp256r1_sha256,0,1340,323,0,-provider_default
150ms_1pct-496,2026-09-24T23:12:49+05:45,150ms_1pct,measure,mldsa,P-256,1038.301,1,prime256v1,mldsa65,0,14826,323,0,-provider_default
150ms_1pct-497,2026-09-24T23:12:50+05:45,150ms_1pct,measure,ecdsa,SecP256r1MLKEM768,567.282,1,SecP256r1MLKEM768,ecdsa_secp256r1_sha256,0,2428,1499,0,-provider_default
150ms_1pct-498,2026-09-24T23:12:51+05:45,150ms_1pct,measure,mldsa,P-256,746.844,1,prime256v1,mldsa65,0,14826,323,0,-provider_default
150ms_1pct-499,2026-09-24T23:12:52+05:45,150ms_1pct,measure,ecdsa,SecP256r1MLKEM768,604.401,1,SecP256r1MLKEM768,ecdsa_secp256r1_sha256,0,2427,1499,0,-provider_default
150ms_1pct-500,2026-09-24T23:12:53+05:45,150ms_1pct,measure,mldsa,SecP256r1MLKEM768,907.940,1,SecP256r1MLKEM768,mldsa65,0,15914,1499,0,-provider_default
150ms_1pct-501,2026-09-24T23:12:54+05:45,150ms_1pct,measure,mldsa,X25519MLKEM768,1126.844,1,X25519MLKEM768,mldsa65,0,15867,1466,0,-provider_default
150ms_1pct-502,2026-09-24T23:12:55+05:45,150ms_1pct,measure,mldsa,SecP256r1MLKEM768,680.604,1,SecP256r1MLKEM768,mldsa65,0,15914,1499,0,-provider_default
150ms_1pct-503,2026-09-24T23:12:56+05:45,150ms_1pct,measure,mldsa,SecP256r1MLKEM768,729.782,1,SecP256r1MLKEM768,mldsa65,0,15914,1499,0,-provider_default
150ms_1pct-504,2026-09-24T23:12:56+05:45,150ms_1pct,measure,ecdsa,P-256,643.193,1,prime256v1,ecdsa_secp256r1_sha256,0,1339,323,0,-provider_default
150ms_1pct-505,2026-09-24T23:12:58+05:45,150ms_1pct,measure,mldsa,X25519,1268.652,1,X25519,mldsa65,0,14793,290,0,-provider_default
150ms_1pct-506,2026-09-24T23:12:59+05:45,150ms_1pct,measure,ecdsa,SecP256r1MLKEM768,652.674,1,SecP256r1MLKEM768,ecdsa_secp256r1_sha256,0,2428,1499,1,-provider_default
150ms_1pct-507,2026-09-24T23:12:59+05:45,150ms_1pct,measure,ecdsa,P-256,550.913,1,prime256v1,ecdsa_secp256r1_sha256,0,1340,323,0,-provider_default
150ms_1pct-508,2026-09-24T23:13:00+05:45,150ms_1pct,measure,mldsa,SecP256r1MLKEM768,680.060,1,SecP256r1MLKEM768,mldsa65,0,15914,1499,0,-provider_default
150ms_1pct-509,2026-09-24T23:13:01+05:45,150ms_1pct,measure,mldsa,X25519,645.797,1,X25519,mldsa65,0,14793,290,0,-provider_default
150ms_1pct-510,2026-09-24T23:13:02+05:45,150ms_1pct,measure,ecdsa,SecP256r1MLKEM768,1103.929,1,SecP256r1MLKEM768,ecdsa_secp256r1_sha256,0,2427,1499,1,-provider_default
150ms_1pct-511,2026-09-24T23:13:03+05:45,150ms_1pct,measure,ecdsa,P-256,773.780,1,prime256v1,ecdsa_secp256r1_sha256,0,1339,323,0,-provider_default
150ms_1pct-512,2026-09-24T23:13:04+05:45,150ms_1pct,measure,mldsa,P-256,782.238,1,prime256v1,mldsa65,0,14826,323,0,-provider_default
150ms_1pct-513,2026-09-24T23:13:05+05:45,150ms_1pct,measure,ecdsa,SecP256r1MLKEM768,986.496,1,SecP256r1MLKEM768,ecdsa_secp256r1_sha256,0,2427,1499,0,-provider_default
150ms_1pct-514,2026-09-24T23:13:06+05:45,150ms_1pct,measure,ecdsa,X25519,576.713,1,X25519,ecdsa_secp256r1_sha256,0,1307,290,0,-provider_default
150ms_1pct-515,2026-09-24T23:13:06+05:45,150ms_1pct,measure,ecdsa,X25519MLKEM768,532.782,1,X25519MLKEM768,ecdsa_secp256r1_sha256,0,2380,1466,0,-provider_default
150ms_1pct-516,2026-09-24T23:13:07+05:45,150ms_1pct,measure,ecdsa,SecP256r1MLKEM768,586.670,1,SecP256r1MLKEM768,ecdsa_secp256r1_sha256,0,2427,1499,0,-provider_default
150ms_1pct-517,2026-09-24T23:13:08+05:45,150ms_1pct,measure,mldsa,X25519MLKEM768,787.882,1,X25519MLKEM768,mldsa65,0,15867,1466,0,-provider_default
150ms_1pct-518,2026-09-24T23:13:09+05:45,150ms_1pct,measure,mldsa,SecP256r1MLKEM768,844.985,1,SecP256r1MLKEM768,mldsa65,0,15914,1499,0,-provider_default
150ms_1pct-519,2026-09-24T23:13:10+05:45,150ms_1pct,measure,ecdsa,X25519,1103.748,1,X25519,ecdsa_secp256r1_sha256,0,1306,290,1,-provider_default
150ms_1pct-520,2026-09-24T23:13:11+05:45,150ms_1pct,measure,ecdsa,X25519,771.631,1,X25519,ecdsa_secp256r1_sha256,0,1307,290,0,-provider_default
150ms_1pct-521,2026-09-24T23:13:12+05:45,150ms_1pct,measure,mldsa,X25519,699.988,1,X25519,mldsa65,0,14793,290,0,-provider_default
150ms_1pct-522,2026-09-24T23:13:13+05:45,150ms_1pct,measure,ecdsa,P-256,552.605,1,prime256v1,ecdsa_secp256r1_sha256,0,1338,323,0,-provider_default
150ms_1pct-523,2026-09-24T23:13:14+05:45,150ms_1pct,measure,mldsa,P-256,717.098,1,prime256v1,mldsa65,0,14826,323,0,-provider_default
150ms_1pct-524,2026-09-24T23:13:14+05:45,150ms_1pct,measure,ecdsa,SecP256r1MLKEM768,515.715,1,SecP256r1MLKEM768,ecdsa_secp256r1_sha256,0,2427,1499,0,-provider_default
150ms_1pct-525,2026-09-24T23:13:15+05:45,150ms_1pct,measure,mldsa,SecP256r1MLKEM768,716.974,1,SecP256r1MLKEM768,mldsa65,0,15914,1499,0,-provider_default
150ms_1pct-526,2026-09-24T23:13:16+05:45,150ms_1pct,measure,ecdsa,SecP256r1MLKEM768,557.697,1,SecP256r1MLKEM768,ecdsa_secp256r1_sha256,0,2427,1499,0,-provider_default
150ms_1pct-527,2026-09-24T23:13:16+05:45,150ms_1pct,measure,ecdsa,P-256,512.543,1,prime256v1,ecdsa_secp256r1_sha256,0,1339,323,0,-provider_default
150ms_1pct-528,2026-09-24T23:13:17+05:45,150ms_1pct,measure,mldsa,X25519,734.029,1,X25519,mldsa65,0,14793,290,0,-provider_default
150ms_1pct-529,2026-09-24T23:13:18+05:45,150ms_1pct,measure,ecdsa,X25519MLKEM768,611.715,1,X25519MLKEM768,ecdsa_secp256r1_sha256,0,2380,1466,0,-provider_default
150ms_1pct-530,2026-09-24T23:13:19+05:45,150ms_1pct,measure,mldsa,SecP256r1MLKEM768,730.003,1,SecP256r1MLKEM768,mldsa65,0,15914,1499,0,-provider_default
150ms_1pct-531,2026-09-24T23:13:20+05:45,150ms_1pct,measure,mldsa,P-256,663.330,1,prime256v1,mldsa65,0,14826,323,0,-provider_default
150ms_1pct-532,2026-09-24T23:13:21+05:45,150ms_1pct,measure,mldsa,SecP256r1MLKEM768,670.530,1,SecP256r1MLKEM768,mldsa65,0,15914,1499,0,-provider_default
150ms_1pct-533,2026-09-24T23:13:21+05:45,150ms_1pct,measure,ecdsa,X25519,499.180,1,X25519,ecdsa_secp256r1_sha256,0,1307,290,0,-provider_default
150ms_1pct-534,2026-09-24T23:13:22+05:45,150ms_1pct,measure,mldsa,SecP256r1MLKEM768,657.607,1,SecP256r1MLKEM768,mldsa65,0,15914,1499,0,-provider_default
150ms_1pct-535,2026-09-24T23:13:23+05:45,150ms_1pct,measure,mldsa,SecP256r1MLKEM768,820.642,1,SecP256r1MLKEM768,mldsa65,0,15914,1499,0,-provider_default
150ms_1pct-536,2026-09-24T23:13:24+05:45,150ms_1pct,measure,mldsa,X25519MLKEM768,678.982,1,X25519MLKEM768,mldsa65,0,15867,1466,0,-provider_default
150ms_1pct-537,2026-09-24T23:13:24+05:45,150ms_1pct,measure,mldsa,SecP256r1MLKEM768,660.432,1,SecP256r1MLKEM768,mldsa65,0,15914,1499,0,-provider_default
150ms_1pct-538,2026-09-24T23:13:25+05:45,150ms_1pct,measure,ecdsa,P-256,494.433,1,prime256v1,ecdsa_secp256r1_sha256,0,1340,323,0,-provider_default
150ms_1pct-539,2026-09-24T23:13:26+05:45,150ms_1pct,measure,ecdsa,X25519,510.738,1,X25519,ecdsa_secp256r1_sha256,0,1305,290,0,-provider_default
150ms_1pct-540,2026-09-24T23:13:27+05:45,150ms_1pct,measure,mldsa,X25519MLKEM768,739.244,1,X25519MLKEM768,mldsa65,0,15867,1466,0,-provider_default
150ms_1pct-541,2026-09-24T23:13:27+05:45,150ms_1pct,measure,ecdsa,P-256,571.298,1,prime256v1,ecdsa_secp256r1_sha256,0,1339,323,0,-provider_default
150ms_1pct-542,2026-09-24T23:13:28+05:45,150ms_1pct,measure,ecdsa,SecP256r1MLKEM768,578.692,1,SecP256r1MLKEM768,ecdsa_secp256r1_sha256,0,2426,1499,0,-provider_default
150ms_1pct-543,2026-09-24T23:13:29+05:45,150ms_1pct,measure,ecdsa,X25519MLKEM768,517.377,1,X25519MLKEM768,ecdsa_secp256r1_sha256,0,2379,1466,0,-provider_default
150ms_1pct-544,2026-09-24T23:13:30+05:45,150ms_1pct,measure,mldsa,P-256,1009.178,1,prime256v1,mldsa65,0,14826,323,1,-provider_default
150ms_1pct-545,2026-09-24T23:13:30+05:45,150ms_1pct,measure,ecdsa,X25519,580.634,1,X25519,ecdsa_secp256r1_sha256,0,1305,290,0,-provider_default
150ms_1pct-546,2026-09-24T23:13:31+05:45,150ms_1pct,measure,mldsa,SecP256r1MLKEM768,960.606,1,SecP256r1MLKEM768,mldsa65,0,15914,1499,1,-provider_default
150ms_1pct-547,2026-09-24T23:13:32+05:45,150ms_1pct,measure,mldsa,SecP256r1MLKEM768,636.306,1,SecP256r1MLKEM768,mldsa65,0,15914,1499,0,-provider_default
150ms_1pct-548,2026-09-24T23:13:33+05:45,150ms_1pct,measure,ecdsa,X25519MLKEM768,552.519,1,X25519MLKEM768,ecdsa_secp256r1_sha256,0,2379,1466,0,-provider_default
150ms_1pct-549,2026-09-24T23:13:33+05:45,150ms_1pct,measure,ecdsa,X25519MLKEM768,580.717,1,X25519MLKEM768,ecdsa_secp256r1_sha256,0,2381,1466,0,-provider_default
150ms_1pct-550,2026-09-24T23:13:34+05:45,150ms_1pct,measure,ecdsa,P-256,546.318,1,prime256v1,ecdsa_secp256r1_sha256,0,1340,323,0,-provider_default
150ms_1pct-551,2026-09-24T23:13:35+05:45,150ms_1pct,measure,mldsa,X25519,745.826,1,X25519,mldsa65,0,14793,290,0,-provider_default
150ms_1pct-552,2026-09-24T23:13:36+05:45,150ms_1pct,measure,mldsa,X25519,679.861,1,X25519,mldsa65,0,14793,290,0,-provider_default
150ms_1pct-553,2026-09-24T23:13:36+05:45,150ms_1pct,measure,ecdsa,P-256,530.296,1,prime256v1,ecdsa_secp256r1_sha256,0,1339,323,0,-provider_default
150ms_1pct-554,2026-09-24T23:13:37+05:45,150ms_1pct,measure,mldsa,P-256,700.771,1,prime256v1,mldsa65,0,14826,323,0,-provider_default
150ms_1pct-555,2026-09-24T23:13:38+05:45,150ms_1pct,measure,ecdsa,P-256,473.182,1,prime256v1,ecdsa_secp256r1_sha256,0,1338,323,0,-provider_default
150ms_1pct-556,2026-09-24T23:13:38+05:45,150ms_1pct,measure,ecdsa,X25519,489.276,1,X25519,ecdsa_secp256r1_sha256,0,1306,290,0,-provider_default
150ms_1pct-557,2026-09-24T23:13:39+05:45,150ms_1pct,measure,ecdsa,X25519MLKEM768,478.509,1,X25519MLKEM768,ecdsa_secp256r1_sha256,0,2379,1466,0,-provider_default
150ms_1pct-558,2026-09-24T23:13:39+05:45,150ms_1pct,measure,ecdsa,P-256,502.293,1,prime256v1,ecdsa_secp256r1_sha256,0,1340,323,0,-provider_default
150ms_1pct-559,2026-09-24T23:13:40+05:45,150ms_1pct,measure,mldsa,P-256,631.642,1,prime256v1,mldsa65,0,14826,323,0,-provider_default
150ms_1pct-560,2026-09-24T23:13:41+05:45,150ms_1pct,measure,mldsa,P-256,702.631,1,prime256v1,mldsa65,0,14826,323,0,-provider_default
150ms_1pct-561,2026-09-24T23:13:41+05:45,150ms_1pct,measure,ecdsa,SecP256r1MLKEM768,538.549,1,SecP256r1MLKEM768,ecdsa_secp256r1_sha256,0,2427,1499,0,-provider_default
150ms_1pct-562,2026-09-24T23:13:42+05:45,150ms_1pct,measure,ecdsa,X25519MLKEM768,525.068,1,X25519MLKEM768,ecdsa_secp256r1_sha256,0,2380,1466,0,-provider_default
150ms_1pct-563,2026-09-24T23:13:42+05:45,150ms_1pct,measure,ecdsa,X25519,492.600,1,X25519,ecdsa_secp256r1_sha256,0,1306,290,0,-provider_default
150ms_1pct-564,2026-09-24T23:13:43+05:45,150ms_1pct,measure,ecdsa,X25519MLKEM768,563.844,1,X25519MLKEM768,ecdsa_secp256r1_sha256,0,2380,1466,0,-provider_default
150ms_1pct-565,2026-09-24T23:13:44+05:45,150ms_1pct,measure,mldsa,SecP256r1MLKEM768,628.384,1,SecP256r1MLKEM768,mldsa65,0,15914,1499,0,-provider_default
150ms_1pct-566,2026-09-24T23:13:44+05:45,150ms_1pct,measure,ecdsa,P-256,532.045,1,prime256v1,ecdsa_secp256r1_sha256,0,1339,323,0,-provider_default
150ms_1pct-567,2026-09-24T23:13:45+05:45,150ms_1pct,measure,mldsa,X25519MLKEM768,690.937,1,X25519MLKEM768,mldsa65,0,15867,1466,0,-provider_default
150ms_1pct-568,2026-09-24T23:13:46+05:45,150ms_1pct,measure,ecdsa,SecP256r1MLKEM768,532.060,1,SecP256r1MLKEM768,ecdsa_secp256r1_sha256,0,2427,1499,0,-provider_default
150ms_1pct-569,2026-09-24T23:13:46+05:45,150ms_1pct,measure,ecdsa,X25519MLKEM768,523.753,1,X25519MLKEM768,ecdsa_secp256r1_sha256,0,2381,1466,1,-provider_default
150ms_1pct-570,2026-09-24T23:13:47+05:45,150ms_1pct,measure,mldsa,X25519MLKEM768,718.727,1,X25519MLKEM768,mldsa65,0,15867,1466,0,-provider_default
150ms_1pct-571,2026-09-24T23:13:48+05:45,150ms_1pct,measure,ecdsa,X25519MLKEM768,488.566,1,X25519MLKEM768,ecdsa_secp256r1_sha256,0,2380,1466,0,-provider_default
150ms_1pct-572,2026-09-24T23:13:49+05:45,150ms_1pct,measure,mldsa,X25519MLKEM768,1241.653,1,X25519MLKEM768,mldsa65,0,15867,1466,0,-provider_default
150ms_1pct-573,2026-09-24T23:13:50+05:45,150ms_1pct,measure,ecdsa,SecP256r1MLKEM768,539.646,1,SecP256r1MLKEM768,ecdsa_secp256r1_sha256,0,2427,1499,0,-provider_default
150ms_1pct-574,2026-09-24T23:13:50+05:45,150ms_1pct,measure,ecdsa,SecP256r1MLKEM768,558.557,1,SecP256r1MLKEM768,ecdsa_secp256r1_sha256,0,2426,1499,0,-provider_default
150ms_1pct-575,2026-09-24T23:13:51+05:45,150ms_1pct,measure,mldsa,P-256,677.549,1,prime256v1,mldsa65,0,14826,323,0,-provider_default
150ms_1pct-576,2026-09-24T23:13:52+05:45,150ms_1pct,measure,ecdsa,P-256,538.515,1,prime256v1,ecdsa_secp256r1_sha256,0,1339,323,0,-provider_default
150ms_1pct-577,2026-09-24T23:13:53+05:45,150ms_1pct,measure,mldsa,X25519MLKEM768,702.335,1,X25519MLKEM768,mldsa65,0,15867,1466,0,-provider_default
150ms_1pct-578,2026-09-24T23:13:53+05:45,150ms_1pct,measure,ecdsa,P-256,573.541,1,prime256v1,ecdsa_secp256r1_sha256,0,1338,323,0,-provider_default
150ms_1pct-579,2026-09-24T23:13:54+05:45,150ms_1pct,measure,ecdsa,X25519MLKEM768,506.585,1,X25519MLKEM768,ecdsa_secp256r1_sha256,0,2379,1466,0,-provider_default
150ms_1pct-580,2026-09-24T23:13:55+05:45,150ms_1pct,measure,mldsa,SecP256r1MLKEM768,759.569,1,SecP256r1MLKEM768,mldsa65,0,15914,1499,0,-provider_default
150ms_1pct-581,2026-09-24T23:13:55+05:45,150ms_1pct,measure,ecdsa,P-256,517.650,1,prime256v1,ecdsa_secp256r1_sha256,0,1339,323,0,-provider_default
150ms_1pct-582,2026-09-24T23:13:56+05:45,150ms_1pct,measure,mldsa,X25519,693.345,1,X25519,mldsa65,0,14793,290,0,-provider_default
150ms_1pct-583,2026-09-24T23:13:57+05:45,150ms_1pct,measure,ecdsa,P-256,528.348,1,prime256v1,ecdsa_secp256r1_sha256,0,1338,323,0,-provider_default
150ms_1pct-584,2026-09-24T23:13:57+05:45,150ms_1pct,measure,ecdsa,X25519MLKEM768,549.871,1,X25519MLKEM768,ecdsa_secp256r1_sha256,0,2380,1466,0,-provider_default
150ms_1pct-585,2026-09-24T23:13:58+05:45,150ms_1pct,measure,mldsa,X25519MLKEM768,804.883,1,X25519MLKEM768,mldsa65,0,15867,1466,0,-provider_default
150ms_1pct-586,2026-09-24T23:13:59+05:45,150ms_1pct,measure,ecdsa,SecP256r1MLKEM768,556.069,1,SecP256r1MLKEM768,ecdsa_secp256r1_sha256,0,2428,1499,0,-provider_default
150ms_1pct-587,2026-09-24T23:14:00+05:45,150ms_1pct,measure,ecdsa,P-256,529.625,1,prime256v1,ecdsa_secp256r1_sha256,0,1340,323,0,-provider_default
150ms_1pct-588,2026-09-24T23:14:00+05:45,150ms_1pct,measure,ecdsa,P-256,650.852,1,prime256v1,ecdsa_secp256r1_sha256,0,1338,323,0,-provider_default
150ms_1pct-589,2026-09-24T23:14:01+05:45,150ms_1pct,measure,mldsa,P-256,870.457,1,prime256v1,mldsa65,0,14826,323,0,-provider_default
150ms_1pct-590,2026-09-24T23:14:02+05:45,150ms_1pct,measure,mldsa,P-256,653.379,1,prime256v1,mldsa65,0,14826,323,0,-provider_default
150ms_1pct-591,2026-09-24T23:14:03+05:45,150ms_1pct,measure,ecdsa,X25519MLKEM768,494.069,1,X25519MLKEM768,ecdsa_secp256r1_sha256,0,2380,1466,0,-provider_default
150ms_1pct-592,2026-09-24T23:14:03+05:45,150ms_1pct,measure,mldsa,SecP256r1MLKEM768,687.229,1,SecP256r1MLKEM768,mldsa65,0,15914,1499,0,-provider_default
150ms_1pct-593,2026-09-24T23:14:05+05:45,150ms_1pct,measure,mldsa,X25519,1021.087,1,X25519,mldsa65,0,14793,290,1,-provider_default
150ms_1pct-594,2026-09-24T23:14:05+05:45,150ms_1pct,measure,mldsa,X25519,792.027,1,X25519,mldsa65,0,14793,290,0,-provider_default
150ms_1pct-595,2026-09-24T23:14:06+05:45,150ms_1pct,measure,mldsa,P-256,708.351,1,prime256v1,mldsa65,0,14826,323,0,-provider_default
150ms_1pct-596,2026-09-24T23:14:07+05:45,150ms_1pct,measure,ecdsa,SecP256r1MLKEM768,488.833,1,SecP256r1MLKEM768,ecdsa_secp256r1_sha256,0,2428,1499,0,-provider_default
150ms_1pct-597,2026-09-24T23:14:08+05:45,150ms_1pct,measure,mldsa,X25519,792.476,1,X25519,mldsa65,0,14793,290,0,-provider_default
150ms_1pct-598,2026-09-24T23:14:08+05:45,150ms_1pct,measure,ecdsa,X25519MLKEM768,546.238,1,X25519MLKEM768,ecdsa_secp256r1_sha256,0,2379,1466,0,-provider_default
150ms_1pct-599,2026-09-24T23:14:09+05:45,150ms_1pct,measure,mldsa,SecP256r1MLKEM768,667.854,1,SecP256r1MLKEM768,mldsa65,0,15914,1499,0,-provider_default
150ms_1pct-600,2026-09-24T23:14:10+05:45,150ms_1pct,measure,ecdsa,X25519,500.360,1,X25519,ecdsa_secp256r1_sha256,0,1306,290,0,-provider_default
150ms_1pct-601,2026-09-24T23:14:10+05:45,150ms_1pct,measure,mldsa,SecP256r1MLKEM768,800.472,1,SecP256r1MLKEM768,mldsa65,0,15914,1499,0,-provider_default
150ms_1pct-602,2026-09-24T23:14:11+05:45,150ms_1pct,measure,mldsa,X25519,708.632,1,X25519,mldsa65,0,14793,290,0,-provider_default
150ms_1pct-603,2026-09-24T23:14:13+05:45,150ms_1pct,measure,mldsa,X25519,1779.353,1,X25519,mldsa65,0,14793,290,1,-provider_default
150ms_1pct-604,2026-09-24T23:14:14+05:45,150ms_1pct,measure,ecdsa,SecP256r1MLKEM768,870.102,1,SecP256r1MLKEM768,ecdsa_secp256r1_sha256,0,2428,1499,0,-provider_default
150ms_1pct-605,2026-09-24T23:14:15+05:45,150ms_1pct,measure,mldsa,P-256,750.612,1,prime256v1,mldsa65,0,14826,323,0,-provider_default
150ms_1pct-606,2026-09-24T23:14:16+05:45,150ms_1pct,measure,mldsa,X25519MLKEM768,675.265,1,X25519MLKEM768,mldsa65,0,15867,1466,0,-provider_default
150ms_1pct-607,2026-09-24T23:14:16+05:45,150ms_1pct,measure,mldsa,X25519MLKEM768,683.741,1,X25519MLKEM768,mldsa65,0,15867,1466,0,-provider_default
150ms_1pct-608,2026-09-24T23:14:17+05:45,150ms_1pct,measure,ecdsa,P-256,630.317,1,prime256v1,ecdsa_secp256r1_sha256,0,1339,323,0,-provider_default
150ms_1pct-609,2026-09-24T23:14:18+05:45,150ms_1pct,measure,mldsa,X25519,693.378,1,X25519,mldsa65,0,14793,290,0,-provider_default
150ms_1pct-610,2026-09-24T23:14:19+05:45,150ms_1pct,measure,ecdsa,X25519,511.093,1,X25519,ecdsa_secp256r1_sha256,0,1306,290,0,-provider_default
150ms_1pct-611,2026-09-24T23:14:20+05:45,150ms_1pct,measure,mldsa,X25519,826.606,1,X25519,mldsa65,0,14793,290,0,-provider_default
150ms_1pct-612,2026-09-24T23:14:21+05:45,150ms_1pct,measure,mldsa,SecP256r1MLKEM768,1215.304,1,SecP256r1MLKEM768,mldsa65,0,15914,1499,0,-provider_default
150ms_1pct-613,2026-09-24T23:14:23+05:45,150ms_1pct,measure,mldsa,X25519MLKEM768,1623.932,1,X25519MLKEM768,mldsa65,0,15867,1466,1,-provider_default
150ms_1pct-614,2026-09-24T23:14:24+05:45,150ms_1pct,measure,mldsa,SecP256r1MLKEM768,1005.401,1,SecP256r1MLKEM768,mldsa65,0,15914,1499,0,-provider_default
150ms_1pct-615,2026-09-24T23:14:24+05:45,150ms_1pct,measure,ecdsa,P-256,737.654,1,prime256v1,ecdsa_secp256r1_sha256,0,1339,323,1,-provider_default
150ms_1pct-616,2026-09-24T23:14:25+05:45,150ms_1pct,measure,mldsa,X25519MLKEM768,738.117,1,X25519MLKEM768,mldsa65,0,15867,1466,0,-provider_default
150ms_1pct-617,2026-09-24T23:14:26+05:45,150ms_1pct,measure,ecdsa,X25519,549.908,1,X25519,ecdsa_secp256r1_sha256,0,1306,290,0,-provider_default
150ms_1pct-618,2026-09-24T23:14:27+05:45,150ms_1pct,measure,mldsa,X25519,715.923,1,X25519,mldsa65,0,14793,290,0,-provider_default
150ms_1pct-619,2026-09-24T23:14:27+05:45,150ms_1pct,measure,ecdsa,X25519,543.003,1,X25519,ecdsa_secp256r1_sha256,0,1306,290,0,-provider_default
150ms_1pct-620,2026-09-24T23:14:29+05:45,150ms_1pct,measure,ecdsa,X25519MLKEM768,1197.281,1,X25519MLKEM768,ecdsa_secp256r1_sha256,0,2381,1466,1,-provider_default
150ms_1pct-621,2026-09-24T23:14:29+05:45,150ms_1pct,measure,ecdsa,SecP256r1MLKEM768,546.641,1,SecP256r1MLKEM768,ecdsa_secp256r1_sha256,0,2426,1499,0,-provider_default
150ms_1pct-622,2026-09-24T23:14:30+05:45,150ms_1pct,measure,mldsa,P-256,848.320,1,prime256v1,mldsa65,0,14826,323,0,-provider_default
150ms_1pct-623,2026-09-24T23:14:31+05:45,150ms_1pct,measure,ecdsa,SecP256r1MLKEM768,815.965,1,SecP256r1MLKEM768,ecdsa_secp256r1_sha256,0,2427,1499,0,-provider_default
150ms_1pct-624,2026-09-24T23:14:32+05:45,150ms_1pct,measure,ecdsa,SecP256r1MLKEM768,549.572,1,SecP256r1MLKEM768,ecdsa_secp256r1_sha256,0,2426,1499,0,-provider_default
150ms_1pct-625,2026-09-24T23:14:32+05:45,150ms_1pct,measure,mldsa,X25519MLKEM768,634.941,1,X25519MLKEM768,mldsa65,0,15867,1466,0,-provider_default
150ms_1pct-626,2026-09-24T23:14:33+05:45,150ms_1pct,measure,mldsa,X25519,905.921,1,X25519,mldsa65,0,14793,290,0,-provider_default
150ms_1pct-627,2026-09-24T23:14:34+05:45,150ms_1pct,measure,ecdsa,SecP256r1MLKEM768,522.028,1,SecP256r1MLKEM768,ecdsa_secp256r1_sha256,0,2426,1499,0,-provider_default
150ms_1pct-628,2026-09-24T23:14:35+05:45,150ms_1pct,measure,mldsa,X25519,694.729,1,X25519,mldsa65,0,14793,290,0,-provider_default
150ms_1pct-629,2026-09-24T23:14:35+05:45,150ms_1pct,measure,ecdsa,P-256,539.305,1,prime256v1,ecdsa_secp256r1_sha256,0,1339,323,0,-provider_default
150ms_1pct-630,2026-09-24T23:14:36+05:45,150ms_1pct,measure,ecdsa,X25519MLKEM768,521.036,1,X25519MLKEM768,ecdsa_secp256r1_sha256,0,2381,1466,0,-provider_default
150ms_1pct-631,2026-09-24T23:14:37+05:45,150ms_1pct,measure,mldsa,P-256,766.635,1,prime256v1,mldsa65,0,14826,323,0,-provider_default
150ms_1pct-632,2026-09-24T23:14:37+05:45,150ms_1pct,measure,ecdsa,X25519MLKEM768,496.187,1,X25519MLKEM768,ecdsa_secp256r1_sha256,0,2381,1466,0,-provider_default
150ms_1pct-633,2026-09-24T23:14:38+05:45,150ms_1pct,measure,ecdsa,X25519,570.513,1,X25519,ecdsa_secp256r1_sha256,0,1306,290,0,-provider_default
150ms_1pct-634,2026-09-24T23:14:39+05:45,150ms_1pct,measure,mldsa,SecP256r1MLKEM768,667.716,1,SecP256r1MLKEM768,mldsa65,0,15914,1499,0,-provider_default
150ms_1pct-635,2026-09-24T23:14:40+05:45,150ms_1pct,measure,mldsa,X25519,831.006,1,X25519,mldsa65,0,14793,290,0,-provider_default
150ms_1pct-636,2026-09-24T23:14:41+05:45,150ms_1pct,measure,ecdsa,X25519MLKEM768,643.963,1,X25519MLKEM768,ecdsa_secp256r1_sha256,0,2381,1466,0,-provider_default
150ms_1pct-637,2026-09-24T23:14:43+05:45,150ms_1pct,measure,mldsa,SecP256r1MLKEM768,2183.256,1,SecP256r1MLKEM768,mldsa65,0,15914,1499,1,-provider_default
150ms_1pct-638,2026-09-24T23:14:44+05:45,150ms_1pct,measure,ecdsa,P-256,696.889,1,prime256v1,ecdsa_secp256r1_sha256,0,1340,323,0,-provider_default
150ms_1pct-639,2026-09-24T23:14:45+05:45,150ms_1pct,measure,ecdsa,SecP256r1MLKEM768,815.106,1,SecP256r1MLKEM768,ecdsa_secp256r1_sha256,0,2427,1499,1,-provider_default
150ms_1pct-640,2026-09-24T23:14:45+05:45,150ms_1pct,measure,mldsa,SecP256r1MLKEM768,700.986,1,SecP256r1MLKEM768,mldsa65,0,15914,1499,0,-provider_default
150ms_1pct-641,2026-09-24T23:14:46+05:45,150ms_1pct,measure,ecdsa,X25519,634.745,1,X25519,ecdsa_secp256r1_sha256,0,1305,290,0,-provider_default
150ms_1pct-642,2026-09-24T23:14:47+05:45,150ms_1pct,measure,ecdsa,SecP256r1MLKEM768,729.111,1,SecP256r1MLKEM768,ecdsa_secp256r1_sha256,0,2427,1499,0,-provider_default
150ms_1pct-643,2026-09-24T23:14:48+05:45,150ms_1pct,measure,mldsa,P-256,716.195,1,prime256v1,mldsa65,0,14826,323,0,-provider_default
150ms_1pct-644,2026-09-24T23:14:49+05:45,150ms_1pct,measure,mldsa,X25519,706.165,1,X25519,mldsa65,0,14793,290,0,-provider_default
150ms_1pct-645,2026-09-24T23:14:49+05:45,150ms_1pct,measure,ecdsa,P-256,710.956,1,prime256v1,ecdsa_secp256r1_sha256,0,1338,323,0,-provider_default
150ms_1pct-646,2026-09-24T23:14:50+05:45,150ms_1pct,measure,ecdsa,SecP256r1MLKEM768,611.598,1,SecP256r1MLKEM768,ecdsa_secp256r1_sha256,0,2427,1499,0,-provider_default
150ms_1pct-647,2026-09-24T23:14:51+05:45,150ms_1pct,measure,ecdsa,X25519MLKEM768,602.386,1,X25519MLKEM768,ecdsa_secp256r1_sha256,0,2381,1466,0,-provider_default
150ms_1pct-648,2026-09-24T23:14:51+05:45,150ms_1pct,measure,mldsa,X25519,678.256,1,X25519,mldsa65,0,14793,290,0,-provider_default
150ms_1pct-649,2026-09-24T23:14:52+05:45,150ms_1pct,measure,mldsa,X25519MLKEM768,886.139,1,X25519MLKEM768,mldsa65,0,15867,1466,0,-provider_default
150ms_1pct-650,2026-09-24T23:14:53+05:45,150ms_1pct,measure,ecdsa,SecP256r1MLKEM768,508.420,1,SecP256r1MLKEM768,ecdsa_secp256r1_sha256,0,2427,1499,0,-provider_default
150ms_1pct-651,2026-09-24T23:14:54+05:45,150ms_1pct,measure,ecdsa,X25519MLKEM768,597.130,1,X25519MLKEM768,ecdsa_secp256r1_sha256,0,2380,1466,0,-provider_default
150ms_1pct-652,2026-09-24T23:14:54+05:45,150ms_1pct,measure,ecdsa,X25519,530.575,1,X25519,ecdsa_secp256r1_sha256,0,1307,290,0,-provider_default
150ms_1pct-653,2026-09-24T23:14:56+05:45,150ms_1pct,measure,mldsa,X25519,1031.839,1,X25519,mldsa65,0,14793,290,1,-provider_default
150ms_1pct-654,2026-09-24T23:14:56+05:45,150ms_1pct,measure,ecdsa,P-256,544.785,1,prime256v1,ecdsa_secp256r1_sha256,0,1340,323,0,-provider_default
150ms_1pct-655,2026-09-24T23:14:57+05:45,150ms_1pct,measure,ecdsa,X25519MLKEM768,641.266,1,X25519MLKEM768,ecdsa_secp256r1_sha256,0,2379,1466,1,-provider_default
150ms_1pct-656,2026-09-24T23:14:58+05:45,150ms_1pct,measure,ecdsa,X25519,522.410,1,X25519,ecdsa_secp256r1_sha256,0,1306,290,0,-provider_default
150ms_1pct-657,2026-09-24T23:14:58+05:45,150ms_1pct,measure,mldsa,SecP256r1MLKEM768,660.582,1,SecP256r1MLKEM768,mldsa65,0,15914,1499,0,-provider_default
150ms_1pct-658,2026-09-24T23:14:59+05:45,150ms_1pct,measure,ecdsa,X25519MLKEM768,574.775,1,X25519MLKEM768,ecdsa_secp256r1_sha256,0,2379,1466,0,-provider_default
150ms_1pct-659,2026-09-24T23:15:00+05:45,150ms_1pct,measure,ecdsa,SecP256r1MLKEM768,614.379,1,SecP256r1MLKEM768,ecdsa_secp256r1_sha256,0,2427,1499,0,-provider_default
150ms_1pct-660,2026-09-24T23:15:01+05:45,150ms_1pct,measure,mldsa,SecP256r1MLKEM768,752.564,1,SecP256r1MLKEM768,mldsa65,0,15914,1499,0,-provider_default
150ms_1pct-661,2026-09-24T23:15:02+05:45,150ms_1pct,measure,ecdsa,X25519,620.381,1,X25519,ecdsa_secp256r1_sha256,0,1305,290,0,-provider_default
150ms_1pct-662,2026-09-24T23:15:02+05:45,150ms_1pct,measure,ecdsa,X25519,548.901,1,X25519,ecdsa_secp256r1_sha256,0,1306,290,0,-provider_default
150ms_1pct-663,2026-09-24T23:15:03+05:45,150ms_1pct,measure,mldsa,X25519MLKEM768,736.891,1,X25519MLKEM768,mldsa65,0,15867,1466,0,-provider_default
150ms_1pct-664,2026-09-24T23:15:04+05:45,150ms_1pct,measure,mldsa,X25519,802.194,1,X25519,mldsa65,0,14793,290,0,-provider_default
150ms_1pct-665,2026-09-24T23:15:05+05:45,150ms_1pct,measure,mldsa,X25519MLKEM768,680.918,1,X25519MLKEM768,mldsa65,0,15867,1466,1,-provider_default
150ms_1pct-666,2026-09-24T23:15:06+05:45,150ms_1pct,measure,mldsa,SecP256r1MLKEM768,673.738,1,SecP256r1MLKEM768,mldsa65,0,15914,1499,0,-provider_default
150ms_1pct-667,2026-09-24T23:15:07+05:45,150ms_1pct,measure,ecdsa,X25519,543.142,1,X25519,ecdsa_secp256r1_sha256,0,1305,290,0,-provider_default
150ms_1pct-668,2026-09-24T23:15:07+05:45,150ms_1pct,measure,mldsa,SecP256r1MLKEM768,727.288,1,SecP256r1MLKEM768,mldsa65,0,15914,1499,0,-provider_default
150ms_1pct-669,2026-09-24T23:15:08+05:45,150ms_1pct,measure,ecdsa,P-256,719.886,1,prime256v1,ecdsa_secp256r1_sha256,0,1339,323,1,-provider_default
150ms_1pct-670,2026-09-24T23:15:09+05:45,150ms_1pct,measure,ecdsa,P-256,564.453,1,prime256v1,ecdsa_secp256r1_sha256,0,1338,323,0,-provider_default
150ms_1pct-671,2026-09-24T23:15:10+05:45,150ms_1pct,measure,ecdsa,SecP256r1MLKEM768,575.563,1,SecP256r1MLKEM768,ecdsa_secp256r1_sha256,0,2427,1499,0,-provider_default
150ms_1pct-672,2026-09-24T23:15:11+05:45,150ms_1pct,measure,mldsa,SecP256r1MLKEM768,960.053,1,SecP256r1MLKEM768,mldsa65,0,15914,1499,0,-provider_default
150ms_1pct-673,2026-09-24T23:15:12+05:45,150ms_1pct,measure,mldsa,X25519MLKEM768,769.799,1,X25519MLKEM768,mldsa65,0,15867,1466,0,-provider_default
150ms_1pct-674,2026-09-24T23:15:13+05:45,150ms_1pct,measure,mldsa,P-256,773.450,1,prime256v1,mldsa65,0,14826,323,0,-provider_default
150ms_1pct-675,2026-09-24T23:15:13+05:45,150ms_1pct,measure,ecdsa,SecP256r1MLKEM768,544.845,1,SecP256r1MLKEM768,ecdsa_secp256r1_sha256,0,2426,1499,0,-provider_default
150ms_1pct-676,2026-09-24T23:15:14+05:45,150ms_1pct,measure,mldsa,P-256,1020.655,1,prime256v1,mldsa65,0,14826,323,1,-provider_default
150ms_1pct-677,2026-09-24T23:15:15+05:45,150ms_1pct,measure,ecdsa,X25519MLKEM768,590.802,1,X25519MLKEM768,ecdsa_secp256r1_sha256,0,2380,1466,0,-provider_default
150ms_1pct-678,2026-09-24T23:15:16+05:45,150ms_1pct,measure,mldsa,X25519MLKEM768,717.638,1,X25519MLKEM768,mldsa65,0,15867,1466,0,-provider_default
150ms_1pct-679,2026-09-24T23:15:17+05:45,150ms_1pct,measure,mldsa,P-256,823.252,1,prime256v1,mldsa65,0,14826,323,0,-provider_default
150ms_1pct-680,2026-09-24T23:15:18+05:45,150ms_1pct,measure,mldsa,X25519,684.950,1,X25519,mldsa65,0,14793,290,0,-provider_default
150ms_1pct-681,2026-09-24T23:15:19+05:45,150ms_1pct,measure,mldsa,P-256,669.734,1,prime256v1,mldsa65,0,14826,323,0,-provider_default
150ms_1pct-682,2026-09-24T23:15:19+05:45,150ms_1pct,measure,mldsa,X25519,728.042,1,X25519,mldsa65,0,14793,290,0,-provider_default
150ms_1pct-683,2026-09-24T23:15:20+05:45,150ms_1pct,measure,ecdsa,P-256,541.488,1,prime256v1,ecdsa_secp256r1_sha256,0,1339,323,0,-provider_default
150ms_1pct-684,2026-09-24T23:15:21+05:45,150ms_1pct,measure,mldsa,X25519MLKEM768,796.588,1,X25519MLKEM768,mldsa65,0,15867,1466,0,-provider_default
150ms_1pct-685,2026-09-24T23:15:22+05:45,150ms_1pct,measure,ecdsa,P-256,632.508,1,prime256v1,ecdsa_secp256r1_sha256,0,1338,323,0,-provider_default
150ms_1pct-686,2026-09-24T23:15:22+05:45,150ms_1pct,measure,ecdsa,X25519MLKEM768,513.359,1,X25519MLKEM768,ecdsa_secp256r1_sha256,0,2380,1466,0,-provider_default
150ms_1pct-687,2026-09-24T23:15:23+05:45,150ms_1pct,measure,ecdsa,X25519MLKEM768,584.865,1,X25519MLKEM768,ecdsa_secp256r1_sha256,0,2380,1466,0,-provider_default
150ms_1pct-688,2026-09-24T23:15:24+05:45,150ms_1pct,measure,ecdsa,X25519,550.801,1,X25519,ecdsa_secp256r1_sha256,0,1307,290,0,-provider_default
150ms_1pct-689,2026-09-24T23:15:25+05:45,150ms_1pct,measure,ecdsa,X25519MLKEM768,612.433,1,X25519MLKEM768,ecdsa_secp256r1_sha256,0,2380,1466,0,-provider_default
150ms_1pct-690,2026-09-24T23:15:25+05:45,150ms_1pct,measure,ecdsa,X25519MLKEM768,573.813,1,X25519MLKEM768,ecdsa_secp256r1_sha256,0,2381,1466,0,-provider_default
150ms_1pct-691,2026-09-24T23:15:26+05:45,150ms_1pct,measure,ecdsa,SecP256r1MLKEM768,691.702,1,SecP256r1MLKEM768,ecdsa_secp256r1_sha256,0,2428,1499,1,-provider_default
150ms_1pct-692,2026-09-24T23:15:27+05:45,150ms_1pct,measure,ecdsa,X25519MLKEM768,536.335,1,X25519MLKEM768,ecdsa_secp256r1_sha256,0,2380,1466,0,-provider_default
150ms_1pct-693,2026-09-24T23:15:27+05:45,150ms_1pct,measure,ecdsa,X25519,524.132,1,X25519,ecdsa_secp256r1_sha256,0,1305,290,0,-provider_default
150ms_1pct-694,2026-09-24T23:15:28+05:45,150ms_1pct,measure,mldsa,X25519,783.020,1,X25519,mldsa65,0,14793,290,0,-provider_default
150ms_1pct-695,2026-09-24T23:15:29+05:45,150ms_1pct,measure,ecdsa,SecP256r1MLKEM768,527.906,1,SecP256r1MLKEM768,ecdsa_secp256r1_sha256,0,2427,1499,0,-provider_default
150ms_1pct-696,2026-09-24T23:15:30+05:45,150ms_1pct,measure,ecdsa,P-256,599.658,1,prime256v1,ecdsa_secp256r1_sha256,0,1338,323,0,-provider_default
150ms_1pct-697,2026-09-24T23:15:30+05:45,150ms_1pct,measure,ecdsa,X25519,561.048,1,X25519,ecdsa_secp256r1_sha256,0,1306,290,0,-provider_default
150ms_1pct-698,2026-09-24T23:15:31+05:45,150ms_1pct,measure,ecdsa,X25519,593.538,1,X25519,ecdsa_secp256r1_sha256,0,1305,290,0,-provider_default
150ms_1pct-699,2026-09-24T23:15:32+05:45,150ms_1pct,measure,ecdsa,X25519,530.647,1,X25519,ecdsa_secp256r1_sha256,0,1307,290,0,-provider_default
150ms_1pct-700,2026-09-24T23:15:33+05:45,150ms_1pct,measure,ecdsa,X25519MLKEM768,646.846,1,X25519MLKEM768,ecdsa_secp256r1_sha256,0,2380,1466,0,-provider_default
150ms_1pct-701,2026-09-24T23:15:33+05:45,150ms_1pct,measure,ecdsa,SecP256r1MLKEM768,531.211,1,SecP256r1MLKEM768,ecdsa_secp256r1_sha256,0,2428,1499,0,-provider_default
150ms_1pct-702,2026-09-24T23:15:34+05:45,150ms_1pct,measure,mldsa,X25519,766.450,1,X25519,mldsa65,0,14793,290,0,-provider_default
150ms_1pct-703,2026-09-24T23:15:35+05:45,150ms_1pct,measure,ecdsa,X25519MLKEM768,575.945,1,X25519MLKEM768,ecdsa_secp256r1_sha256,0,2379,1466,0,-provider_default
150ms_1pct-704,2026-09-24T23:15:36+05:45,150ms_1pct,measure,mldsa,X25519,747.209,1,X25519,mldsa65,0,14793,290,0,-provider_default
150ms_1pct-705,2026-09-24T23:15:37+05:45,150ms_1pct,measure,ecdsa,SecP256r1MLKEM768,656.961,1,SecP256r1MLKEM768,ecdsa_secp256r1_sha256,0,2427,1499,0,-provider_default
150ms_1pct-706,2026-09-24T23:15:37+05:45,150ms_1pct,measure,ecdsa,X25519MLKEM768,730.061,1,X25519MLKEM768,ecdsa_secp256r1_sha256,0,2379,1466,0,-provider_default
150ms_1pct-707,2026-09-24T23:15:38+05:45,150ms_1pct,measure,mldsa,SecP256r1MLKEM768,829.203,1,SecP256r1MLKEM768,mldsa65,0,15914,1499,0,-provider_default
150ms_1pct-708,2026-09-24T23:15:39+05:45,150ms_1pct,measure,ecdsa,SecP256r1MLKEM768,611.570,1,SecP256r1MLKEM768,ecdsa_secp256r1_sha256,0,2427,1499,0,-provider_default
150ms_1pct-709,2026-09-24T23:15:40+05:45,150ms_1pct,measure,mldsa,X25519MLKEM768,882.517,1,X25519MLKEM768,mldsa65,0,15867,1466,0,-provider_default
150ms_1pct-710,2026-09-24T23:15:41+05:45,150ms_1pct,measure,mldsa,P-256,734.151,1,prime256v1,mldsa65,0,14826,323,0,-provider_default
150ms_1pct-711,2026-09-24T23:15:42+05:45,150ms_1pct,measure,ecdsa,X25519MLKEM768,1097.923,1,X25519MLKEM768,ecdsa_secp256r1_sha256,0,2381,1466,0,-provider_default
150ms_1pct-712,2026-09-24T23:15:43+05:45,150ms_1pct,measure,mldsa,X25519MLKEM768,685.135,1,X25519MLKEM768,mldsa65,0,15867,1466,0,-provider_default
150ms_1pct-713,2026-09-24T23:15:44+05:45,150ms_1pct,measure,mldsa,X25519MLKEM768,712.999,1,X25519MLKEM768,mldsa65,0,15867,1466,0,-provider_default
150ms_1pct-714,2026-09-24T23:15:45+05:45,150ms_1pct,measure,ecdsa,X25519MLKEM768,750.592,1,X25519MLKEM768,ecdsa_secp256r1_sha256,0,2380,1466,0,-provider_default
150ms_1pct-715,2026-09-24T23:15:45+05:45,150ms_1pct,measure,ecdsa,P-256,556.202,1,prime256v1,ecdsa_secp256r1_sha256,0,1340,323,0,-provider_default
150ms_1pct-716,2026-09-24T23:15:46+05:45,150ms_1pct,measure,ecdsa,X25519MLKEM768,879.761,1,X25519MLKEM768,ecdsa_secp256r1_sha256,0,2380,1466,0,-provider_default
150ms_1pct-717,2026-09-24T23:15:47+05:45,150ms_1pct,measure,ecdsa,X25519,498.615,1,X25519,ecdsa_secp256r1_sha256,0,1306,290,0,-provider_default
150ms_1pct-718,2026-09-24T23:15:48+05:45,150ms_1pct,measure,mldsa,X25519MLKEM768,870.669,1,X25519MLKEM768,mldsa65,0,15867,1466,0,-provider_default
150ms_1pct-719,2026-09-24T23:15:49+05:45,150ms_1pct,measure,ecdsa,X25519,632.242,1,X25519,ecdsa_secp256r1_sha256,0,1307,290,0,-provider_default
150ms_1pct-720,2026-09-24T23:15:50+05:45,150ms_1pct,measure,ecdsa,SecP256r1MLKEM768,806.674,1,SecP256r1MLKEM768,ecdsa_secp256r1_sha256,0,2428,1499,0,-provider_default
150ms_1pct-721,2026-09-24T23:15:51+05:45,150ms_1pct,measure,mldsa,P-256,734.742,1,prime256v1,mldsa65,0,14826,323,0,-provider_default
150ms_1pct-722,2026-09-24T23:15:52+05:45,150ms_1pct,measure,mldsa,X25519MLKEM768,929.948,1,X25519MLKEM768,mldsa65,0,15867,1466,0,-provider_default
150ms_1pct-723,2026-09-24T23:15:52+05:45,150ms_1pct,measure,ecdsa,P-256,510.984,1,prime256v1,ecdsa_secp256r1_sha256,0,1340,323,0,-provider_default
150ms_1pct-724,2026-09-24T23:15:53+05:45,150ms_1pct,measure,ecdsa,X25519,535.431,1,X25519,ecdsa_secp256r1_sha256,0,1305,290,0,-provider_default
150ms_1pct-725,2026-09-24T23:15:54+05:45,150ms_1pct,measure,mldsa,SecP256r1MLKEM768,695.725,1,SecP256r1MLKEM768,mldsa65,0,15914,1499,0,-provider_default
150ms_1pct-726,2026-09-24T23:15:55+05:45,150ms_1pct,measure,mldsa,X25519MLKEM768,670.000,1,X25519MLKEM768,mldsa65,0,15867,1466,0,-provider_default
150ms_1pct-727,2026-09-24T23:15:55+05:45,150ms_1pct,measure,ecdsa,P-256,561.766,1,prime256v1,ecdsa_secp256r1_sha256,0,1340,323,0,-provider_default
150ms_1pct-728,2026-09-24T23:15:56+05:45,150ms_1pct,measure,mldsa,X25519MLKEM768,807.076,1,X25519MLKEM768,mldsa65,0,15867,1466,0,-provider_default
150ms_1pct-729,2026-09-24T23:15:57+05:45,150ms_1pct,measure,mldsa,X25519,889.850,1,X25519,mldsa65,0,14793,290,0,-provider_default
150ms_1pct-730,2026-09-24T23:15:58+05:45,150ms_1pct,measure,mldsa,X25519,689.172,1,X25519,mldsa65,0,14793,290,0,-provider_default
150ms_1pct-731,2026-09-24T23:15:59+05:45,150ms_1pct,measure,ecdsa,X25519MLKEM768,821.520,1,X25519MLKEM768,ecdsa_secp256r1_sha256,0,2380,1466,0,-provider_default
150ms_1pct-732,2026-09-24T23:16:00+05:45,150ms_1pct,measure,ecdsa,X25519MLKEM768,836.020,1,X25519MLKEM768,ecdsa_secp256r1_sha256,0,2380,1466,0,-provider_default
150ms_1pct-733,2026-09-24T23:16:01+05:45,150ms_1pct,measure,mldsa,X25519,703.634,1,X25519,mldsa65,0,14793,290,0,-provider_default
150ms_1pct-734,2026-09-24T23:16:02+05:45,150ms_1pct,measure,mldsa,SecP256r1MLKEM768,718.717,1,SecP256r1MLKEM768,mldsa65,0,15914,1499,0,-provider_default
150ms_1pct-735,2026-09-24T23:16:02+05:45,150ms_1pct,measure,mldsa,X25519,725.078,1,X25519,mldsa65,0,14793,290,0,-provider_default
150ms_1pct-736,2026-09-24T23:16:03+05:45,150ms_1pct,measure,ecdsa,X25519MLKEM768,515.612,1,X25519MLKEM768,ecdsa_secp256r1_sha256,0,2380,1466,0,-provider_default
150ms_1pct-737,2026-09-24T23:16:04+05:45,150ms_1pct,measure,ecdsa,X25519,510.492,1,X25519,ecdsa_secp256r1_sha256,0,1306,290,0,-provider_default
150ms_1pct-738,2026-09-24T23:16:04+05:45,150ms_1pct,measure,ecdsa,X25519MLKEM768,551.658,1,X25519MLKEM768,ecdsa_secp256r1_sha256,0,2379,1466,0,-provider_default
150ms_1pct-739,2026-09-24T23:16:05+05:45,150ms_1pct,measure,ecdsa,SecP256r1MLKEM768,615.923,1,SecP256r1MLKEM768,ecdsa_secp256r1_sha256,0,2428,1499,0,-provider_default
150ms_1pct-740,2026-09-24T23:16:06+05:45,150ms_1pct,measure,ecdsa,SecP256r1MLKEM768,564.318,1,SecP256r1MLKEM768,ecdsa_secp256r1_sha256,0,2426,1499,0,-provider_default
150ms_1pct-741,2026-09-24T23:16:07+05:45,150ms_1pct,measure,mldsa,X25519MLKEM768,778.651,1,X25519MLKEM768,mldsa65,0,15867,1466,0,-provider_default
150ms_1pct-742,2026-09-24T23:16:08+05:45,150ms_1pct,measure,mldsa,X25519,725.947,1,X25519,mldsa65,0,14793,290,0,-provider_default
150ms_1pct-743,2026-09-24T23:16:08+05:45,150ms_1pct,measure,mldsa,P-256,691.594,1,prime256v1,mldsa65,0,14826,323,0,-provider_default
150ms_1pct-744,2026-09-24T23:16:09+05:45,150ms_1pct,measure,ecdsa,X25519MLKEM768,557.175,1,X25519MLKEM768,ecdsa_secp256r1_sha256,0,2381,1466,0,-provider_default
150ms_1pct-745,2026-09-24T23:16:10+05:45,150ms_1pct,measure,mldsa,X25519MLKEM768,710.684,1,X25519MLKEM768,mldsa65,0,15867,1466,0,-provider_default
150ms_1pct-746,2026-09-24T23:16:11+05:45,150ms_1pct,measure,ecdsa,P-256,516.068,1,prime256v1,ecdsa_secp256r1_sha256,0,1338,323,0,-provider_default
150ms_1pct-747,2026-09-24T23:16:11+05:45,150ms_1pct,measure,ecdsa,X25519,579.639,1,X25519,ecdsa_secp256r1_sha256,0,1307,290,0,-provider_default
150ms_1pct-748,2026-09-24T23:16:12+05:45,150ms_1pct,measure,ecdsa,X25519MLKEM768,666.252,1,X25519MLKEM768,ecdsa_secp256r1_sha256,0,2379,1466,0,-provider_default
150ms_1pct-749,2026-09-24T23:16:13+05:45,150ms_1pct,measure,ecdsa,X25519MLKEM768,518.471,1,X25519MLKEM768,ecdsa_secp256r1_sha256,0,2381,1466,0,-provider_default
150ms_1pct-750,2026-09-24T23:16:14+05:45,150ms_1pct,measure,mldsa,SecP256r1MLKEM768,693.466,1,SecP256r1MLKEM768,mldsa65,0,15914,1499,0,-provider_default
150ms_1pct-751,2026-09-24T23:16:14+05:45,150ms_1pct,measure,ecdsa,X25519,501.552,1,X25519,ecdsa_secp256r1_sha256,0,1307,290,0,-provider_default
150ms_1pct-752,2026-09-24T23:16:15+05:45,150ms_1pct,measure,ecdsa,P-256,555.649,1,prime256v1,ecdsa_secp256r1_sha256,0,1339,323,0,-provider_default
150ms_1pct-753,2026-09-24T23:16:15+05:45,150ms_1pct,measure,ecdsa,X25519,498.999,1,X25519,ecdsa_secp256r1_sha256,0,1306,290,0,-provider_default
150ms_1pct-754,2026-09-24T23:16:16+05:45,150ms_1pct,measure,mldsa,X25519,651.123,1,X25519,mldsa65,0,14793,290,0,-provider_default
150ms_1pct-755,2026-09-24T23:16:17+05:45,150ms_1pct,measure,mldsa,P-256,700.248,1,prime256v1,mldsa65,0,14826,323,0,-provider_default
150ms_1pct-756,2026-09-24T23:16:18+05:45,150ms_1pct,measure,mldsa,SecP256r1MLKEM768,937.318,1,SecP256r1MLKEM768,mldsa65,0,15914,1499,0,-provider_default
150ms_1pct-757,2026-09-24T23:16:19+05:45,150ms_1pct,measure,mldsa,SecP256r1MLKEM768,731.586,1,SecP256r1MLKEM768,mldsa65,0,15914,1499,0,-provider_default
150ms_1pct-758,2026-09-24T23:16:20+05:45,150ms_1pct,measure,mldsa,P-256,868.398,1,prime256v1,mldsa65,0,14826,323,0,-provider_default
150ms_1pct-759,2026-09-24T23:16:22+05:45,150ms_1pct,measure,mldsa,P-256,1397.140,1,prime256v1,mldsa65,0,14826,323,1,-provider_default
150ms_1pct-760,2026-09-24T23:16:22+05:45,150ms_1pct,measure,ecdsa,X25519,591.833,1,X25519,ecdsa_secp256r1_sha256,0,1306,290,0,-provider_default
150ms_1pct-761,2026-09-24T23:16:23+05:45,150ms_1pct,measure,ecdsa,SecP256r1MLKEM768,601.223,1,SecP256r1MLKEM768,ecdsa_secp256r1_sha256,0,2428,1499,0,-provider_default
150ms_1pct-762,2026-09-24T23:16:24+05:45,150ms_1pct,measure,ecdsa,X25519MLKEM768,510.673,1,X25519MLKEM768,ecdsa_secp256r1_sha256,0,2381,1466,0,-provider_default
150ms_1pct-763,2026-09-24T23:16:24+05:45,150ms_1pct,measure,ecdsa,X25519MLKEM768,521.205,1,X25519MLKEM768,ecdsa_secp256r1_sha256,0,2380,1466,0,-provider_default
150ms_1pct-764,2026-09-24T23:16:25+05:45,150ms_1pct,measure,ecdsa,P-256,520.212,1,prime256v1,ecdsa_secp256r1_sha256,0,1339,323,0,-provider_default
150ms_1pct-765,2026-09-24T23:16:26+05:45,150ms_1pct,measure,ecdsa,P-256,516.757,1,prime256v1,ecdsa_secp256r1_sha256,0,1339,323,0,-provider_default
150ms_1pct-766,2026-09-24T23:16:26+05:45,150ms_1pct,measure,ecdsa,X25519,498.169,1,X25519,ecdsa_secp256r1_sha256,0,1305,290,0,-provider_default
150ms_1pct-767,2026-09-24T23:16:27+05:45,150ms_1pct,measure,mldsa,X25519,689.441,1,X25519,mldsa65,0,14793,290,0,-provider_default
150ms_1pct-768,2026-09-24T23:16:28+05:45,150ms_1pct,measure,mldsa,SecP256r1MLKEM768,996.808,1,SecP256r1MLKEM768,mldsa65,0,15914,1499,1,-provider_default
150ms_1pct-769,2026-09-24T23:16:29+05:45,150ms_1pct,measure,ecdsa,X25519MLKEM768,571.678,1,X25519MLKEM768,ecdsa_secp256r1_sha256,0,2380,1466,0,-provider_default
150ms_1pct-770,2026-09-24T23:16:30+05:45,150ms_1pct,measure,mldsa,P-256,710.086,1,prime256v1,mldsa65,0,14826,323,0,-provider_default
150ms_1pct-771,2026-09-24T23:16:31+05:45,150ms_1pct,measure,ecdsa,X25519,1551.831,1,X25519,ecdsa_secp256r1_sha256,0,1305,290,1,-provider_default
150ms_1pct-772,2026-09-24T23:16:32+05:45,150ms_1pct,measure,ecdsa,X25519,592.653,1,X25519,ecdsa_secp256r1_sha256,0,1306,290,0,-provider_default
150ms_1pct-773,2026-09-24T23:16:33+05:45,150ms_1pct,measure,mldsa,X25519,879.713,1,X25519,mldsa65,0,14793,290,1,-provider_default
150ms_1pct-774,2026-09-24T23:16:34+05:45,150ms_1pct,measure,ecdsa,P-256,546.677,1,prime256v1,ecdsa_secp256r1_sha256,0,1338,323,0,-provider_default
150ms_1pct-775,2026-09-24T23:16:35+05:45,150ms_1pct,measure,mldsa,P-256,1772.946,1,prime256v1,mldsa65,0,14826,323,1,-provider_default
150ms_1pct-776,2026-09-24T23:16:36+05:45,150ms_1pct,measure,ecdsa,X25519MLKEM768,565.820,1,X25519MLKEM768,ecdsa_secp256r1_sha256,0,2380,1466,0,-provider_default
150ms_1pct-777,2026-09-24T23:16:37+05:45,150ms_1pct,measure,ecdsa,X25519,569.930,1,X25519,ecdsa_secp256r1_sha256,0,1305,290,0,-provider_default
150ms_1pct-778,2026-09-24T23:16:38+05:45,150ms_1pct,measure,ecdsa,X25519MLKEM768,552.026,1,X25519MLKEM768,ecdsa_secp256r1_sha256,0,2379,1466,0,-provider_default
150ms_1pct-779,2026-09-24T23:16:38+05:45,150ms_1pct,measure,ecdsa,SecP256r1MLKEM768,524.336,1,SecP256r1MLKEM768,ecdsa_secp256r1_sha256,0,2427,1499,0,-provider_default
150ms_1pct-780,2026-09-24T23:16:39+05:45,150ms_1pct,measure,ecdsa,P-256,602.796,1,prime256v1,ecdsa_secp256r1_sha256,0,1340,323,0,-provider_default
150ms_1pct-781,2026-09-24T23:16:40+05:45,150ms_1pct,measure,mldsa,SecP256r1MLKEM768,795.360,1,SecP256r1MLKEM768,mldsa65,0,15914,1499,0,-provider_default
150ms_1pct-782,2026-09-24T23:16:41+05:45,150ms_1pct,measure,mldsa,P-256,991.041,1,prime256v1,mldsa65,0,14826,323,0,-provider_default
150ms_1pct-783,2026-09-24T23:16:42+05:45,150ms_1pct,measure,ecdsa,SecP256r1MLKEM768,571.552,1,SecP256r1MLKEM768,ecdsa_secp256r1_sha256,0,2427,1499,0,-provider_default
150ms_1pct-784,2026-09-24T23:16:42+05:45,150ms_1pct,measure,ecdsa,P-256,656.549,1,prime256v1,ecdsa_secp256r1_sha256,0,1339,323,0,-provider_default
150ms_1pct-785,2026-09-24T23:16:43+05:45,150ms_1pct,measure,mldsa,SecP256r1MLKEM768,701.632,1,SecP256r1MLKEM768,mldsa65,0,15914,1499,0,-provider_default
150ms_1pct-786,2026-09-24T23:16:44+05:45,150ms_1pct,measure,mldsa,SecP256r1MLKEM768,647.931,1,SecP256r1MLKEM768,mldsa65,0,15914,1499,0,-provider_default
150ms_1pct-787,2026-09-24T23:16:45+05:45,150ms_1pct,measure,mldsa,X25519,660.501,1,X25519,mldsa65,0,14793,290,0,-provider_default
150ms_1pct-788,2026-09-24T23:16:45+05:45,150ms_1pct,measure,ecdsa,SecP256r1MLKEM768,555.841,1,SecP256r1MLKEM768,ecdsa_secp256r1_sha256,0,2427,1499,0,-provider_default
150ms_1pct-789,2026-09-24T23:16:46+05:45,150ms_1pct,measure,mldsa,X25519MLKEM768,704.419,1,X25519MLKEM768,mldsa65,0,15867,1466,0,-provider_default
150ms_1pct-790,2026-09-24T23:16:47+05:45,150ms_1pct,measure,mldsa,P-256,725.664,1,prime256v1,mldsa65,0,14826,323,0,-provider_default
150ms_1pct-791,2026-09-24T23:16:48+05:45,150ms_1pct,measure,mldsa,P-256,1099.129,1,prime256v1,mldsa65,0,14826,323,0,-provider_default
150ms_1pct-792,2026-09-24T23:16:50+05:45,150ms_1pct,measure,mldsa,SecP256r1MLKEM768,1221.585,1,SecP256r1MLKEM768,mldsa65,0,15914,1499,0,-provider_default
150ms_1pct-793,2026-09-24T23:16:50+05:45,150ms_1pct,measure,ecdsa,X25519,538.372,1,X25519,ecdsa_secp256r1_sha256,0,1306,290,0,-provider_default
150ms_1pct-794,2026-09-24T23:16:51+05:45,150ms_1pct,measure,mldsa,X25519MLKEM768,946.145,1,X25519MLKEM768,mldsa65,0,15867,1466,1,-provider_default
150ms_1pct-795,2026-09-24T23:16:52+05:45,150ms_1pct,measure,ecdsa,X25519,561.890,1,X25519,ecdsa_secp256r1_sha256,0,1306,290,0,-provider_default
150ms_1pct-796,2026-09-24T23:16:53+05:45,150ms_1pct,measure,ecdsa,SecP256r1MLKEM768,527.238,1,SecP256r1MLKEM768,ecdsa_secp256r1_sha256,0,2426,1499,0,-provider_default
150ms_1pct-797,2026-09-24T23:16:54+05:45,150ms_1pct,measure,mldsa,P-256,797.899,1,prime256v1,mldsa65,0,14826,323,0,-provider_default
150ms_1pct-798,2026-09-24T23:16:54+05:45,150ms_1pct,measure,ecdsa,SecP256r1MLKEM768,505.115,1,SecP256r1MLKEM768,ecdsa_secp256r1_sha256,0,2426,1499,0,-provider_default
150ms_1pct-799,2026-09-24T23:16:55+05:45,150ms_1pct,measure,ecdsa,SecP256r1MLKEM768,585.512,1,SecP256r1MLKEM768,ecdsa_secp256r1_sha256,0,2426,1499,0,-provider_default
150ms_1pct-800,2026-09-24T23:16:56+05:45,150ms_1pct,measure,ecdsa,X25519MLKEM768,610.298,1,X25519MLKEM768,ecdsa_secp256r1_sha256,0,2379,1466,0,-provider_default
